"DATE","DOY","week","TREAT","REP","STATION","ABIPN","BURSI","C7","CMAC","CSTIG","CTRIF","CYCSP","H13","HAXY","HCONV","HGLAC","HPARN","HVAR","PQUA","CANTHARID","LAMPY","LCW","MECOP","X20SPOT","OTHER"
"6/1/2022",152,22,"1",1,1,0,0,0,0,0,0,0,0,0,0,0,0,0,0,0,0,0,0,0,0
"6/6/2022",157,23,"1",1,1,0,0,0,0,0,0,0,0,0,0,0,0,0,0,0,0,0,0,0,0
"6/27/2022",178,26,"1",1,1,0,0,7,1,0,0,0,0,0,0,0,0,0,0,0,0,0,0,0,0
"7/11/2022",192,28,"1",1,1,0,0,0,0,0,0,0,0,0,0,0,0,0,0,0,0,0,0,0,0
"6/1/2022",152,22,"1",1,2,0,0,0,0,0,0,0,0,0,0,0,0,0,0,0,0,0,0,0,0
"6/6/2022",157,23,"1",1,2,0,0,0,0,0,0,0,0,0,0,0,0,0,0,0,0,0,0,0,0
"6/27/2022",178,26,"1",1,2,0,0,7,0,0,0,0,0,1,0,0,0,1,0,0,0,1,0,0,0
"7/11/2022",192,28,"1",1,2,0,0,0,0,0,0,0,0,0,0,0,0,0,0,0,1,0,0,0,0
"6/1/2022",152,22,"1",1,3,0,0,0,0,0,0,0,0,0,0,0,0,0,0,1,0,0,0,0,0
"6/6/2022",157,23,"1",1,3,0,0,0,0,0,0,0,0,0,0,0,0,0,0,0,0,0,0,0,0
"6/27/2022",178,26,"1",1,3,0,0,4,0,0,0,0,0,0,0,0,0,0,0,0,0,1,0,0,0
"7/11/2022",192,28,"1",1,3,0,0,4,0,0,0,0,0,0,0,0,0,0,0,0,0,0,0,0,0
"6/1/2022",152,22,"1",1,4,0,0,0,0,0,0,0,0,0,0,0,0,0,0,0,0,0,0,0,0
"6/6/2022",157,23,"1",1,4,0,0,0,0,0,0,0,0,0,0,0,0,0,0,0,0,0,0,0,0
"6/27/2022",178,26,"1",1,4,0,0,4,0,0,0,0,0,0,0,0,0,1,0,0,0,0,0,0,0
"7/11/2022",192,28,"1",1,4,0,0,1,0,0,0,0,0,0,0,0,0,0,0,0,1,0,0,0,0
"6/1/2022",152,22,"1",1,5,0,0,0,1,0,0,0,0,0,0,0,0,0,0,0,0,1,0,0,0
"6/6/2022",157,23,"1",1,5,0,0,0,0,0,0,0,0,1,0,0,0,0,0,0,0,0,0,0,0
"6/27/2022",178,26,"1",1,5,0,0,6,0,0,0,0,0,0,0,0,0,0,0,0,0,0,0,0,0
"7/11/2022",192,28,"1",1,5,0,0,1,0,0,0,0,0,3,0,0,0,0,0,0,2,0,0,0,0
"5/31/2022",151,22,"1",2,1,0,0,0,0,0,0,0,0,0,0,0,0,0,0,0,0,0,0,0,0
"6/6/2022",157,23,"1",2,1,0,0,0,0,0,0,0,0,0,0,0,0,0,0,0,0,0,0,0,0
"6/27/2022",178,26,"1",2,1,0,0,9,1,0,0,1,0,1,0,0,0,0,0,0,0,0,0,0,0
"7/11/2022",192,28,"1",2,1,0,0,1,0,0,0,0,0,0,0,0,0,0,0,0,1,0,0,0,0
"5/31/2022",151,22,"1",2,2,0,0,0,0,0,0,0,0,1,0,0,0,0,0,1,0,0,0,0,0
"6/6/2022",157,23,"1",2,2,0,0,0,0,0,0,0,0,0,0,0,0,0,0,0,0,0,0,0,0
"6/27/2022",178,26,"1",2,2,0,0,2,0,0,0,0,0,0,0,0,0,0,0,0,0,0,0,0,0
"7/11/2022",192,28,"1",2,2,0,0,1,0,0,0,0,0,0,0,0,1,0,0,0,0,0,0,0,0
"5/31/2022",151,22,"1",2,3,0,0,0,0,0,0,0,0,0,0,0,0,0,0,0,0,0,0,0,0
"6/6/2022",157,23,"1",2,3,0,0,0,0,0,0,0,0,0,0,0,0,0,0,0,0,0,0,0,0
"6/27/2022",178,26,"1",2,3,0,0,7,0,0,0,0,0,0,0,0,0,1,0,0,0,0,0,0,0
"7/11/2022",192,28,"1",2,3,0,0,1,0,0,0,1,0,0,0,0,0,0,0,0,0,1,0,0,0
"5/31/2022",151,22,"1",2,4,0,0,0,0,0,0,0,0,0,0,0,0,0,0,0,0,0,0,0,0
"6/6/2022",157,23,"1",2,4,0,0,0,0,0,0,0,0,1,0,0,0,0,0,0,0,0,0,0,0
"6/27/2022",178,26,"1",2,4,0,0,6,0,0,0,0,0,0,0,0,0,0,0,0,0,1,0,0,0
"7/11/2022",192,28,"1",2,4,0,0,1,0,0,0,0,0,2,0,0,0,0,0,0,1,0,0,0,0
"5/31/2022",151,22,"1",2,5,0,0,0,0,0,0,0,0,1,0,0,0,0,0,0,0,0,0,0,0
"6/6/2022",157,23,"1",2,5,0,0,0,0,0,0,0,0,1,0,0,0,0,0,0,0,0,0,0,0
"6/27/2022",178,26,"1",2,5,0,0,6,0,0,0,0,0,1,0,0,0,0,0,0,0,1,0,0,0
"7/11/2022",192,28,"1",2,5,0,0,2,0,0,0,0,0,0,0,0,0,0,0,0,1,0,0,0,0
"5/31/2022",151,22,"1",3,1,0,0,0,0,0,0,0,0,1,0,0,0,0,0,0,0,0,0,0,0
"6/6/2022",157,23,"1",3,1,0,0,0,0,0,0,0,0,0,0,0,0,0,0,0,0,0,0,0,0
"6/27/2022",178,26,"1",3,1,0,0,5,0,0,0,0,0,3,0,0,0,0,0,0,0,1,0,0,0
"7/11/2022",192,28,"1",3,1,0,0,2,0,0,0,0,0,0,0,0,0,0,0,0,2,0,0,0,0
"5/31/2022",151,22,"1",3,2,0,0,0,0,0,0,0,0,0,0,0,0,0,0,0,0,0,0,0,0
"6/6/2022",157,23,"1",3,2,0,0,0,0,0,0,0,0,1,0,0,0,0,0,0,0,0,0,0,0
"6/27/2022",178,26,"1",3,2,0,0,3,0,0,0,0,0,1,0,0,0,0,1,0,0,0,0,0,0
"7/11/2022",192,28,"1",3,2,0,0,1,0,0,0,0,0,0,0,0,0,0,0,0,0,0,0,0,0
"5/31/2022",151,22,"1",3,3,0,0,0,0,0,0,0,0,0,0,0,0,0,0,0,0,0,0,0,0
"6/6/2022",157,23,"1",3,3,0,0,0,0,0,0,0,0,0,0,0,0,0,0,0,0,0,0,0,0
"6/27/2022",178,26,"1",3,3,0,0,1,5,0,0,0,0,1,0,0,0,0,0,0,0,0,0,0,0
"7/11/2022",192,28,"1",3,3,0,0,0,0,0,0,0,0,0,0,0,0,0,0,0,1,1,0,0,0
"5/31/2022",151,22,"1",3,4,0,0,1,1,0,0,0,0,0,0,0,0,0,0,0,0,0,0,0,0
"6/6/2022",157,23,"1",3,4,0,0,0,0,0,0,0,0,0,0,0,0,0,0,0,0,0,0,0,0
"6/27/2022",178,26,"1",3,4,0,0,3,0,0,0,0,0,0,0,0,0,1,0,0,0,0,0,0,0
"7/11/2022",192,28,"1",3,4,0,0,0,1,0,0,0,0,1,0,0,0,0,0,0,1,0,0,0,0
"5/31/2022",151,22,"1",3,5,0,0,0,0,0,0,0,0,0,0,0,0,0,0,0,0,1,0,0,0
"6/6/2022",157,23,"1",3,5,0,0,0,0,0,0,0,0,0,0,0,0,0,0,0,0,0,0,0,0
"6/27/2022",178,26,"1",3,5,0,0,0,0,0,0,0,0,1,0,0,0,0,0,0,0,0,0,0,0
"7/11/2022",192,28,"1",3,5,0,0,1,0,0,0,0,0,1,0,0,0,0,0,0,2,0,0,0,0
"6/1/2022",152,22,"1",4,1,0,0,0,0,0,0,0,0,0,0,0,0,0,0,1,2,1,0,0,0
"6/6/2022",157,23,"1",4,1,0,0,0,0,0,0,0,0,1,0,0,0,0,0,0,0,0,0,0,0
"6/27/2022",178,26,"1",4,1,0,0,2,0,0,0,0,0,0,0,0,0,0,0,0,0,0,0,0,0
"7/11/2022",192,28,"1",4,1,0,0,0,0,0,0,0,0,0,0,0,0,0,0,0,0,0,0,0,0
"6/1/2022",152,22,"1",4,2,0,0,0,0,0,0,0,0,0,0,0,0,0,0,0,0,0,0,0,0
"6/6/2022",157,23,"1",4,2,0,0,0,0,0,0,0,0,1,0,0,0,0,0,0,0,0,0,0,0
"6/27/2022",178,26,"1",4,2,0,0,7,0,0,0,0,0,0,0,0,0,0,0,0,0,1,0,0,0
"7/11/2022",192,28,"1",4,2,0,0,1,0,0,0,0,0,0,0,0,0,0,0,0,3,0,0,0,0
"6/1/2022",152,22,"1",4,3,0,0,0,0,0,0,0,0,0,0,0,0,0,0,0,0,0,0,0,0
"6/6/2022",157,23,"1",4,3,0,0,1,0,0,0,0,0,1,0,0,0,0,0,0,0,0,0,0,0
"6/27/2022",178,26,"1",4,3,0,0,7,0,0,0,0,0,0,0,0,0,0,0,0,0,0,0,0,0
"7/11/2022",192,28,"1",4,3,0,0,0,0,0,0,0,0,0,0,0,0,0,0,0,2,0,0,0,0
"6/1/2022",152,22,"1",4,4,0,0,0,0,0,0,0,0,0,0,0,0,0,0,0,0,0,0,0,0
"6/6/2022",157,23,"1",4,4,0,0,0,0,0,0,0,0,1,0,0,0,0,0,0,0,1,0,0,0
"6/27/2022",178,26,"1",4,4,0,0,4,0,0,0,0,0,0,0,0,0,0,0,0,0,0,0,0,0
"7/11/2022",192,28,"1",4,4,0,0,2,0,0,0,0,0,0,0,0,0,0,0,0,0,0,0,0,0
"6/1/2022",152,22,"1",4,5,0,0,0,1,0,0,0,0,0,0,0,0,0,0,1,0,0,0,0,0
"6/6/2022",157,23,"1",4,5,0,0,0,0,0,0,0,0,0,0,0,0,0,0,0,0,0,0,0,0
"6/27/2022",178,26,"1",4,5,0,0,8,2,0,0,0,0,0,1,0,0,0,0,0,0,0,0,0,0
"7/11/2022",192,28,"1",4,5,0,0,2,0,0,0,0,0,0,0,0,0,0,0,0,0,0,0,0,0
"6/1/2022",152,22,"1",5,1,0,0,0,0,0,0,0,0,0,0,0,0,0,0,0,0,0,0,0,0
"6/6/2022",157,23,"1",5,1,0,0,0,0,0,0,0,0,0,0,0,0,0,0,0,0,1,0,0,0
"6/27/2022",178,26,"1",5,1,0,0,6,0,0,0,0,0,0,0,0,0,0,0,0,0,0,0,0,0
"7/11/2022",192,28,"1",5,1,0,0,1,0,0,0,0,0,1,0,0,0,0,0,0,1,0,0,0,0
"6/1/2022",152,22,"1",5,2,0,0,0,0,0,0,0,0,1,0,0,0,0,0,0,0,0,0,0,0
"6/6/2022",157,23,"1",5,2,0,0,0,0,0,0,0,0,0,0,0,0,0,0,0,0,0,0,0,0
"6/27/2022",178,26,"1",5,2,0,0,5,0,0,0,0,0,0,0,0,0,1,0,0,0,0,0,0,0
"7/11/2022",192,28,"1",5,2,0,0,0,0,0,0,0,0,0,0,0,0,0,0,0,0,0,0,0,0
"6/1/2022",152,22,"1",5,3,0,0,0,0,0,0,0,0,0,0,0,0,0,0,0,0,0,0,0,0
"6/6/2022",157,23,"1",5,3,0,0,0,0,0,0,0,0,0,0,0,0,0,0,0,0,0,0,0,0
"6/27/2022",178,26,"1",5,3,0,0,2,0,0,0,0,0,0,0,0,0,0,0,0,0,0,0,0,0
"7/11/2022",192,28,"1",5,3,0,0,2,0,0,0,0,0,0,0,0,0,0,0,0,0,0,0,0,0
"6/1/2022",152,22,"1",5,4,0,0,0,0,0,0,0,0,0,0,0,0,0,0,0,0,0,0,0,0
"6/6/2022",157,23,"1",5,4,0,0,0,0,0,0,0,0,0,0,0,0,0,0,0,0,0,0,0,0
"6/27/2022",178,26,"1",5,4,0,0,11,0,0,0,0,0,0,1,0,0,0,0,0,0,0,0,0,0
"7/11/2022",192,28,"1",5,4,0,0,0,0,0,0,0,0,1,0,0,0,0,0,0,0,0,0,0,0
"6/1/2022",152,22,"1",5,5,0,0,0,0,0,0,0,0,0,0,0,0,0,0,0,0,0,0,0,0
"6/6/2022",157,23,"1",5,5,0,0,0,0,0,0,0,0,0,0,0,0,0,0,0,0,0,0,0,0
"6/27/2022",178,26,"1",5,5,0,0,11,0,0,0,0,0,1,0,0,0,0,0,0,0,0,0,0,0
"7/11/2022",192,28,"1",5,5,0,0,0,0,0,0,0,0,0,0,0,0,0,0,0,0,0,0,0,0
"6/1/2022",152,22,"1",6,1,0,0,0,1,0,0,0,0,1,0,0,0,0,0,0,0,0,0,0,0
"6/6/2022",157,23,"1",6,1,0,0,0,0,0,0,0,0,0,0,0,0,0,0,0,0,0,0,0,0
"6/27/2022",178,26,"1",6,1,0,0,1,0,0,0,0,0,0,0,0,0,0,0,1,0,0,0,0,0
"7/11/2022",192,28,"1",6,1,0,0,0,0,0,0,0,0,0,0,0,0,0,0,0,0,0,0,0,0
"6/1/2022",152,22,"1",6,2,0,0,0,1,0,0,0,0,0,0,0,0,0,0,0,0,0,0,0,0
"6/6/2022",157,23,"1",6,2,0,0,0,0,0,0,0,0,0,0,0,0,0,0,0,0,1,0,0,0
"6/27/2022",178,26,"1",6,2,0,0,3,0,0,0,0,0,0,0,0,0,0,0,0,0,0,0,0,0
"7/11/2022",192,28,"1",6,2,0,0,3,1,0,0,0,0,0,0,0,0,0,0,0,0,0,0,0,0
"6/1/2022",152,22,"1",6,3,0,0,0,0,0,0,0,0,1,0,0,0,0,0,0,0,0,0,0,0
"6/6/2022",157,23,"1",6,3,0,0,0,0,0,0,0,0,0,0,0,0,0,0,0,0,0,0,0,0
"6/27/2022",178,26,"1",6,3,0,0,7,0,0,0,0,0,0,0,0,0,0,0,0,0,0,0,0,0
"7/11/2022",192,28,"1",6,3,0,0,0,0,0,0,0,0,0,0,0,0,0,0,0,1,0,0,0,0
"6/1/2022",152,22,"1",6,4,0,0,0,0,0,0,0,0,1,0,0,0,0,0,0,0,0,0,0,0
"6/6/2022",157,23,"1",6,4,0,0,0,0,0,0,0,0,0,0,0,0,0,0,0,0,1,0,0,0
"6/27/2022",178,26,"1",6,4,0,0,2,0,0,0,0,0,0,1,0,0,0,0,0,0,1,0,0,0
"7/11/2022",192,28,"1",6,4,0,0,2,0,0,0,0,0,0,0,0,0,0,0,0,0,0,0,0,0
"6/1/2022",152,22,"1",6,5,0,0,0,0,0,0,0,0,0,0,0,0,0,0,0,0,0,0,0,0
"6/6/2022",157,23,"1",6,5,0,0,0,0,0,0,0,0,2,0,0,0,0,0,0,0,0,0,0,0
"6/27/2022",178,26,"1",6,5,0,0,2,0,0,0,0,0,1,0,0,0,0,0,0,0,0,0,0,0
"7/11/2022",192,28,"1",6,5,0,0,0,1,0,0,0,0,0,0,0,0,0,0,0,0,0,0,0,0
"5/31/2022",151,22,"2",1,1,0,0,1,0,0,0,0,0,0,0,0,0,0,0,1,0,0,0,0,0
"6/6/2022",157,23,"2",1,1,0,0,0,0,0,0,0,0,0,0,0,0,0,0,0,0,0,0,0,0
"6/27/2022",178,26,"2",1,1,0,0,3,0,0,0,0,0,0,0,0,0,0,0,0,0,0,0,0,0
"7/11/2022",192,28,"2",1,1,0,0,1,0,0,0,0,0,0,0,0,0,0,0,0,3,0,0,0,0
"5/31/2022",151,22,"2",1,2,0,0,0,0,0,0,0,0,0,0,0,0,0,0,1,0,0,0,0,0
"6/6/2022",157,23,"2",1,2,0,0,0,0,0,0,0,0,0,0,0,0,0,0,0,0,0,0,0,0
"6/27/2022",178,26,"2",1,2,0,0,3,0,0,0,0,0,0,0,0,0,0,0,0,0,0,0,0,0
"7/11/2022",192,28,"2",1,2,0,0,2,0,0,0,0,0,0,0,0,1,0,0,0,1,1,0,0,0
"5/31/2022",151,22,"2",1,3,0,0,0,0,0,0,0,0,1,0,0,0,0,0,0,0,0,0,0,0
"6/6/2022",157,23,"2",1,3,0,0,0,0,0,0,0,0,0,0,0,0,0,0,0,0,1,0,0,0
"6/27/2022",178,26,"2",1,3,0,0,9,0,0,0,0,0,0,0,0,0,0,0,0,0,0,0,0,0
"7/11/2022",192,28,"2",1,3,0,0,1,0,0,0,0,0,0,0,0,0,0,0,0,1,0,0,0,0
"5/31/2022",151,22,"2",1,4,0,0,0,0,0,0,0,0,1,0,0,0,0,0,1,0,1,0,0,0
"6/6/2022",157,23,"2",1,4,0,0,0,0,0,0,0,1,0,0,0,0,0,0,0,0,0,0,0,0
"6/27/2022",178,26,"2",1,4,0,1,8,0,0,0,0,0,0,0,0,0,0,0,0,0,0,0,0,0
"7/11/2022",192,28,"2",1,4,0,0,1,0,0,0,0,0,0,0,0,0,0,0,0,0,0,0,0,0
"5/31/2022",151,22,"2",1,5,0,0,0,0,0,0,0,0,0,0,0,0,0,0,0,0,0,0,0,0
"6/6/2022",157,23,"2",1,5,0,0,0,0,0,0,0,0,0,0,0,0,0,0,0,0,0,0,0,0
"6/27/2022",178,26,"2",1,5,0,0,4,2,0,0,0,0,0,0,0,0,0,0,0,0,0,0,0,0
"7/11/2022",192,28,"2",1,5,0,0,1,0,0,0,0,0,0,0,0,0,0,0,0,2,1,0,0,0
"5/31/2022",151,22,"2",2,1,0,0,0,0,0,0,0,0,0,0,0,0,0,0,0,0,0,0,0,0
"6/6/2022",157,23,"2",2,1,0,0,0,0,0,0,0,1,0,0,0,0,0,0,0,0,0,0,0,0
"6/27/2022",178,26,"2",2,1,0,0,3,0,0,0,0,0,0,0,0,0,0,0,0,0,0,0,0,0
"7/11/2022",192,28,"2",2,1,0,0,1,2,0,0,0,0,0,0,0,0,0,0,0,0,0,0,0,0
"5/31/2022",151,22,"2",2,2,0,0,0,0,0,0,0,0,1,0,0,0,0,0,0,0,0,0,0,0
"6/6/2022",157,23,"2",2,2,0,0,0,0,0,0,0,0,0,0,0,0,0,0,0,0,0,0,0,0
"6/27/2022",178,26,"2",2,2,0,1,5,1,0,0,0,0,0,0,0,0,1,0,0,0,0,0,0,0
"7/11/2022",192,28,"2",2,2,0,0,1,0,0,0,0,0,1,0,0,0,0,0,0,1,0,0,0,0
"5/31/2022",151,22,"2",2,3,0,0,0,0,0,0,0,0,0,0,0,0,0,0,0,0,0,0,0,0
"6/6/2022",157,23,"2",2,3,0,0,0,0,0,0,0,1,0,0,0,0,0,0,0,0,0,0,0,0
"6/27/2022",178,26,"2",2,3,0,0,6,0,0,0,0,0,1,0,0,0,0,0,0,0,0,0,0,0
"7/11/2022",192,28,"2",2,3,0,0,1,0,0,0,0,0,0,0,0,0,0,0,0,2,0,0,0,0
"5/31/2022",151,22,"2",2,4,0,0,0,0,0,0,0,1,1,0,0,0,0,0,0,0,0,0,0,0
"6/6/2022",157,23,"2",2,4,0,0,0,0,0,0,0,0,0,0,0,0,0,0,0,0,0,0,0,0
"6/27/2022",178,26,"2",2,4,0,0,7,0,0,0,0,0,0,1,0,0,0,0,0,0,1,0,0,0
"7/11/2022",192,28,"2",2,4,0,0,0,0,0,0,0,0,0,0,0,0,0,0,0,2,0,0,0,0
"5/31/2022",151,22,"2",2,5,0,0,0,0,0,0,0,0,0,0,0,0,0,0,0,0,0,0,0,0
"6/6/2022",157,23,"2",2,5,0,0,0,0,0,0,0,0,0,0,0,0,0,0,0,0,1,0,0,0
"6/27/2022",178,26,"2",2,5,0,0,5,0,0,0,0,0,0,0,0,0,0,0,0,0,1,0,0,0
"7/11/2022",192,28,"2",2,5,0,0,1,0,0,0,0,0,0,0,0,0,0,0,0,1,0,0,0,0
"5/31/2022",151,22,"2",3,1,0,0,0,0,0,0,0,0,0,0,0,0,0,0,0,0,0,0,0,0
"6/6/2022",157,23,"2",3,1,0,0,0,0,0,0,0,0,1,0,0,0,0,0,0,0,0,0,0,0
"6/27/2022",178,26,"2",3,1,0,0,1,0,0,0,0,0,0,0,0,0,0,0,0,0,0,0,0,0
"7/11/2022",192,28,"2",3,1,0,0,0,0,0,0,0,0,0,0,0,0,0,0,0,1,0,0,0,0
"5/31/2022",151,22,"2",3,2,0,0,0,1,0,0,0,0,0,0,0,0,0,0,0,0,0,0,0,0
"6/6/2022",157,23,"2",3,2,0,0,0,0,0,0,0,0,0,0,0,0,0,0,0,0,0,0,0,0
"6/27/2022",178,26,"2",3,2,0,0,0,0,0,0,0,0,0,1,0,0,0,0,0,0,1,0,0,0
"7/11/2022",192,28,"2",3,2,0,0,0,0,0,0,0,0,1,0,0,0,0,0,0,0,0,0,0,0
"5/31/2022",151,22,"2",3,3,0,0,0,0,0,0,0,0,0,0,0,0,0,0,0,0,0,0,0,0
"6/6/2022",157,23,"2",3,3,0,0,0,1,0,0,0,0,0,0,0,0,0,0,0,0,0,0,0,0
"6/27/2022",178,26,"2",3,3,0,0,3,0,0,0,0,0,0,1,0,0,0,0,0,0,1,0,0,0
"7/11/2022",192,28,"2",3,3,0,0,4,0,0,0,0,0,0,0,0,0,0,0,0,1,1,0,0,0
"5/31/2022",151,22,"2",3,4,0,0,0,0,0,0,0,0,0,0,0,0,0,0,0,0,0,0,0,0
"6/6/2022",157,23,"2",3,4,0,0,0,0,0,0,0,0,0,0,0,0,0,0,0,0,0,0,0,0
"6/27/2022",178,26,"2",3,4,0,0,6,0,0,0,0,0,0,0,0,0,0,0,0,0,0,0,0,0
"7/11/2022",192,28,"2",3,4,0,0,0,1,0,0,0,0,0,0,0,0,0,0,0,1,0,0,0,0
"5/31/2022",151,22,"2",3,5,0,0,0,0,0,0,0,0,1,0,0,0,0,0,0,0,0,0,0,0
"6/6/2022",157,23,"2",3,5,0,0,0,0,0,0,1,0,0,0,0,0,0,0,0,0,0,0,0,0
"6/27/2022",178,26,"2",3,5,0,0,5,1,0,0,0,0,0,0,0,0,0,0,0,0,1,0,0,0
"7/11/2022",192,28,"2",3,5,0,0,1,0,0,0,0,0,1,0,0,0,0,0,0,3,0,0,0,0
"5/31/2022",151,22,"2",4,1,0,0,0,0,0,0,0,0,0,0,0,0,0,0,0,0,0,0,0,0
"6/6/2022",157,23,"2",4,1,0,0,0,0,0,0,0,0,1,0,0,0,0,0,0,0,1,0,0,0
"6/27/2022",178,26,"2",4,1,0,0,9,1,0,0,1,0,0,0,0,0,0,0,0,0,0,0,0,0
"7/11/2022",192,28,"2",4,1,0,0,1,0,0,0,0,0,0,0,0,0,0,0,0,2,0,0,0,0
"5/31/2022",151,22,"2",4,2,0,0,0,1,0,0,0,0,0,0,0,0,0,0,0,1,0,0,0,0
"6/6/2022",157,23,"2",4,2,0,0,0,1,0,0,0,0,0,0,0,0,0,0,0,0,0,0,0,0
"6/27/2022",178,26,"2",4,2,0,0,3,0,0,0,0,0,1,0,0,0,0,0,0,0,0,0,0,0
"7/11/2022",192,28,"2",4,2,0,0,0,0,0,0,0,0,1,0,0,0,0,0,0,4,0,0,0,0
"5/31/2022",151,22,"2",4,3,0,0,0,0,0,0,0,0,0,0,0,0,0,0,0,0,0,0,0,0
"6/6/2022",157,23,"2",4,3,0,0,0,1,0,0,0,0,1,0,0,0,1,0,0,0,2,0,0,0
"6/27/2022",178,26,"2",4,3,0,0,8,0,0,0,0,0,0,0,0,0,0,0,0,0,0,0,0,0
"7/11/2022",192,28,"2",4,3,0,0,2,0,0,0,0,0,0,0,0,0,0,0,0,1,0,0,0,0
"5/31/2022",151,22,"2",4,4,0,0,0,0,0,0,0,0,0,0,0,0,0,0,0,0,0,0,0,0
"6/6/2022",157,23,"2",4,4,0,0,0,0,0,0,0,0,0,0,0,0,0,0,0,0,0,0,0,0
"6/27/2022",178,26,"2",4,4,0,0,6,0,0,0,0,0,0,0,0,0,0,0,1,0,0,0,0,0
"7/11/2022",192,28,"2",4,4,0,0,0,0,0,0,0,0,1,0,0,0,0,0,0,3,0,0,0,0
"5/31/2022",151,22,"2",4,5,0,0,0,0,0,0,0,0,0,0,0,0,0,0,0,0,0,0,0,0
"6/6/2022",157,23,"2",4,5,0,0,0,0,0,0,0,0,0,0,0,0,0,0,0,0,0,0,0,0
"6/27/2022",178,26,"2",4,5,0,0,6,0,0,0,0,0,0,0,0,0,0,0,0,0,0,0,0,0
"7/11/2022",192,28,"2",4,5,0,0,1,0,0,0,0,0,0,0,0,0,0,0,0,4,0,0,0,0
"5/31/2022",151,22,"2",5,1,0,0,0,0,0,0,0,0,1,0,0,0,0,0,0,0,0,0,0,0
"6/6/2022",157,23,"2",5,1,0,0,0,0,0,0,0,0,0,0,0,0,0,0,0,0,0,0,0,0
"6/27/2022",178,26,"2",5,1,0,0,8,0,0,0,0,0,0,0,0,0,0,0,0,0,0,0,0,0
"7/11/2022",192,28,"2",5,1,0,0,1,0,0,0,0,0,0,0,0,0,0,0,0,1,0,0,0,0
"5/31/2022",151,22,"2",5,2,0,0,0,0,0,0,0,0,0,0,0,0,0,0,0,0,0,0,0,0
"6/6/2022",157,23,"2",5,2,0,0,0,0,0,0,0,0,1,0,0,0,0,0,0,0,0,0,0,0
"6/27/2022",178,26,"2",5,2,0,0,3,1,0,0,0,0,0,0,0,0,0,0,0,0,0,0,0,0
"7/11/2022",192,28,"2",5,2,0,0,6,0,0,0,0,0,0,0,0,0,0,0,0,2,0,0,0,0
"5/31/2022",151,22,"2",5,3,0,0,0,0,0,0,0,0,1,0,0,0,0,0,0,0,0,0,0,0
"6/6/2022",157,23,"2",5,3,0,0,0,0,0,0,0,0,0,0,0,0,0,0,0,0,0,0,0,0
"6/27/2022",178,26,"2",5,3,0,0,6,0,0,0,0,0,0,0,0,0,0,0,0,0,0,0,0,0
"7/11/2022",192,28,"2",5,3,0,0,1,0,0,0,0,0,1,0,0,0,0,0,0,0,0,0,0,0
"5/31/2022",151,22,"2",5,4,0,0,0,0,0,0,0,0,1,0,0,0,0,0,0,0,0,0,0,0
"6/6/2022",157,23,"2",5,4,0,0,0,1,0,0,0,0,1,0,0,0,0,0,0,0,0,0,0,0
"6/27/2022",178,26,"2",5,4,0,0,1,0,0,0,0,0,0,0,0,0,0,0,0,0,0,0,0,0
"7/11/2022",192,28,"2",5,4,0,0,0,0,0,0,0,0,0,0,0,0,0,0,1,0,0,0,0,0
"5/31/2022",151,22,"2",5,5,0,0,0,0,0,0,0,0,0,0,0,0,0,0,0,0,0,0,0,0
"6/6/2022",157,23,"2",5,5,0,0,0,0,0,0,0,0,0,0,0,0,0,0,0,0,0,0,0,0
"6/27/2022",178,26,"2",5,5,0,0,4,0,0,0,0,0,1,0,0,0,0,1,0,0,0,0,0,0
"7/11/2022",192,28,"2",5,5,0,0,1,0,0,0,0,0,0,0,0,0,0,0,0,1,0,0,0,0
"5/31/2022",151,22,"2",6,1,0,0,1,0,0,0,0,0,0,0,0,0,0,0,0,0,0,0,0,0
"6/6/2022",157,23,"2",6,1,0,0,0,0,0,0,0,0,0,0,0,0,0,0,0,0,0,0,0,0
"6/27/2022",178,26,"2",6,1,0,0,5,0,0,0,0,0,0,0,0,0,0,0,0,0,0,0,0,0
"7/11/2022",192,28,"2",6,1,0,0,0,0,0,0,0,0,0,0,0,0,0,0,0,0,0,0,0,0
"5/31/2022",151,22,"2",6,2,0,0,0,0,0,0,0,0,0,0,0,0,0,0,0,0,0,0,0,0
"6/6/2022",157,23,"2",6,2,0,0,0,0,0,0,0,0,0,0,0,0,0,0,0,0,0,0,0,0
"6/27/2022",178,26,"2",6,2,0,0,0,0,0,0,1,0,0,0,0,0,0,0,0,0,0,0,0,0
"7/11/2022",192,28,"2",6,2,0,0,1,0,0,0,0,0,0,0,0,0,0,0,0,2,0,0,0,0
"5/31/2022",151,22,"2",6,3,0,0,0,0,0,0,0,0,0,0,0,0,0,0,0,0,0,0,0,0
"6/6/2022",157,23,"2",6,3,0,0,0,0,0,0,0,0,0,0,0,0,0,0,0,0,0,0,0,0
"6/27/2022",178,26,"2",6,3,0,0,2,1,0,0,0,0,0,0,0,0,0,0,0,0,0,0,0,0
"7/11/2022",192,28,"2",6,3,0,0,1,0,0,0,0,0,0,0,0,0,0,0,0,0,0,0,0,0
"5/31/2022",151,22,"2",6,4,0,0,0,0,0,0,0,0,1,0,0,0,0,0,0,0,0,0,0,0
"6/6/2022",157,23,"2",6,4,0,0,0,0,0,0,0,0,0,0,0,0,0,0,0,0,0,0,0,0
"6/27/2022",178,26,"2",6,4,0,0,2,0,0,0,0,0,0,0,0,0,1,0,0,0,1,0,0,0
"7/11/2022",192,28,"2",6,4,0,0,0,0,0,0,0,0,0,0,0,0,0,0,0,0,0,0,0,0
"5/31/2022",151,22,"2",6,5,0,0,0,0,0,0,0,0,0,0,0,0,0,0,0,0,0,0,0,0
"6/6/2022",157,23,"2",6,5,0,0,0,0,0,0,0,0,0,0,0,0,0,0,0,0,0,0,0,0
"6/27/2022",178,26,"2",6,5,0,0,4,0,0,0,0,0,0,0,0,0,0,0,0,0,0,0,0,0
"7/11/2022",192,28,"2",6,5,0,0,2,1,0,0,0,0,0,0,0,0,0,0,0,1,0,0,0,0
"5/31/2022",151,22,"3",1,1,0,0,0,0,0,0,0,0,0,0,0,0,0,0,0,0,0,0,0,0
"6/13/2022",164,24,"3",1,1,0,0,2,0,0,0,0,0,0,0,0,0,0,0,0,0,0,0,0,0
"6/27/2022",178,26,"3",1,1,0,0,6,0,0,0,1,0,1,0,0,0,1,0,0,0,0,0,0,0
"7/11/2022",192,28,"3",1,1,0,0,2,0,0,0,0,0,0,0,0,0,0,0,0,0,0,0,0,0
"5/31/2022",151,22,"3",1,2,0,0,0,0,0,0,0,0,0,0,0,0,0,0,0,0,0,0,0,0
"6/13/2022",164,24,"3",1,2,0,0,2,0,0,0,0,0,0,0,0,0,0,0,0,0,0,0,0,0
"6/27/2022",178,26,"3",1,2,0,0,2,0,0,0,0,0,0,0,0,0,0,0,0,0,0,0,0,0
"7/11/2022",192,28,"3",1,2,0,0,2,0,0,0,0,0,0,0,0,0,0,0,0,0,0,0,0,0
"5/31/2022",151,22,"3",1,3,0,0,0,0,0,0,0,0,0,0,0,0,0,0,0,0,0,0,0,0
"6/13/2022",164,24,"3",1,3,0,0,1,0,0,0,0,0,0,0,0,0,0,0,0,0,0,0,0,0
"6/27/2022",178,26,"3",1,3,0,0,0,1,0,0,0,0,0,0,0,0,0,0,0,0,0,0,0,0
"7/11/2022",192,28,"3",1,3,0,0,1,0,0,0,0,0,0,0,0,0,0,0,0,0,0,0,0,0
"5/31/2022",151,22,"3",1,4,0,0,0,0,0,0,0,0,0,0,0,0,0,0,0,0,0,0,0,0
"6/13/2022",164,24,"3",1,4,0,0,3,0,0,0,0,0,0,0,0,0,0,0,0,0,1,0,0,0
"6/27/2022",178,26,"3",1,4,0,0,1,0,0,0,0,0,0,0,0,0,0,0,0,0,0,0,0,0
"7/11/2022",192,28,"3",1,4,0,0,1,0,0,0,0,0,0,0,0,0,0,0,0,1,0,0,0,0
"5/31/2022",151,22,"3",1,5,0,0,0,0,0,0,0,0,0,0,0,0,0,0,1,0,0,0,0,0
"6/13/2022",164,24,"3",1,5,0,0,1,0,0,0,0,0,0,0,0,0,0,0,0,0,0,0,0,0
"6/27/2022",178,26,"3",1,5,0,0,13,1,0,0,0,0,0,0,0,0,0,0,0,0,0,0,0,0
"7/11/2022",192,28,"3",1,5,0,1,1,0,0,0,0,0,0,0,0,0,0,0,0,0,1,0,0,0
"5/31/2022",151,22,"3",2,1,0,0,1,0,0,0,0,0,1,0,0,0,0,0,0,0,0,0,0,0
"6/13/2022",164,24,"3",2,1,0,0,0,0,0,0,0,0,0,0,0,0,0,0,0,0,0,0,0,0
"6/27/2022",178,26,"3",2,1,0,0,7,0,0,0,0,0,1,0,0,0,0,0,0,0,0,0,0,0
"7/11/2022",192,28,"3",2,1,0,0,1,0,0,0,0,0,0,0,0,0,0,0,0,2,0,0,0,0
"5/31/2022",151,22,"3",2,2,0,0,0,0,0,0,0,0,0,0,0,0,0,0,0,0,0,0,0,0
"6/13/2022",164,24,"3",2,2,0,0,1,0,0,0,0,0,1,0,0,0,0,1,0,0,0,0,0,0
"6/27/2022",178,26,"3",2,2,0,0,7,0,0,0,0,0,0,0,0,0,0,0,0,0,0,0,0,0
"7/11/2022",192,28,"3",2,2,0,0,0,0,0,0,0,0,0,0,0,0,0,0,0,1,0,0,0,0
"5/31/2022",151,22,"3",2,3,0,0,0,0,0,0,0,0,0,0,0,0,0,0,0,0,0,0,0,0
"6/13/2022",164,24,"3",2,3,0,0,1,0,0,0,0,1,1,0,0,0,0,0,0,0,1,0,0,0
"6/27/2022",178,26,"3",2,3,0,0,6,0,0,0,0,0,0,0,0,0,0,0,0,0,0,0,0,0
"7/11/2022",192,28,"3",2,3,0,0,1,3,0,0,0,0,0,0,0,0,0,0,0,1,2,0,0,0
"5/31/2022",151,22,"3",2,4,0,0,0,0,0,0,0,0,0,0,0,0,0,0,0,0,0,0,0,0
"6/13/2022",164,24,"3",2,4,0,0,2,0,0,0,0,1,0,0,0,0,1,0,0,0,0,0,0,0
"6/27/2022",178,26,"3",2,4,0,0,13,0,0,0,0,0,0,0,0,0,0,0,0,0,0,0,0,0
"7/11/2022",192,28,"3",2,4,0,0,1,0,0,0,0,0,0,0,0,0,0,0,0,1,0,0,0,0
"5/31/2022",151,22,"3",2,5,0,0,0,0,0,0,0,1,0,0,0,0,0,0,1,0,0,0,0,0
"6/13/2022",164,24,"3",2,5,0,0,0,0,0,0,0,1,1,0,0,0,0,0,0,0,0,0,0,0
"6/27/2022",178,26,"3",2,5,0,0,7,0,0,0,0,0,0,1,0,0,0,0,0,0,0,0,0,0
"7/11/2022",192,28,"3",2,5,0,0,2,0,0,0,0,0,0,0,0,0,0,0,0,1,0,0,0,0
"5/31/2022",151,22,"3",3,1,0,0,0,0,0,0,0,0,0,0,0,0,0,0,0,0,0,0,0,0
"6/13/2022",164,24,"3",3,1,0,0,0,0,0,0,0,0,0,0,0,0,0,0,0,0,0,0,0,0
"6/27/2022",178,26,"3",3,1,0,0,5,1,0,0,0,0,0,0,0,0,0,0,0,0,1,0,0,0
"7/11/2022",192,28,"3",3,1,0,0,2,0,0,0,0,0,0,0,0,0,0,1,0,1,0,0,0,0
"5/31/2022",151,22,"3",3,2,0,0,0,0,0,0,0,0,0,0,0,0,0,0,0,0,0,0,0,0
"6/13/2022",164,24,"3",3,2,0,0,0,0,0,0,0,0,0,0,0,0,0,0,0,0,0,0,0,0
"6/27/2022",178,26,"3",3,2,0,0,3,1,0,0,0,0,0,0,0,0,0,0,0,0,0,0,0,0
"7/11/2022",192,28,"3",3,2,0,0,2,0,0,0,0,0,0,0,0,0,0,0,0,1,0,0,0,0
"5/31/2022",151,22,"3",3,3,0,0,0,0,0,0,0,0,0,0,0,0,0,0,0,0,0,0,0,0
"6/13/2022",164,24,"3",3,3,0,0,2,0,0,0,0,0,0,0,0,0,0,0,0,0,0,0,0,0
"6/27/2022",178,26,"3",3,3,0,0,6,1,0,0,0,0,0,0,0,0,0,0,0,0,0,0,1,0
"7/11/2022",192,28,"3",3,3,0,0,2,1,0,0,0,0,0,0,0,0,0,0,0,3,1,0,0,0
"5/31/2022",151,22,"3",3,4,0,0,0,0,0,0,0,0,0,0,0,0,0,0,0,0,0,0,0,0
"6/13/2022",164,24,"3",3,4,0,0,2,0,0,0,0,0,0,0,0,0,0,0,0,0,0,0,0,0
"6/27/2022",178,26,"3",3,4,0,0,6,0,0,0,0,0,0,0,0,0,2,1,0,0,0,0,0,0
"7/11/2022",192,28,"3",3,4,0,0,1,0,0,0,0,0,0,0,0,0,0,0,1,1,0,0,0,0
"5/31/2022",151,22,"3",3,5,0,0,0,0,0,0,0,0,1,0,0,0,0,0,0,0,0,0,0,0
"6/13/2022",164,24,"3",3,5,0,0,1,0,0,0,0,0,0,0,0,0,0,0,0,0,0,0,0,0
"6/27/2022",178,26,"3",3,5,0,0,2,2,0,0,0,0,0,2,0,0,0,0,0,0,0,1,0,0
"7/11/2022",192,28,"3",3,5,0,0,2,0,0,0,0,0,1,0,0,0,0,0,1,1,0,0,0,0
"5/31/2022",151,22,"3",4,1,0,0,0,1,0,0,0,0,0,0,0,0,0,0,0,0,0,0,0,0
"6/13/2022",164,24,"3",4,1,0,0,9,0,0,0,0,0,1,0,0,0,0,0,0,0,0,0,0,0
"6/27/2022",178,26,"3",4,1,0,0,5,0,0,0,0,0,0,0,0,0,0,0,0,0,0,0,0,0
"7/11/2022",192,28,"3",4,1,0,0,2,0,0,0,0,0,0,0,0,0,0,0,0,3,0,0,0,0
"5/31/2022",151,22,"3",4,2,0,0,0,0,0,0,0,0,0,0,0,0,0,0,0,0,0,0,0,0
"6/13/2022",164,24,"3",4,2,0,0,6,0,0,0,0,0,1,0,0,0,0,0,0,0,0,0,0,0
"6/27/2022",178,26,"3",4,2,0,1,3,0,0,0,0,0,0,0,0,0,1,0,0,0,0,0,0,0
"7/11/2022",192,28,"3",4,2,0,0,1,0,0,0,0,0,1,0,0,0,0,0,0,0,0,0,0,0
"5/31/2022",151,22,"3",4,3,0,0,0,1,0,0,0,0,1,0,0,0,0,0,0,0,0,0,0,0
"6/13/2022",164,24,"3",4,3,0,0,11,0,0,0,0,0,1,0,0,0,0,0,0,0,0,0,0,0
"6/27/2022",178,26,"3",4,3,0,0,9,0,0,0,0,0,0,0,0,0,0,0,0,0,0,0,0,0
"7/11/2022",192,28,"3",4,3,0,0,0,0,0,0,0,0,0,0,0,0,0,0,0,0,0,0,0,0
"5/31/2022",151,22,"3",4,4,0,0,0,0,0,0,0,0,0,0,0,0,0,0,0,0,0,0,0,0
"6/13/2022",164,24,"3",4,4,0,0,5,0,0,0,0,0,0,0,0,0,0,0,0,0,0,0,0,0
"6/27/2022",178,26,"3",4,4,0,0,2,1,0,0,0,0,1,0,0,0,1,0,1,0,0,0,0,0
"7/11/2022",192,28,"3",4,4,0,0,0,0,0,0,0,0,0,0,0,0,0,0,0,0,0,0,0,0
"5/31/2022",151,22,"3",4,5,0,0,0,0,0,0,0,0,0,0,0,0,0,0,0,0,0,0,0,0
"6/13/2022",164,24,"3",4,5,0,0,5,0,0,0,0,0,1,0,0,0,1,0,0,0,0,0,0,0
"6/27/2022",178,26,"3",4,5,0,0,2,0,0,0,0,0,1,0,0,0,0,0,0,0,0,0,0,0
"7/11/2022",192,28,"3",4,5,0,0,0,0,0,0,0,0,0,0,0,0,0,0,0,0,0,0,0,0
"5/31/2022",151,22,"3",5,1,0,0,0,0,0,0,0,0,0,0,0,0,0,0,0,0,0,0,0,0
"6/13/2022",164,24,"3",5,1,0,0,5,1,0,0,0,0,0,0,0,0,0,0,0,0,0,0,0,0
"6/27/2022",178,26,"3",5,1,0,0,3,0,0,0,0,0,0,0,0,0,0,0,0,0,0,0,0,0
"7/11/2022",192,28,"3",5,1,0,0,2,0,0,0,0,0,1,0,0,0,0,0,1,3,0,0,0,0
"5/31/2022",151,22,"3",5,2,0,0,0,0,0,0,0,0,0,0,0,0,0,0,0,0,0,0,0,0
"6/13/2022",164,24,"3",5,2,0,0,6,0,0,0,0,0,1,0,0,0,0,0,0,0,0,0,0,0
"6/27/2022",178,26,"3",5,2,0,0,1,0,0,0,0,0,0,0,0,0,1,0,1,0,0,0,0,0
"7/11/2022",192,28,"3",5,2,0,0,1,0,0,0,0,0,0,0,0,0,0,0,0,1,0,0,0,0
"5/31/2022",151,22,"3",5,3,0,0,0,0,0,0,0,0,0,0,0,0,0,0,0,0,0,0,0,0
"6/13/2022",164,24,"3",5,3,0,0,5,0,0,0,0,0,0,0,0,0,0,0,0,0,0,0,0,0
"6/27/2022",178,26,"3",5,3,0,0,5,0,0,0,0,0,0,0,0,0,1,1,0,1,0,0,0,0
"7/11/2022",192,28,"3",5,3,0,0,1,0,0,0,0,0,1,0,0,0,0,0,0,0,0,0,0,0
"5/31/2022",151,22,"3",5,4,0,0,0,0,0,0,0,0,0,0,0,0,0,0,0,0,0,0,0,0
"6/13/2022",164,24,"3",5,4,0,0,0,0,0,0,1,0,0,0,0,0,0,0,0,0,0,0,0,0
"6/27/2022",178,26,"3",5,4,0,0,4,0,0,0,0,0,1,0,0,0,0,0,0,0,0,0,0,0
"7/11/2022",192,28,"3",5,4,0,0,3,0,0,0,0,0,1,0,0,0,0,0,0,2,0,0,0,0
"5/31/2022",151,22,"3",5,5,0,0,0,0,0,0,0,0,0,0,0,0,0,0,0,0,0,0,0,0
"6/13/2022",164,24,"3",5,5,0,0,0,0,0,0,0,0,0,0,0,0,0,0,0,0,0,0,0,0
"6/27/2022",178,26,"3",5,5,0,0,3,0,0,0,0,0,0,0,0,0,0,0,0,0,0,0,0,0
"7/11/2022",192,28,"3",5,5,0,0,0,0,0,0,0,0,1,0,0,0,0,0,0,0,0,0,0,0
"5/31/2022",151,22,"3",6,1,0,0,0,0,0,0,0,0,1,0,0,0,0,0,0,0,0,0,0,0
"6/13/2022",164,24,"3",6,1,0,0,3,0,0,0,0,0,1,0,0,0,1,0,0,0,0,0,0,0
"6/27/2022",178,26,"3",6,1,0,0,2,0,0,0,1,0,0,0,0,0,0,0,0,0,0,0,0,0
"7/11/2022",192,28,"3",6,1,0,0,0,0,0,0,0,0,0,0,0,0,0,0,0,1,0,0,0,0
"5/31/2022",151,22,"3",6,2,0,0,0,0,0,0,0,0,1,0,0,0,0,0,0,0,0,0,0,0
"6/13/2022",164,24,"3",6,2,0,0,6,0,0,0,0,0,0,0,0,0,0,0,0,0,0,0,0,0
"6/27/2022",178,26,"3",6,2,0,0,2,0,0,0,0,0,0,0,0,0,0,0,0,0,0,0,0,0
"7/11/2022",192,28,"3",6,2,0,0,0,0,0,0,0,0,1,0,0,0,0,0,0,3,0,0,0,0
"5/31/2022",151,22,"3",6,3,0,0,0,0,0,0,0,0,0,0,0,0,0,0,0,0,0,0,0,0
"6/13/2022",164,24,"3",6,3,0,0,4,0,0,0,0,0,1,0,0,0,1,0,0,0,0,0,0,0
"6/27/2022",178,26,"3",6,3,0,0,1,0,0,0,0,0,0,0,0,0,0,0,0,0,0,0,0,0
"7/11/2022",192,28,"3",6,3,0,0,1,0,0,0,0,0,1,0,0,0,0,0,0,1,0,0,0,0
"5/31/2022",151,22,"3",6,4,0,0,0,0,0,0,0,0,0,0,0,0,0,0,1,0,0,0,0,0
"6/13/2022",164,24,"3",6,4,0,0,4,0,0,0,0,0,0,0,0,0,0,0,0,0,0,0,0,0
"6/27/2022",178,26,"3",6,4,0,0,1,0,0,0,0,0,0,0,0,0,0,0,0,0,0,0,0,0
"7/11/2022",192,28,"3",6,4,0,0,0,1,0,0,0,0,1,0,0,0,0,0,0,0,0,0,0,0
"5/31/2022",151,22,"3",6,5,0,0,0,0,0,0,0,0,0,0,0,0,0,0,0,0,0,0,0,0
"6/13/2022",164,24,"3",6,5,0,0,2,0,0,0,0,0,1,0,0,0,0,0,0,0,0,0,0,0
"6/27/2022",178,26,"3",6,5,0,0,2,0,0,0,0,0,1,0,0,0,0,0,0,0,0,0,0,0
"7/11/2022",192,28,"3",6,5,0,0,0,0,0,0,0,0,0,0,0,0,0,0,0,0,0,0,0,0
"5/31/2022",151,22,"4",1,1,0,0,0,0,0,0,0,0,0,0,0,0,0,0,0,0,0,0,0,0
"6/13/2022",164,24,"4",1,1,0,0,0,0,0,0,0,1,0,0,0,0,0,0,0,0,0,0,0,0
"6/27/2022",178,26,"4",1,1,0,0,7,0,0,0,0,1,1,0,0,0,1,0,0,0,0,0,0,0
"7/11/2022",192,28,"4",1,1,0,0,0,0,0,0,0,0,0,0,0,0,0,0,0,1,0,0,0,0
"5/31/2022",151,22,"4",1,2,0,0,0,0,0,0,0,1,0,0,0,0,0,0,0,0,0,0,0,0
"6/13/2022",164,24,"4",1,2,0,0,1,0,0,0,0,0,0,0,0,0,0,0,0,0,0,0,0,0
"6/27/2022",178,26,"4",1,2,0,0,7,0,0,0,0,0,0,0,0,0,1,0,0,0,0,0,0,0
"7/11/2022",192,28,"4",1,2,0,0,2,0,0,0,0,0,0,0,0,0,0,0,0,2,0,0,0,0
"5/31/2022",151,22,"4",1,3,0,0,0,0,0,0,0,0,0,0,0,0,0,0,1,0,0,0,0,0
"6/13/2022",164,24,"4",1,3,0,0,1,0,0,0,0,0,0,0,0,0,0,0,0,0,0,0,0,0
"6/27/2022",178,26,"4",1,3,0,0,10,0,0,0,1,0,0,0,0,0,1,0,0,1,0,0,0,0
"7/11/2022",192,28,"4",1,3,0,0,3,0,0,0,0,0,0,0,0,0,0,0,0,1,0,0,0,0
"5/31/2022",151,22,"4",1,4,0,0,0,0,0,0,0,0,0,0,0,0,0,0,0,0,0,0,0,0
"6/13/2022",164,24,"4",1,4,0,0,1,0,0,0,0,0,0,0,0,0,0,0,0,0,0,0,0,0
"6/27/2022",178,26,"4",1,4,0,0,2,0,0,0,0,0,1,0,0,0,0,0,0,0,0,0,0,0
"7/11/2022",192,28,"4",1,4,0,0,3,0,0,0,0,0,0,0,0,0,0,0,0,6,0,0,0,0
"5/31/2022",151,22,"4",1,5,0,0,0,0,0,0,0,1,0,0,0,0,0,0,0,0,0,0,0,0
"6/13/2022",164,24,"4",1,5,0,0,0,0,0,0,0,0,2,0,0,0,0,0,0,0,0,0,0,0
"6/27/2022",178,26,"4",1,5,0,0,4,0,0,0,0,1,0,0,0,0,0,0,0,0,0,0,0,0
"7/11/2022",192,28,"4",1,5,0,0,0,0,0,0,0,0,0,0,0,0,0,1,0,0,0,0,0,0
"5/31/2022",151,22,"4",2,1,0,0,0,0,0,0,0,0,0,0,0,0,0,0,0,0,0,0,0,0
"6/13/2022",164,24,"4",2,1,0,0,2,0,0,0,0,0,0,0,0,0,0,0,0,0,0,0,0,0
"6/27/2022",178,26,"4",2,1,0,0,4,1,0,0,0,0,0,0,0,0,0,0,0,0,0,0,0,0
"7/11/2022",192,28,"4",2,1,0,0,0,0,0,0,0,0,1,0,0,0,0,0,0,0,0,0,0,0
"5/31/2022",151,22,"4",2,2,0,0,0,0,0,0,0,0,0,0,0,0,0,0,0,0,0,0,0,0
"6/13/2022",164,24,"4",2,2,0,0,1,0,0,0,0,1,0,0,0,0,0,2,0,0,0,0,0,0
"6/27/2022",178,26,"4",2,2,0,0,5,1,0,0,1,0,0,0,0,0,0,0,0,0,0,0,0,0
"7/11/2022",192,28,"4",2,2,0,0,0,0,0,0,0,0,0,0,0,0,0,0,0,0,0,0,0,0
"5/31/2022",151,22,"4",2,3,0,0,0,0,0,0,0,0,1,0,0,0,0,0,0,0,0,0,0,0
"6/13/2022",164,24,"4",2,3,0,0,4,0,0,0,0,0,1,0,0,0,0,0,0,0,0,0,0,0
"6/27/2022",178,26,"4",2,3,0,0,5,0,0,0,0,0,1,2,0,0,0,0,0,0,0,0,0,0
"7/11/2022",192,28,"4",2,3,0,0,2,0,0,0,0,0,0,0,0,0,0,0,0,1,1,0,0,0
"5/31/2022",151,22,"4",2,4,0,0,0,0,0,0,0,0,0,0,0,0,0,0,0,0,0,0,0,0
"6/13/2022",164,24,"4",2,4,0,0,3,0,0,0,0,0,0,0,0,0,0,0,0,0,0,0,0,0
"6/27/2022",178,26,"4",2,4,0,0,3,0,0,0,0,0,0,0,0,0,0,0,0,1,0,0,0,0
"7/11/2022",192,28,"4",2,4,0,0,0,0,0,0,0,0,0,0,0,0,0,0,0,1,0,0,0,0
"5/31/2022",151,22,"4",2,5,0,0,0,0,0,0,0,0,0,0,0,0,0,0,0,0,0,0,0,0
"6/13/2022",164,24,"4",2,5,0,0,1,0,0,0,0,0,0,0,0,0,0,0,0,0,0,0,0,0
"6/27/2022",178,26,"4",2,5,0,0,7,1,0,0,0,0,0,0,0,0,0,0,0,0,0,0,0,0
"7/11/2022",192,28,"4",2,5,0,0,0,0,0,0,0,0,1,0,0,0,0,0,0,0,1,0,0,0
"5/31/2022",151,22,"4",3,1,0,0,0,0,0,0,0,0,0,0,0,0,0,0,0,1,0,0,0,0
"6/13/2022",164,24,"4",3,1,0,0,4,0,0,0,0,0,1,0,0,0,0,0,0,0,0,0,0,0
"6/27/2022",178,26,"4",3,1,0,0,8,0,0,0,1,0,0,1,0,0,0,0,0,0,0,0,0,0
"7/11/2022",192,28,"4",3,1,0,0,0,0,0,0,1,0,1,0,0,0,0,0,0,0,0,0,0,0
"5/31/2022",151,22,"4",3,2,0,0,0,0,0,0,0,0,0,0,0,0,0,0,0,0,0,0,0,0
"6/13/2022",164,24,"4",3,2,0,0,1,0,0,0,0,0,0,0,0,0,0,0,0,0,0,0,0,0
"6/27/2022",178,26,"4",3,2,0,0,7,0,0,0,1,0,0,1,0,0,0,0,0,0,0,0,0,0
"7/11/2022",192,28,"4",3,2,0,0,1,0,0,0,0,0,0,0,0,0,0,0,0,0,0,0,0,0
"5/31/2022",151,22,"4",3,3,0,0,0,0,0,0,0,0,0,0,0,0,0,0,1,0,0,0,0,0
"6/13/2022",164,24,"4",3,3,0,0,1,0,0,0,0,0,1,0,0,0,0,0,0,0,0,0,0,0
"6/27/2022",178,26,"4",3,3,0,0,5,0,0,0,0,0,0,1,0,0,0,0,0,0,0,0,0,0
"7/11/2022",192,28,"4",3,3,0,0,1,0,0,0,0,0,0,0,0,0,0,0,0,0,0,0,0,0
"5/31/2022",151,22,"4",3,4,0,0,0,0,0,0,0,0,0,0,0,0,0,0,0,0,0,0,0,0
"6/13/2022",164,24,"4",3,4,0,0,1,0,0,0,0,0,1,0,0,0,0,0,0,0,0,0,0,0
"6/27/2022",178,26,"4",3,4,0,0,10,0,0,0,0,0,1,0,0,0,0,0,0,0,0,0,0,0
"7/11/2022",192,28,"4",3,4,0,0,1,0,0,0,0,0,0,0,0,0,0,0,0,2,0,0,0,0
"5/31/2022",151,22,"4",3,5,0,0,0,0,0,0,0,0,0,0,0,0,0,0,0,0,0,0,0,0
"6/13/2022",164,24,"4",3,5,0,0,5,0,0,0,0,0,2,0,0,0,0,0,0,0,0,0,0,0
"6/27/2022",178,26,"4",3,5,0,0,2,0,0,0,0,0,0,5,0,0,0,0,1,0,0,0,0,0
"7/11/2022",192,28,"4",3,5,0,0,1,0,0,0,0,0,0,0,0,0,0,1,0,1,0,0,0,0
"5/31/2022",151,22,"4",4,1,0,0,0,0,0,0,0,0,0,0,0,0,0,0,0,0,0,0,0,0
"6/13/2022",164,24,"4",4,1,0,0,1,0,0,0,0,0,0,0,0,0,0,0,0,0,0,0,0,0
"6/27/2022",178,26,"4",4,1,0,0,8,0,0,0,0,0,0,0,0,0,0,1,0,0,0,0,0,0
"7/11/2022",192,28,"4",4,1,0,0,1,0,0,0,0,0,0,0,0,0,0,0,0,0,0,0,0,0
"5/31/2022",151,22,"4",4,2,0,0,0,0,0,0,0,0,0,0,0,0,0,0,1,0,0,0,0,0
"6/13/2022",164,24,"4",4,2,0,0,0,0,0,0,0,0,0,0,0,0,0,0,0,0,0,0,0,0
"6/27/2022",178,26,"4",4,2,0,0,10,0,0,0,0,0,0,1,0,0,0,0,0,0,0,0,0,0
"7/11/2022",192,28,"4",4,2,0,0,2,0,0,0,0,0,0,0,0,0,0,0,0,4,0,0,0,0
"5/31/2022",151,22,"4",4,3,0,0,0,0,0,0,0,0,0,0,0,0,0,0,0,0,0,0,0,0
"6/13/2022",164,24,"4",4,3,0,0,2,0,0,0,0,0,1,0,0,0,0,0,0,0,0,0,0,0
"6/27/2022",178,26,"4",4,3,0,0,3,1,0,0,0,0,0,0,0,0,0,0,0,0,0,0,0,0
"7/11/2022",192,28,"4",4,3,0,0,0,0,0,0,0,0,0,0,0,0,0,0,0,1,0,0,0,0
"5/31/2022",151,22,"4",4,4,0,0,0,0,0,0,0,0,0,0,0,0,0,0,0,0,0,0,0,0
"6/13/2022",164,24,"4",4,4,0,0,2,0,0,0,0,0,0,0,0,0,0,0,0,0,0,0,0,0
"6/27/2022",178,26,"4",4,4,0,0,3,1,0,0,0,0,0,0,0,0,0,0,2,1,1,0,0,0
"7/11/2022",192,28,"4",4,4,0,0,0,0,0,0,0,0,0,0,0,0,0,0,0,3,0,0,0,0
"5/31/2022",151,22,"4",4,5,0,0,0,0,0,0,0,0,0,0,0,0,0,0,1,0,0,0,0,0
"6/13/2022",164,24,"4",4,5,0,0,2,0,0,0,0,0,0,0,0,0,0,0,0,0,0,0,0,0
"6/27/2022",178,26,"4",4,5,0,0,10,0,0,0,0,0,0,0,0,0,0,0,2,0,0,0,0,0
"7/11/2022",192,28,"4",4,5,0,0,3,0,0,0,0,0,0,0,0,0,0,0,0,1,0,0,0,0
"5/31/2022",151,22,"4",5,1,0,0,0,0,0,0,0,0,1,0,0,0,0,0,0,0,0,0,0,0
"6/13/2022",164,24,"4",5,1,0,0,4,0,0,0,0,0,0,0,0,0,0,0,0,0,0,0,0,0
"6/27/2022",178,26,"4",5,1,0,0,5,0,0,0,0,0,0,0,0,0,0,0,0,0,0,0,0,0
"7/11/2022",192,28,"4",5,1,0,0,1,0,0,0,0,0,2,0,0,0,0,0,0,1,0,0,0,0
"5/31/2022",151,22,"4",5,2,0,0,0,0,0,0,0,0,0,0,0,0,0,0,0,0,0,0,0,0
"6/13/2022",164,24,"4",5,2,0,0,2,0,0,0,0,0,0,0,0,0,0,0,0,0,0,0,0,0
"6/27/2022",178,26,"4",5,2,0,0,3,0,0,0,0,0,0,0,0,0,0,0,1,0,1,0,0,0
"7/11/2022",192,28,"4",5,2,0,0,0,0,0,0,0,0,0,0,0,0,0,0,0,1,0,0,0,0
"5/31/2022",151,22,"4",5,3,0,0,0,0,0,0,0,0,0,0,0,0,0,0,0,0,0,0,0,0
"6/13/2022",164,24,"4",5,3,0,0,2,0,0,0,0,0,0,0,0,0,0,0,0,0,0,0,0,0
"6/27/2022",178,26,"4",5,3,0,0,2,0,0,0,0,0,0,0,0,0,0,0,0,1,0,0,0,0
"7/11/2022",192,28,"4",5,3,0,0,1,0,0,0,0,0,0,0,0,0,0,0,0,1,0,0,0,0
"5/31/2022",151,22,"4",5,4,0,0,0,0,0,0,0,0,0,0,0,0,0,0,0,0,0,0,0,0
"6/13/2022",164,24,"4",5,4,0,0,2,0,0,0,0,0,2,0,0,0,0,0,0,0,0,0,0,0
"6/27/2022",178,26,"4",5,4,0,0,5,0,0,0,0,0,0,0,0,0,0,0,0,0,0,0,0,0
"7/11/2022",192,28,"4",5,4,0,0,3,0,0,0,0,0,1,0,0,0,0,0,0,1,1,0,0,0
"5/31/2022",151,22,"4",5,5,0,0,0,0,0,0,0,0,0,0,0,0,0,0,0,0,0,0,0,0
"6/13/2022",164,24,"4",5,5,0,0,2,0,0,0,0,0,1,0,0,0,0,0,0,0,0,0,0,0
"6/27/2022",178,26,"4",5,5,0,0,3,0,0,0,0,0,0,0,0,0,0,0,1,0,0,0,0,0
"7/11/2022",192,28,"4",5,5,0,0,0,0,0,0,0,0,0,0,0,0,0,0,0,2,0,0,0,0
"5/31/2022",151,22,"4",6,1,0,0,0,0,0,0,0,0,0,0,0,0,0,0,0,0,0,0,0,0
"6/13/2022",164,24,"4",6,1,0,0,5,0,0,0,0,0,0,0,0,0,0,0,0,0,0,0,0,0
"6/27/2022",178,26,"4",6,1,0,0,6,0,0,0,0,0,0,0,0,0,0,0,0,0,0,0,0,0
"7/11/2022",192,28,"4",6,1,0,0,0,0,0,0,0,0,0,0,0,0,0,0,0,0,0,0,0,0
"5/31/2022",151,22,"4",6,2,0,0,0,0,0,0,0,0,0,0,0,0,0,0,0,0,0,0,0,0
"6/13/2022",164,24,"4",6,2,0,0,5,0,0,0,0,0,1,0,0,0,0,0,0,0,0,0,0,0
"6/27/2022",178,26,"4",6,2,0,0,2,0,0,0,0,0,0,0,0,0,0,0,0,1,0,0,0,0
"7/11/2022",192,28,"4",6,2,0,0,0,0,0,0,0,0,1,0,0,0,0,0,0,2,1,0,0,0
"5/31/2022",151,22,"4",6,3,0,0,0,0,0,0,0,0,0,0,0,0,0,0,0,0,0,0,0,0
"6/13/2022",164,24,"4",6,3,0,0,4,0,0,0,0,0,0,0,0,0,0,0,0,0,0,0,0,0
"6/27/2022",178,26,"4",6,3,0,0,3,0,0,0,0,0,0,0,0,0,0,0,1,0,1,0,0,0
"7/11/2022",192,28,"4",6,3,0,0,0,0,0,0,1,0,1,0,0,0,0,0,0,2,0,0,0,0
"5/31/2022",151,22,"4",6,4,0,0,0,0,0,0,0,0,1,0,0,0,0,0,0,0,0,0,0,0
"6/13/2022",164,24,"4",6,4,0,0,6,0,0,0,0,0,1,0,0,0,1,0,0,0,0,0,0,0
"6/27/2022",178,26,"4",6,4,0,0,4,0,0,0,0,0,0,0,0,0,0,0,0,0,0,0,0,0
"7/11/2022",192,28,"4",6,4,0,0,2,0,0,0,0,0,0,0,0,0,0,0,0,0,0,0,0,0
"5/31/2022",151,22,"4",6,5,0,0,0,0,0,0,0,0,0,0,0,0,0,0,0,0,0,0,0,0
"6/13/2022",164,24,"4",6,5,0,0,6,0,0,0,0,0,0,0,0,0,0,0,0,0,0,0,0,0
"6/27/2022",178,26,"4",6,5,0,0,3,0,0,0,0,0,0,0,0,0,0,0,0,0,0,0,0,0
"7/11/2022",192,28,"4",6,5,0,0,0,0,0,0,0,0,1,0,0,0,0,0,0,0,1,0,0,0
"5/31/2022",151,22,"5",1,1,0,0,0,0,0,0,0,0,0,0,0,0,0,0,2,0,0,0,0,0
"6/13/2022",164,24,"5",1,1,0,0,0,0,0,0,0,0,1,0,0,0,0,0,0,1,0,0,0,0
"6/27/2022",178,26,"5",1,1,0,0,1,2,0,0,1,0,0,0,0,0,0,1,0,0,1,0,1,0
"7/11/2022",192,28,"5",1,1,0,0,0,0,0,0,2,0,0,0,0,0,0,1,1,17,0,0,0,0
"7/25/2022",206,30,"5",1,1,0,0,0,0,0,0,0,0,0,0,0,0,0,0,0,0,0,0,0,0
"8/15/2022",227,33,"5",1,1,0,0,0,0,0,0,0,0,0,0,0,0,0,0,0,2,0,0,0,0
"8/22/2022",234,34,"5",1,1,0,0,0,0,0,0,0,0,1,0,0,0,0,0,1,1,0,0,0,0
"5/31/2022",151,22,"5",1,2,0,0,0,0,0,0,0,0,0,0,0,0,0,0,1,0,0,0,0,0
"6/13/2022",164,24,"5",1,2,0,0,0,0,0,0,0,0,1,0,0,0,0,0,0,0,0,0,0,0
"6/27/2022",178,26,"5",1,2,0,0,5,0,0,0,0,0,3,0,0,0,0,0,0,0,0,0,0,0
"7/11/2022",192,28,"5",1,2,0,0,0,0,0,0,0,0,0,0,0,0,0,0,1,17,0,0,0,0
"7/25/2022",206,30,"5",1,2,0,0,0,0,0,0,0,0,0,0,0,0,0,3,0,8,0,0,0,0
"8/15/2022",227,33,"5",1,2,0,0,0,0,0,0,0,0,1,0,0,0,0,0,0,0,0,0,0,0
"8/22/2022",234,34,"5",1,2,0,0,0,0,0,0,0,0,0,0,0,0,0,0,1,0,0,0,0,0
"5/31/2022",151,22,"5",1,3,0,0,0,0,0,0,0,0,0,0,0,0,0,0,1,0,0,0,0,0
"6/13/2022",164,24,"5",1,3,0,0,0,0,0,0,0,0,1,0,0,0,0,0,0,0,0,0,1,0
"6/27/2022",178,26,"5",1,3,0,0,2,1,0,0,0,0,0,0,0,0,0,1,0,0,0,0,0,0
"7/11/2022",192,28,"5",1,3,0,0,0,0,0,0,1,0,0,0,0,0,0,0,0,1,1,0,0,0
"7/25/2022",206,30,"5",1,3,0,0,0,0,0,0,0,0,0,0,0,0,0,0,0,5,0,0,0,0
"8/15/2022",227,33,"5",1,3,0,0,0,0,0,0,0,0,0,0,0,0,0,0,0,0,0,0,0,0
"8/22/2022",234,34,"5",1,3,0,0,0,0,0,0,0,0,0,0,0,0,0,0,0,0,0,0,0,0
"5/31/2022",151,22,"5",1,4,0,0,0,0,0,0,0,0,0,0,0,0,0,0,3,0,0,0,0,0
"6/13/2022",164,24,"5",1,4,0,0,0,0,0,0,0,0,0,0,0,0,0,0,0,0,0,0,0,0
"6/27/2022",178,26,"5",1,4,0,0,0,0,0,0,0,0,0,0,0,0,0,0,0,0,0,0,0,0
"7/11/2022",192,28,"5",1,4,0,0,0,0,0,0,1,0,0,0,0,0,0,1,0,2,0,0,0,0
"7/25/2022",206,30,"5",1,4,0,0,0,0,0,0,0,0,0,0,0,0,0,0,0,3,0,0,0,0
"8/15/2022",227,33,"5",1,4,0,0,0,0,0,0,0,0,0,0,0,0,0,0,0,0,0,0,0,0
"8/22/2022",234,34,"5",1,4,0,0,0,0,0,0,0,0,1,0,0,0,0,0,1,2,0,0,0,0
"5/31/2022",151,22,"5",1,5,0,0,0,0,0,0,0,0,0,0,0,0,0,0,0,0,0,0,0,0
"6/13/2022",164,24,"5",1,5,0,0,0,0,0,0,0,0,0,0,0,0,0,0,0,0,1,0,0,0
"6/27/2022",178,26,"5",1,5,0,0,1,0,0,0,0,0,0,0,0,0,0,0,0,0,0,0,0,0
"7/11/2022",192,28,"5",1,5,0,0,1,0,0,0,2,0,0,0,0,0,0,0,0,61,0,0,0,0
"7/25/2022",206,30,"5",1,5,0,0,0,0,0,0,0,0,0,0,0,0,0,0,0,1,0,0,0,0
"8/15/2022",227,33,"5",1,5,0,0,0,0,0,0,0,0,0,0,0,0,0,0,0,0,2,0,0,0
"8/22/2022",234,34,"5",1,5,0,0,0,0,0,0,0,0,1,0,0,0,0,0,0,1,0,0,0,0
"5/31/2022",151,22,"5",2,1,0,0,0,0,0,0,0,0,0,0,0,0,0,0,0,0,0,0,0,0
"6/13/2022",164,24,"5",2,1,0,0,0,0,0,0,0,0,1,0,0,0,0,0,0,0,0,0,0,4
"6/27/2022",178,26,"5",2,1,0,0,3,3,0,0,2,0,0,0,0,0,0,0,0,1,0,0,0,0
"7/11/2022",192,28,"5",2,1,0,0,0,1,0,0,0,0,0,0,0,0,0,0,0,0,0,0,0,0
"7/25/2022",206,30,"5",2,1,0,0,0,0,0,0,0,0,0,0,0,0,0,0,0,4,0,0,0,0
"8/15/2022",227,33,"5",2,1,0,0,0,0,0,0,0,0,0,0,0,0,0,0,1,1,0,0,0,0
"8/22/2022",234,34,"5",2,1,0,0,0,0,0,0,0,0,2,0,0,0,0,0,1,0,0,0,0,0
"5/31/2022",151,22,"5",2,2,0,0,0,0,0,0,0,0,0,0,0,0,0,0,0,0,0,0,0,0
"6/13/2022",164,24,"5",2,2,0,0,0,0,0,0,0,0,11,0,0,0,0,0,0,0,0,0,0,0
"6/27/2022",178,26,"5",2,2,0,0,1,1,0,0,0,0,0,0,0,0,0,0,0,0,0,0,0,0
"7/11/2022",192,28,"5",2,2,0,0,0,0,0,0,1,0,1,0,0,0,0,0,0,0,0,0,0,0
"7/25/2022",206,30,"5",2,2,0,0,0,0,0,0,0,0,0,0,0,0,0,0,0,3,0,0,0,0
"8/15/2022",227,33,"5",2,2,0,0,0,0,0,0,0,0,1,0,0,0,0,0,0,0,3,0,0,0
"8/22/2022",234,34,"5",2,2,0,0,0,0,0,0,0,0,1,0,0,0,0,0,0,1,0,0,0,0
"5/31/2022",151,22,"5",2,3,0,0,0,0,0,0,0,0,0,0,0,0,0,0,1,0,0,0,0,0
"6/13/2022",164,24,"5",2,3,0,0,0,0,0,0,0,0,1,0,0,0,0,0,0,0,0,0,0,0
"6/27/2022",178,26,"5",2,3,0,0,0,1,0,0,0,0,0,0,0,0,0,0,0,0,0,0,0,0
"7/11/2022",192,28,"5",2,3,0,0,0,0,0,0,0,0,1,0,0,0,0,0,0,0,0,0,0,0
"7/25/2022",206,30,"5",2,3,0,0,0,0,0,0,0,0,0,0,0,0,0,0,0,3,0,0,0,0
"8/15/2022",227,33,"5",2,3,0,0,0,0,0,0,0,0,1,0,0,0,0,0,0,0,0,0,0,0
"8/22/2022",234,34,"5",2,3,0,0,0,0,0,0,0,0,1,0,0,0,0,0,0,1,0,0,0,0
"5/31/2022",151,22,"5",2,4,0,0,0,0,0,0,0,0,0,0,0,0,0,0,1,0,0,0,0,0
"6/13/2022",164,24,"5",2,4,0,0,0,0,0,0,0,0,0,0,0,0,0,1,0,0,0,0,0,0
"6/27/2022",178,26,"5",2,4,0,0,3,1,0,0,2,0,0,0,0,0,0,0,0,0,0,0,0,0
"7/11/2022",192,28,"5",2,4,0,0,0,0,0,0,0,0,1,0,0,0,0,0,0,1,0,0,0,0
"7/25/2022",206,30,"5",2,4,0,0,0,0,0,0,1,0,0,0,0,0,0,0,0,12,0,0,0,0
"8/15/2022",227,33,"5",2,4,0,0,0,0,0,0,0,0,1,0,0,0,0,0,0,6,0,0,0,0
"8/22/2022",234,34,"5",2,4,0,0,0,0,0,0,0,0,0,0,0,0,0,0,0,0,0,0,0,0
"5/31/2022",151,22,"5",2,5,0,0,0,0,0,0,0,0,1,0,0,0,0,0,5,0,0,0,0,0
"6/13/2022",164,24,"5",2,5,0,0,0,0,0,0,0,6,1,0,0,0,0,0,0,0,0,0,0,0
"6/27/2022",178,26,"5",2,5,0,0,3,10,0,0,0,1,0,0,0,0,0,0,0,0,0,0,0,0
"7/11/2022",192,28,"5",2,5,0,0,0,0,0,0,4,0,1,0,0,0,0,0,0,26,0,0,0,0
"7/25/2022",206,30,"5",2,5,0,0,0,0,0,0,2,0,0,0,0,0,0,0,0,11,0,1,0,0
"8/15/2022",227,33,"5",2,5,0,0,0,0,0,0,0,0,0,0,0,0,0,0,1,0,0,0,0,0
"8/22/2022",234,34,"5",2,5,0,0,0,0,0,0,0,0,0,0,0,0,0,0,0,1,0,0,0,0
"5/31/2022",151,22,"5",3,1,0,0,0,0,0,0,0,0,0,0,0,0,0,0,1,0,0,0,0,0
"6/13/2022",164,24,"5",3,1,0,0,0,0,0,0,0,0,0,0,0,0,0,0,1,0,0,0,0,0
"6/27/2022",178,26,"5",3,1,0,0,1,0,0,0,0,0,0,0,0,0,0,0,0,0,0,0,0,0
"7/11/2022",192,28,"5",3,1,0,0,0,0,0,0,0,0,0,0,0,0,0,0,0,0,0,0,0,0
"7/25/2022",206,30,"5",3,1,0,0,0,0,0,0,0,0,0,0,0,0,0,0,2,1,0,0,0,0
"8/15/2022",227,33,"5",3,1,0,0,0,0,0,0,0,0,2,0,0,0,0,0,0,1,5,0,0,0
"8/22/2022",234,34,"5",3,1,0,0,0,0,0,0,0,0,0,0,0,0,0,0,0,0,0,0,0,0
"5/31/2022",151,22,"5",3,2,0,0,0,0,0,0,0,0,0,0,0,0,0,0,0,0,0,0,0,0
"6/13/2022",164,24,"5",3,2,0,0,0,0,0,0,0,0,0,0,0,0,0,0,0,0,0,0,0,0
"6/27/2022",178,26,"5",3,2,0,0,1,0,0,0,0,0,2,0,0,0,0,0,0,1,0,0,0,0
"7/11/2022",192,28,"5",3,2,0,0,0,0,0,0,0,0,1,0,0,0,0,0,0,2,0,0,1,0
"7/25/2022",206,30,"5",3,2,0,0,0,0,0,0,0,0,2,0,0,0,0,0,0,1,0,0,0,0
"8/15/2022",227,33,"5",3,2,0,0,0,0,0,0,0,0,1,0,0,0,0,0,0,0,0,0,0,0
"8/22/2022",234,34,"5",3,2,0,0,0,0,0,0,0,0,0,0,0,0,0,0,0,0,0,0,0,0
"5/31/2022",151,22,"5",3,3,0,0,0,0,0,0,0,0,0,0,0,0,0,0,2,0,0,0,0,0
"6/13/2022",164,24,"5",3,3,0,0,0,1,0,0,0,0,0,0,0,0,0,0,1,0,0,0,0,0
"6/27/2022",178,26,"5",3,3,0,0,1,0,0,0,0,0,1,0,0,0,0,0,0,0,0,0,0,0
"7/11/2022",192,28,"5",3,3,0,0,0,0,0,0,0,0,1,0,1,0,0,0,0,1,0,0,0,0
"7/25/2022",206,30,"5",3,3,0,0,0,0,0,0,0,0,0,0,0,0,0,0,0,0,0,0,0,0
"8/15/2022",227,33,"5",3,3,0,0,0,0,0,0,0,0,0,0,0,0,0,0,0,1,1,0,0,0
"8/22/2022",234,34,"5",3,3,0,0,0,0,0,0,0,0,2,0,0,0,0,0,3,0,0,0,0,0
"5/31/2022",151,22,"5",3,4,0,0,0,0,0,0,0,0,0,0,0,0,0,0,0,0,0,0,0,0
"6/13/2022",164,24,"5",3,4,0,0,0,0,0,0,0,0,0,0,0,0,0,0,0,0,0,0,0,0
"6/27/2022",178,26,"5",3,4,0,0,1,0,0,0,1,0,1,0,0,0,0,0,0,0,0,0,0,0
"7/11/2022",192,28,"5",3,4,0,0,0,0,0,0,0,0,0,0,0,0,0,1,0,0,0,0,0,0
"7/25/2022",206,30,"5",3,4,0,0,0,0,0,0,0,0,1,0,0,0,0,0,0,2,0,0,0,0
"8/15/2022",227,33,"5",3,4,0,0,0,0,0,0,0,0,2,0,0,0,0,0,0,0,0,0,0,0
"8/22/2022",234,34,"5",3,4,0,0,0,0,0,0,0,0,0,0,0,0,0,0,0,0,0,1,0,0
"5/31/2022",151,22,"5",3,5,0,0,0,0,0,0,0,0,0,0,0,0,0,0,2,0,0,0,0,0
"6/13/2022",164,24,"5",3,5,0,0,0,1,0,0,0,0,1,0,0,0,0,0,0,0,0,0,0,0
"6/27/2022",178,26,"5",3,5,0,0,0,0,0,0,0,0,0,0,0,0,0,0,0,0,0,0,0,0
"7/11/2022",192,28,"5",3,5,0,0,0,0,0,0,0,0,0,0,0,0,0,0,0,3,0,0,0,0
"7/25/2022",206,30,"5",3,5,0,0,0,0,0,0,0,0,0,0,0,0,0,0,0,2,0,0,0,0
"8/15/2022",227,33,"5",3,5,0,0,0,0,0,0,0,0,1,0,0,0,0,0,0,1,0,0,0,0
"8/22/2022",234,34,"5",3,5,0,0,0,0,0,0,0,0,0,0,0,0,0,0,0,0,0,2,0,0
"5/31/2022",151,22,"5",4,1,0,0,0,0,0,0,0,0,0,0,0,0,0,0,0,0,0,0,0,0
"6/13/2022",164,24,"5",4,1,0,0,0,0,0,0,0,0,0,0,0,0,0,0,0,0,0,0,0,0
"6/27/2022",178,26,"5",4,1,0,0,0,0,0,0,0,0,0,0,0,0,0,0,0,0,0,0,0,0
"7/11/2022",192,28,"5",4,1,0,0,0,0,0,0,0,0,2,0,0,0,0,0,1,2,0,0,0,0
"7/25/2022",206,30,"5",4,1,0,0,0,0,0,0,0,0,0,0,0,0,0,0,2,2,0,0,0,0
"8/15/2022",227,33,"5",4,1,0,0,0,0,0,0,0,0,0,0,0,0,0,0,0,0,2,0,0,0
"8/22/2022",234,34,"5",4,1,0,0,0,0,0,0,0,0,0,0,0,0,0,0,0,0,0,0,0,0
"5/31/2022",151,22,"5",4,2,0,0,0,0,0,0,0,0,0,0,0,0,0,0,0,0,0,0,0,0
"6/13/2022",164,24,"5",4,2,0,0,0,0,0,0,0,0,0,0,0,0,0,0,0,0,0,0,0,0
"6/27/2022",178,26,"5",4,2,0,0,2,0,0,0,0,0,0,0,0,0,0,1,1,0,0,0,0,0
"7/11/2022",192,28,"5",4,2,0,0,0,0,0,0,0,0,0,0,0,0,0,0,0,1,0,0,0,0
"7/25/2022",206,30,"5",4,2,0,0,0,0,0,0,0,0,0,0,0,0,0,0,1,4,0,0,0,0
"8/15/2022",227,33,"5",4,2,0,0,0,0,0,0,0,0,1,0,0,0,0,0,0,0,0,0,0,0
"8/22/2022",234,34,"5",4,2,0,0,0,0,0,0,0,0,1,0,0,0,0,0,0,0,0,0,0,0
"5/31/2022",151,22,"5",4,3,0,0,0,0,0,0,0,0,0,0,0,0,0,0,1,0,0,0,0,0
"6/13/2022",164,24,"5",4,3,0,0,0,0,0,0,0,0,1,0,0,0,0,0,1,0,0,0,0,0
"6/27/2022",178,26,"5",4,3,0,1,3,0,0,0,1,0,1,0,0,0,0,0,0,0,0,0,0,0
"7/11/2022",192,28,"5",4,3,0,0,0,0,0,0,0,0,0,1,0,0,0,0,0,4,0,0,0,0
"7/25/2022",206,30,"5",4,3,0,0,0,0,0,0,1,0,0,0,1,0,0,0,0,11,0,0,0,0
"8/15/2022",227,33,"5",4,3,0,0,0,0,0,0,0,0,0,0,0,0,0,0,0,0,0,0,0,0
"8/22/2022",234,34,"5",4,3,0,0,0,0,0,0,0,0,0,0,0,0,0,0,0,0,0,0,0,0
"5/31/2022",151,22,"5",4,4,0,0,0,0,0,0,0,0,0,0,0,0,0,0,0,0,0,0,0,0
"6/13/2022",164,24,"5",4,4,0,0,0,0,0,0,0,0,0,0,0,0,0,0,1,0,0,0,0,0
"6/27/2022",178,26,"5",4,4,0,0,1,0,0,0,0,0,1,0,0,0,0,1,1,0,0,0,0,0
"7/11/2022",192,28,"5",4,4,0,0,0,0,0,0,0,0,0,0,0,0,0,0,0,2,0,0,0,0
"7/25/2022",206,30,"5",4,4,0,0,0,0,0,0,0,0,0,0,0,0,0,0,0,0,0,0,0,0
"8/15/2022",227,33,"5",4,4,0,0,0,0,0,0,0,0,1,0,0,0,0,0,0,0,2,0,0,0
"8/22/2022",234,34,"5",4,4,0,0,0,0,0,0,1,0,0,0,0,0,0,0,2,0,0,0,0,0
"5/31/2022",151,22,"5",4,5,0,0,0,0,0,0,0,0,1,0,0,0,0,0,0,0,0,0,0,0
"6/13/2022",164,24,"5",4,5,0,0,0,0,0,0,0,0,0,0,0,0,0,0,0,0,0,0,0,0
"6/27/2022",178,26,"5",4,5,0,1,0,2,0,0,2,0,0,0,0,0,0,2,0,0,0,1,0,0
"7/11/2022",192,28,"5",4,5,0,0,0,0,0,0,0,0,0,0,0,0,0,0,20,0,0,0,0,0
"7/25/2022",206,30,"5",4,5,0,0,0,0,0,0,0,0,0,0,0,0,0,0,14,1,0,0,0,0
"8/15/2022",227,33,"5",4,5,0,0,0,0,0,0,0,0,0,0,0,0,0,0,0,0,1,0,0,0
"8/22/2022",234,34,"5",4,5,0,0,0,0,0,0,0,0,0,0,0,0,0,0,0,0,0,0,0,0
"5/31/2022",151,22,"5",5,1,0,0,0,0,0,0,0,0,0,0,0,0,0,0,0,0,0,0,0,0
"6/13/2022",164,24,"5",5,1,0,0,0,0,0,0,0,0,0,0,0,0,0,0,0,0,0,0,0,0
"6/27/2022",178,26,"5",5,1,0,0,0,0,0,0,0,0,0,0,0,0,0,1,0,0,0,0,0,0
"7/11/2022",192,28,"5",5,1,0,0,0,0,0,0,0,0,0,0,0,0,0,1,0,0,0,0,0,0
"7/25/2022",206,30,"5",5,1,0,0,0,0,0,0,0,0,0,0,0,0,0,0,0,0,0,0,0,0
"8/15/2022",227,33,"5",5,1,0,0,0,0,0,0,0,0,0,0,0,0,0,0,0,1,0,0,0,0
"8/22/2022",234,34,"5",5,1,0,0,0,0,0,0,0,0,0,0,0,0,0,0,3,0,0,0,0,0
"5/31/2022",151,22,"5",5,2,0,0,0,0,0,0,0,0,0,0,0,0,0,0,0,0,0,0,0,0
"6/13/2022",164,24,"5",5,2,0,0,0,0,0,0,0,0,0,0,0,0,0,0,1,0,0,0,0,0
"6/27/2022",178,26,"5",5,2,0,0,1,0,0,0,0,0,0,0,0,0,0,0,1,0,0,0,0,0
"7/11/2022",192,28,"5",5,2,0,0,0,0,0,0,0,0,0,0,0,0,0,0,0,0,0,0,0,0
"7/25/2022",206,30,"5",5,2,0,0,0,0,0,0,0,0,0,0,0,0,0,2,0,0,1,0,0,0
"8/15/2022",227,33,"5",5,2,0,0,0,0,0,0,0,0,0,0,0,0,0,0,0,1,0,0,0,0
"8/22/2022",234,34,"5",5,2,0,0,0,0,0,0,0,0,0,0,0,0,0,0,1,0,0,0,0,0
"5/31/2022",151,22,"5",5,3,0,0,0,0,0,0,0,0,0,0,0,0,0,0,0,0,0,0,0,0
"6/13/2022",164,24,"5",5,3,0,0,0,0,0,0,0,0,2,0,0,0,0,0,0,0,0,0,0,0
"6/27/2022",178,26,"5",5,3,0,0,2,0,0,0,0,0,0,0,0,0,0,0,1,0,0,0,0,0
"7/11/2022",192,28,"5",5,3,0,0,0,0,0,0,0,0,0,0,0,0,0,0,0,0,0,2,0,0
"7/25/2022",206,30,"5",5,3,0,0,0,0,0,0,1,0,0,0,0,0,0,0,0,0,0,0,0,0
"8/15/2022",227,33,"5",5,3,0,0,0,0,0,0,0,0,0,0,0,0,0,0,0,0,0,0,0,0
"8/22/2022",234,34,"5",5,3,0,0,0,0,0,0,1,0,0,0,0,0,0,0,0,0,0,3,0,0
"5/31/2022",151,22,"5",5,4,0,0,0,0,0,0,0,0,0,0,0,0,0,0,0,0,0,0,0,0
"6/13/2022",164,24,"5",5,4,0,0,0,0,0,0,0,0,0,0,0,0,0,0,0,0,0,0,0,0
"6/27/2022",178,26,"5",5,4,0,0,1,0,0,0,0,0,1,0,0,0,0,0,1,0,0,0,0,0
"7/11/2022",192,28,"5",5,4,0,0,0,0,0,0,0,0,0,0,0,0,0,0,0,1,0,0,0,0
"7/25/2022",206,30,"5",5,4,0,0,0,0,0,0,0,0,0,0,0,0,0,0,0,3,0,1,0,0
"8/15/2022",227,33,"5",5,4,0,0,0,0,0,0,0,0,0,0,0,0,0,0,0,0,1,0,0,0
"8/22/2022",234,34,"5",5,4,0,0,0,0,0,0,0,0,0,0,0,0,0,0,0,0,0,1,0,0
"5/31/2022",151,22,"5",5,5,0,0,0,0,0,0,0,0,0,0,0,0,0,0,0,0,0,0,0,0
"6/13/2022",164,24,"5",5,5,0,0,0,0,0,0,0,0,0,0,0,0,0,0,0,0,0,0,0,0
"6/27/2022",178,26,"5",5,5,0,0,2,0,0,0,0,0,0,0,0,0,0,0,1,0,2,0,0,0
"7/11/2022",192,28,"5",5,5,0,0,0,0,0,0,0,0,0,0,0,0,0,0,0,0,0,0,0,0
"7/25/2022",206,30,"5",5,5,0,0,0,0,0,0,0,0,1,0,0,0,0,0,0,0,0,0,0,0
"8/15/2022",227,33,"5",5,5,0,0,0,0,0,0,0,0,0,0,0,0,0,0,0,0,0,0,0,0
"8/22/2022",234,34,"5",5,5,0,0,0,1,0,0,0,0,1,0,0,0,0,0,3,0,0,0,0,0
"5/31/2022",151,22,"5",6,1,0,0,0,1,0,0,0,0,0,0,0,0,0,0,0,0,0,0,0,0
"6/13/2022",164,24,"5",6,1,0,0,2,1,0,0,1,0,0,0,0,0,0,0,1,0,0,0,0,0
"6/27/2022",178,26,"5",6,1,0,0,0,0,0,0,0,0,0,0,0,0,0,1,0,2,1,0,0,0
"7/11/2022",192,28,"5",6,1,0,0,0,0,0,0,0,0,0,0,0,0,0,0,0,5,1,0,0,0
"7/25/2022",206,30,"5",6,1,0,0,0,0,0,0,0,0,0,0,0,0,0,0,0,2,0,1,0,0
"8/15/2022",227,33,"5",6,1,0,0,0,0,0,0,0,0,0,0,0,0,0,0,0,0,1,0,0,0
"8/22/2022",234,34,"5",6,1,0,0,0,0,0,0,0,0,0,0,0,0,0,0,1,0,0,1,0,0
"5/31/2022",151,22,"5",6,2,0,0,0,0,0,0,0,0,0,0,0,0,0,0,0,0,0,0,0,0
"6/13/2022",164,24,"5",6,2,0,0,0,0,0,0,0,0,1,0,0,0,0,0,0,0,0,0,0,0
"6/27/2022",178,26,"5",6,2,0,0,0,0,0,0,0,0,0,0,0,0,0,0,0,3,0,0,0,0
"7/11/2022",192,28,"5",6,2,0,0,0,0,0,0,0,0,0,0,0,0,0,0,0,2,1,0,0,0
"7/25/2022",206,30,"5",6,2,0,0,0,0,0,0,0,0,0,0,0,0,0,0,0,8,0,0,0,0
"8/15/2022",227,33,"5",6,2,0,0,0,0,0,0,0,0,0,0,0,0,0,0,0,1,0,0,0,0
"8/22/2022",234,34,"5",6,2,0,0,0,0,0,0,0,0,1,0,0,0,0,0,1,0,0,8,0,0
"5/31/2022",151,22,"5",6,3,0,0,0,0,0,0,0,0,0,0,0,0,0,0,0,0,0,0,0,0
"6/13/2022",164,24,"5",6,3,0,0,0,0,0,0,0,0,1,0,0,0,0,0,0,0,0,0,0,0
"6/27/2022",178,26,"5",6,3,0,0,0,1,0,0,0,0,0,0,0,0,0,0,0,0,0,0,0,0
"7/11/2022",192,28,"5",6,3,0,0,0,0,0,0,0,0,0,0,0,0,0,0,1,1,0,0,0,0
"7/25/2022",206,30,"5",6,3,0,0,0,0,0,0,1,0,0,0,0,0,0,0,3,3,0,0,0,0
"8/15/2022",227,33,"5",6,3,0,0,0,0,0,0,0,0,0,0,0,0,0,0,0,0,0,0,0,0
"8/22/2022",234,34,"5",6,3,0,0,0,0,0,0,0,0,0,0,0,0,0,0,0,0,0,0,0,0
"5/31/2022",151,22,"5",6,4,0,0,0,0,0,0,0,0,0,0,0,0,0,0,0,1,0,0,0,0
"6/13/2022",164,24,"5",6,4,0,0,0,0,0,0,0,0,0,0,0,0,0,0,0,0,0,0,0,0
"6/27/2022",178,26,"5",6,4,0,0,0,0,0,0,0,0,0,0,0,0,0,0,0,0,0,0,0,0
"7/11/2022",192,28,"5",6,4,0,0,0,0,0,0,0,0,0,0,0,0,0,0,0,2,0,0,0,0
"7/25/2022",206,30,"5",6,4,0,0,0,0,0,0,0,0,0,0,0,0,0,0,0,2,2,0,0,0
"8/15/2022",227,33,"5",6,4,0,0,0,0,0,0,0,0,1,0,0,0,0,0,0,2,0,0,0,0
"8/22/2022",234,34,"5",6,4,0,0,0,0,0,0,0,0,0,0,0,0,0,0,1,0,0,2,0,0
"5/31/2022",151,22,"5",6,5,0,0,0,0,0,0,0,0,0,0,0,0,0,0,0,0,0,0,0,0
"6/13/2022",164,24,"5",6,5,0,0,1,1,0,0,0,0,2,0,0,0,0,0,0,0,0,0,0,0
"6/27/2022",178,26,"5",6,5,0,0,3,0,0,0,0,0,0,0,0,0,0,0,1,1,0,0,0,0
"7/11/2022",192,28,"5",6,5,0,0,0,0,0,0,0,0,0,0,0,0,0,0,0,0,0,0,0,0
"7/25/2022",206,30,"5",6,5,0,0,0,0,0,0,0,0,0,0,0,0,0,0,0,2,0,0,0,0
"8/15/2022",227,33,"5",6,5,0,0,0,0,0,0,0,0,0,0,0,0,0,0,0,0,0,0,0,0
"8/22/2022",234,34,"5",6,5,0,0,0,0,0,0,0,0,0,0,0,0,0,0,4,1,0,2,0,0
"5/31/2022",151,22,"6",1,1,0,0,0,0,0,0,0,0,0,0,0,0,0,0,0,0,0,0,0,0
"6/13/2022",164,24,"6",1,1,0,0,0,0,0,0,0,0,0,0,0,0,0,0,0,0,3,0,0,0
"6/27/2022",178,26,"6",1,1,0,0,1,0,0,0,0,0,0,0,0,0,0,0,0,0,0,0,0,0
"7/11/2022",192,28,"6",1,1,0,0,0,0,0,0,0,0,0,0,0,0,0,0,0,0,1,0,0,0
"7/25/2022",206,30,"6",1,1,0,0,0,0,0,0,0,0,0,0,0,0,0,1,0,1,1,0,0,0
"8/15/2022",227,33,"6",1,1,0,0,0,1,0,0,0,0,0,0,0,0,0,0,0,0,0,0,0,0
"8/22/2022",234,34,"6",1,1,0,0,0,0,0,0,0,0,0,0,0,0,0,2,0,0,0,0,0,0
"5/31/2022",151,22,"6",1,2,0,0,0,0,0,0,0,0,0,0,0,0,0,0,0,0,0,0,0,0
"6/13/2022",164,24,"6",1,2,0,0,0,0,0,0,0,0,0,0,0,0,0,0,0,0,0,0,0,0
"6/27/2022",178,26,"6",1,2,0,0,0,1,0,0,0,0,0,0,0,0,0,1,0,0,0,0,0,0
"7/11/2022",192,28,"6",1,2,0,0,0,0,0,0,0,0,0,0,0,0,0,2,0,0,0,0,0,0
"7/25/2022",206,30,"6",1,2,0,0,0,0,0,0,0,0,0,0,0,0,0,0,0,3,0,0,0,0
"8/15/2022",227,33,"6",1,2,0,0,0,0,0,0,0,0,0,0,0,0,0,0,0,0,0,0,0,0
"8/22/2022",234,34,"6",1,2,0,0,0,0,0,0,0,0,0,0,0,0,0,0,1,0,0,0,0,0
"5/31/2022",151,22,"6",1,3,0,0,0,0,0,0,0,0,0,0,0,0,0,0,0,0,0,0,0,0
"6/13/2022",164,24,"6",1,3,0,0,0,0,0,0,1,0,0,0,0,0,0,0,0,0,0,0,0,0
"6/27/2022",178,26,"6",1,3,0,0,2,0,0,0,0,0,0,0,0,0,0,0,0,0,1,0,0,0
"7/11/2022",192,28,"6",1,3,0,0,0,0,0,0,1,0,0,0,0,0,0,0,0,0,0,0,0,0
"7/25/2022",206,30,"6",1,3,0,0,0,0,0,0,0,0,0,0,0,0,0,0,0,2,1,0,0,0
"8/15/2022",227,33,"6",1,3,0,0,0,1,0,0,0,0,0,0,0,0,0,0,0,0,0,0,0,0
"8/22/2022",234,34,"6",1,3,0,0,0,0,0,0,0,0,0,0,0,0,0,0,0,0,0,0,0,0
"5/31/2022",151,22,"6",1,4,0,0,0,0,0,0,0,0,0,0,0,0,0,0,1,0,0,0,0,0
"6/13/2022",164,24,"6",1,4,0,0,0,0,0,0,0,0,0,0,0,0,0,0,1,0,0,0,0,0
"6/27/2022",178,26,"6",1,4,0,0,0,0,0,0,0,0,1,0,0,0,0,0,0,0,0,0,0,0
"7/11/2022",192,28,"6",1,4,0,0,0,0,0,0,0,0,0,0,0,0,0,0,0,1,0,0,0,0
"7/25/2022",206,30,"6",1,4,0,0,0,0,0,0,0,0,0,0,0,0,0,0,0,2,0,0,0,0
"8/15/2022",227,33,"6",1,4,0,0,0,0,0,0,0,0,0,0,0,0,0,0,0,0,0,0,0,0
"8/22/2022",234,34,"6",1,4,0,0,0,0,0,0,0,0,0,0,0,0,0,0,0,0,0,0,0,0
"5/31/2022",151,22,"6",1,5,0,0,0,0,0,0,0,0,0,0,0,0,0,0,0,0,0,0,0,0
"6/13/2022",164,24,"6",1,5,0,0,0,0,0,0,0,0,0,0,0,0,0,0,0,0,0,0,0,0
"6/27/2022",178,26,"6",1,5,0,0,1,1,0,0,0,0,0,0,0,0,0,0,0,0,0,0,0,0
"7/11/2022",192,28,"6",1,5,0,0,0,0,0,0,0,0,0,0,0,0,0,2,0,2,0,0,0,0
"7/25/2022",206,30,"6",1,5,0,0,0,0,0,0,0,0,0,0,0,0,0,1,0,0,0,0,0,0
"8/15/2022",227,33,"6",1,5,0,0,0,0,0,0,0,0,0,0,0,0,0,0,0,0,0,0,0,0
"8/22/2022",234,34,"6",1,5,0,0,0,0,0,0,0,0,0,0,0,0,0,0,0,0,0,0,0,0
"5/31/2022",151,22,"6",2,1,0,0,0,0,0,0,0,0,0,0,0,0,0,0,0,0,0,0,0,0
"6/13/2022",164,24,"6",2,1,0,0,0,0,0,0,0,0,1,0,0,0,0,0,0,0,0,0,0,0
"6/27/2022",178,26,"6",2,1,0,0,1,4,0,0,0,0,0,0,0,0,0,2,0,0,0,0,0,0
"7/11/2022",192,28,"6",2,1,0,0,0,0,0,0,0,0,0,0,0,0,0,1,0,0,0,0,0,0
"7/25/2022",206,30,"6",2,1,0,0,0,0,0,0,0,0,0,0,0,0,0,1,0,4,0,0,0,0
"8/15/2022",227,33,"6",2,1,0,0,0,0,0,0,0,0,0,0,0,0,0,0,0,0,0,0,0,0
"8/22/2022",234,34,"6",2,1,0,0,0,0,0,0,0,0,0,0,0,0,0,0,0,0,0,0,0,0
"5/31/2022",151,22,"6",2,2,0,0,0,0,0,0,0,0,0,0,0,0,0,0,0,0,0,0,0,0
"6/13/2022",164,24,"6",2,2,0,0,0,0,0,0,0,0,0,0,0,0,0,0,0,0,0,0,0,0
"6/27/2022",178,26,"6",2,2,0,0,0,2,0,0,0,0,0,0,0,0,0,0,0,0,0,0,0,0
"7/11/2022",192,28,"6",2,2,0,0,0,0,0,0,0,0,0,0,0,0,0,0,0,1,0,0,0,0
"7/25/2022",206,30,"6",2,2,0,0,0,0,0,0,0,0,0,0,0,0,0,0,0,1,1,0,0,0
"8/15/2022",227,33,"6",2,2,0,0,0,0,0,0,0,0,0,0,0,0,0,0,0,0,0,0,0,0
"8/22/2022",234,34,"6",2,2,0,0,0,0,0,0,0,0,0,0,0,0,0,0,0,0,0,0,0,0
"5/31/2022",151,22,"6",2,3,0,0,0,0,0,0,0,0,0,0,0,0,0,0,0,0,0,0,0,0
"6/13/2022",164,24,"6",2,3,0,0,0,0,0,0,0,0,1,0,0,0,0,0,0,0,0,0,0,0
"6/27/2022",178,26,"6",2,3,0,0,0,3,0,0,0,0,1,0,0,1,0,0,0,0,1,0,0,0
"7/11/2022",192,28,"6",2,3,0,0,0,0,0,0,0,0,0,0,0,0,0,1,0,4,0,0,0,0
"7/25/2022",206,30,"6",2,3,0,0,0,1,0,0,0,0,0,0,0,0,0,2,0,4,0,0,0,0
"8/15/2022",227,33,"6",2,3,0,0,0,0,0,0,0,0,0,0,0,0,0,0,0,0,0,0,0,0
"8/22/2022",234,34,"6",2,3,0,0,0,0,0,0,0,0,0,0,0,0,0,0,1,0,0,0,0,0
"5/31/2022",151,22,"6",2,4,0,0,0,0,0,0,0,0,0,0,0,0,0,0,1,0,0,0,0,0
"6/13/2022",164,24,"6",2,4,0,0,1,0,0,0,0,0,1,0,0,0,0,0,0,0,1,0,0,0
"6/27/2022",178,26,"6",2,4,0,0,2,0,0,0,0,0,0,0,0,0,0,1,0,0,0,0,0,0
"7/11/2022",192,28,"6",2,4,0,0,0,0,0,0,0,0,0,0,0,0,0,0,0,0,0,0,0,0
"7/25/2022",206,30,"6",2,4,0,0,0,0,0,0,0,0,0,0,0,0,0,1,0,5,0,0,0,0
"8/15/2022",227,33,"6",2,4,0,0,0,0,0,0,0,0,0,0,0,0,0,0,0,0,0,0,0,0
"8/22/2022",234,34,"6",2,4,0,0,0,0,0,0,0,0,0,0,0,0,0,0,1,0,0,0,0,0
"5/31/2022",151,22,"6",2,5,0,0,0,0,0,0,0,0,0,0,0,0,0,0,0,0,0,0,0,0
"6/13/2022",164,24,"6",2,5,0,0,1,0,0,0,0,1,0,0,0,0,0,0,0,0,0,0,0,0
"6/27/2022",178,26,"6",2,5,0,0,12,0,0,0,0,0,1,0,0,0,0,0,0,1,0,0,0,0
"7/11/2022",192,28,"6",2,5,0,0,0,0,0,0,0,0,0,0,0,0,0,0,0,2,0,0,0,0
"7/25/2022",206,30,"6",2,5,0,0,0,2,0,0,0,0,0,0,0,0,0,0,0,3,0,0,0,0
"8/15/2022",227,33,"6",2,5,0,0,0,0,0,0,0,0,0,0,0,0,0,0,0,0,0,0,0,0
"8/22/2022",234,34,"6",2,5,0,0,0,0,0,0,0,0,0,0,0,0,0,0,1,0,0,0,0,0
"5/31/2022",151,22,"6",3,1,0,0,0,0,0,0,0,0,0,0,0,0,0,0,0,0,0,0,0,0
"6/13/2022",164,24,"6",3,1,0,0,1,0,0,0,0,0,0,0,0,0,0,0,0,0,1,0,0,0
"6/27/2022",178,26,"6",3,1,0,0,2,1,0,0,0,0,0,0,0,0,0,0,0,0,0,0,0,0
"7/11/2022",192,28,"6",3,1,0,0,0,1,0,0,0,0,1,0,0,0,0,0,0,0,0,0,0,0
"7/25/2022",206,30,"6",3,1,0,0,0,0,0,0,0,0,0,0,0,0,0,0,0,1,0,0,0,0
"8/15/2022",227,33,"6",3,1,0,0,0,0,0,0,0,0,0,0,0,0,0,0,0,0,0,0,0,0
"8/22/2022",234,34,"6",3,1,0,0,0,0,0,0,0,0,0,0,0,0,0,0,0,0,0,0,0,0
"5/31/2022",151,22,"6",3,2,0,0,0,0,0,0,0,0,1,0,0,0,0,0,0,0,0,0,0,0
"6/13/2022",164,24,"6",3,2,0,0,0,1,0,0,0,0,1,0,0,0,0,0,0,0,0,0,0,0
"6/27/2022",178,26,"6",3,2,0,0,1,0,0,0,0,0,0,0,0,0,0,0,0,0,0,0,0,0
"7/11/2022",192,28,"6",3,2,0,0,0,0,0,0,0,0,0,0,0,0,0,1,0,0,0,0,0,0
"7/25/2022",206,30,"6",3,2,0,0,0,0,0,0,0,0,0,0,0,0,0,0,0,2,0,0,0,0
"8/15/2022",227,33,"6",3,2,0,0,0,0,0,0,0,0,0,0,0,0,0,0,0,0,0,0,0,0
"8/22/2022",234,34,"6",3,2,0,0,0,0,0,0,0,0,0,0,0,0,0,0,0,0,0,0,0,0
"5/31/2022",151,22,"6",3,3,0,0,0,1,0,0,0,0,0,0,0,0,0,0,0,0,0,0,0,0
"6/13/2022",164,24,"6",3,3,0,0,1,0,0,0,0,0,2,0,0,0,0,0,0,0,0,0,0,0
"6/27/2022",178,26,"6",3,3,0,0,1,3,0,0,0,0,0,0,0,0,0,0,0,0,0,1,0,0
"7/11/2022",192,28,"6",3,3,0,0,0,0,0,0,0,0,0,0,0,0,0,0,0,0,0,0,0,0
"7/25/2022",206,30,"6",3,3,0,0,0,0,0,0,0,0,0,0,0,0,0,3,0,2,0,0,0,0
"8/15/2022",227,33,"6",3,3,0,0,0,0,0,0,0,0,0,0,0,0,0,0,0,0,0,0,0,0
"8/22/2022",234,34,"6",3,3,0,0,0,0,0,0,0,0,0,0,0,0,0,0,0,0,0,0,0,0
"5/31/2022",151,22,"6",3,4,0,0,0,0,0,0,0,0,0,0,0,0,0,0,0,0,0,0,0,0
"6/13/2022",164,24,"6",3,4,0,0,0,0,0,0,0,0,0,0,0,0,0,0,0,0,0,0,0,0
"6/27/2022",178,26,"6",3,4,0,0,0,1,0,0,0,0,0,0,0,0,0,0,0,0,0,0,0,0
"7/11/2022",192,28,"6",3,4,0,0,0,0,0,0,0,0,0,1,0,0,0,0,0,0,0,0,0,0
"7/25/2022",206,30,"6",3,4,0,0,0,0,0,0,0,0,0,0,0,0,0,1,0,2,0,0,0,0
"8/15/2022",227,33,"6",3,4,0,0,0,0,0,0,0,0,0,0,0,0,0,0,0,0,0,0,0,0
"8/22/2022",234,34,"6",3,4,0,0,0,0,0,0,0,0,0,0,0,0,0,0,0,0,0,0,0,0
"5/31/2022",151,22,"6",3,5,0,0,0,0,0,0,0,0,0,0,0,0,0,0,0,0,0,0,0,0
"6/13/2022",164,24,"6",3,5,0,0,0,0,0,0,0,0,0,0,0,0,0,0,0,0,0,0,0,0
"6/27/2022",178,26,"6",3,5,0,0,3,5,0,0,0,0,0,0,0,0,0,0,0,0,2,0,0,0
"7/11/2022",192,28,"6",3,5,0,0,0,0,0,0,0,0,0,0,0,0,0,1,0,8,0,0,0,0
"7/25/2022",206,30,"6",3,5,0,0,0,0,0,0,0,0,0,0,0,0,0,0,0,6,0,0,0,0
"8/15/2022",227,33,"6",3,5,0,0,0,0,0,0,0,0,0,0,0,0,0,0,0,0,0,0,0,0
"8/22/2022",234,34,"6",3,5,0,0,0,0,0,0,0,0,0,0,0,0,0,0,0,0,0,0,0,0
"5/31/2022",151,22,"6",4,1,0,0,0,0,0,0,0,0,0,0,0,0,0,0,0,0,0,0,0,0
"6/13/2022",164,24,"6",4,1,0,0,0,0,0,0,0,0,0,0,0,0,0,0,0,0,1,0,0,0
"6/27/2022",178,26,"6",4,1,0,0,1,1,0,0,0,0,0,0,0,0,0,0,0,0,0,0,0,0
"7/11/2022",192,28,"6",4,1,0,0,0,0,0,0,0,0,0,0,0,0,0,0,0,1,0,0,0,0
"7/25/2022",206,30,"6",4,1,0,0,0,1,0,0,0,0,0,0,0,0,0,0,0,8,0,0,0,0
"8/15/2022",227,33,"6",4,1,0,0,0,0,0,0,0,0,0,0,0,0,0,0,0,0,0,0,0,0
"8/22/2022",234,34,"6",4,1,0,0,0,0,0,0,0,0,0,0,0,0,0,0,0,0,0,0,0,0
"5/31/2022",151,22,"6",4,2,0,0,0,0,0,0,0,0,0,0,0,0,0,0,0,0,0,0,0,0
"6/13/2022",164,24,"6",4,2,0,0,0,1,0,0,0,0,0,0,0,0,0,0,1,0,0,0,0,0
"6/27/2022",178,26,"6",4,2,0,1,0,2,0,0,0,0,0,0,0,0,0,0,0,0,0,0,0,0
"7/11/2022",192,28,"6",4,2,0,0,0,0,0,0,0,0,0,0,0,0,0,0,0,2,0,0,0,0
"7/25/2022",206,30,"6",4,2,0,0,0,0,0,0,0,0,0,0,0,0,0,0,0,2,0,0,0,0
"8/15/2022",227,33,"6",4,2,0,0,0,0,0,0,0,0,0,0,0,0,0,0,0,0,0,0,0,0
"8/22/2022",234,34,"6",4,2,0,0,0,0,0,0,0,0,0,0,0,0,0,0,2,0,0,0,0,0
"5/31/2022",151,22,"6",4,3,0,0,0,0,0,0,0,0,0,0,0,0,0,0,0,0,0,0,0,0
"6/13/2022",164,24,"6",4,3,0,0,0,0,0,0,0,0,1,0,0,0,0,0,0,0,0,0,0,0
"6/27/2022",178,26,"6",4,3,0,0,2,0,0,0,0,0,0,0,0,0,0,1,0,0,0,0,0,0
"7/11/2022",192,28,"6",4,3,0,0,0,0,0,0,0,0,0,0,0,0,0,0,0,1,0,0,0,0
"7/25/2022",206,30,"6",4,3,0,0,0,0,0,0,1,0,0,0,0,0,0,0,0,2,0,0,0,0
"8/15/2022",227,33,"6",4,3,0,0,0,0,0,0,0,0,0,0,0,0,0,0,0,0,0,0,0,0
"8/22/2022",234,34,"6",4,3,0,0,0,0,0,0,0,0,0,0,0,0,0,0,0,0,0,0,0,0
"5/31/2022",151,22,"6",4,4,0,0,0,0,0,0,0,0,0,0,0,0,0,0,0,0,0,0,0,0
"6/13/2022",164,24,"6",4,4,0,0,0,0,0,0,0,0,0,0,0,0,0,0,0,0,0,0,0,0
"6/27/2022",178,26,"6",4,4,0,0,3,0,0,0,0,0,0,0,0,0,0,0,0,0,0,0,0,0
"7/11/2022",192,28,"6",4,4,0,0,0,0,0,0,0,0,0,0,0,0,0,0,0,0,0,0,0,0
"7/25/2022",206,30,"6",4,4,0,0,0,0,0,0,0,0,0,0,0,0,0,0,0,3,0,0,0,0
"8/15/2022",227,33,"6",4,4,0,0,0,0,0,0,0,0,0,0,0,0,0,0,1,0,0,0,0,0
"8/22/2022",234,34,"6",4,4,0,0,0,0,0,0,0,0,0,0,0,0,0,0,0,0,0,0,0,0
"5/31/2022",151,22,"6",4,5,0,0,0,0,0,0,0,0,0,0,0,0,0,0,0,0,0,0,0,0
"6/13/2022",164,24,"6",4,5,0,0,0,1,0,0,0,0,0,0,0,0,0,0,1,0,0,0,0,0
"6/27/2022",178,26,"6",4,5,0,0,3,3,0,0,0,1,0,0,0,1,0,0,0,0,0,0,0,0
"7/11/2022",192,28,"6",4,5,0,0,0,0,0,0,0,0,0,0,0,0,0,0,0,1,0,0,0,0
"7/25/2022",206,30,"6",4,5,0,0,0,0,0,0,1,0,0,0,0,0,0,0,0,1,0,0,0,0
"8/15/2022",227,33,"6",4,5,0,0,0,0,0,0,0,0,0,0,0,0,0,0,0,0,0,0,0,0
"8/22/2022",234,34,"6",4,5,0,0,0,0,0,0,1,0,0,0,0,0,0,0,1,0,0,0,0,0
"5/31/2022",151,22,"6",5,1,0,0,0,0,0,0,0,0,0,0,0,0,0,0,0,0,0,0,0,0
"6/13/2022",164,24,"6",5,1,0,0,1,0,0,0,0,0,0,0,0,0,0,1,0,0,0,0,0,0
"6/27/2022",178,26,"6",5,1,0,0,1,3,0,0,0,0,1,0,0,0,0,1,0,0,0,0,0,0
"7/11/2022",192,28,"6",5,1,0,0,0,0,0,0,0,0,0,0,0,0,0,0,0,2,0,0,0,0
"7/25/2022",206,30,"6",5,1,0,0,0,0,0,0,0,0,0,0,0,0,0,0,0,4,0,0,0,0
"8/15/2022",227,33,"6",5,1,0,0,0,0,0,0,0,0,0,0,0,0,0,0,0,0,0,0,0,0
"8/22/2022",234,34,"6",5,1,0,0,0,0,0,0,0,0,0,0,0,0,0,0,0,0,0,0,0,0
"5/31/2022",151,22,"6",5,2,0,0,0,0,0,0,0,0,0,0,0,0,0,0,0,0,0,0,0,0
"6/13/2022",164,24,"6",5,2,0,0,1,0,0,0,0,0,0,0,0,0,0,0,0,0,0,0,0,0
"6/27/2022",178,26,"6",5,2,0,0,4,1,0,0,0,0,0,0,0,0,0,0,0,0,0,0,0,0
"7/11/2022",192,28,"6",5,2,0,0,0,0,0,0,0,0,0,0,0,0,0,0,0,0,0,0,0,0
"7/25/2022",206,30,"6",5,2,0,0,0,0,0,0,0,0,0,0,0,0,0,1,0,3,0,0,0,0
"8/15/2022",227,33,"6",5,2,0,0,0,0,0,0,0,0,0,0,0,0,0,0,0,0,0,0,0,0
"8/22/2022",234,34,"6",5,2,0,0,0,0,0,0,0,0,0,0,0,0,0,0,0,0,0,0,0,0
"5/31/2022",151,22,"6",5,3,0,0,0,0,0,0,0,0,0,0,0,0,0,0,0,0,0,0,0,0
"6/13/2022",164,24,"6",5,3,0,0,1,0,0,0,0,1,0,0,0,0,0,0,0,0,0,0,0,0
"6/27/2022",178,26,"6",5,3,0,0,0,1,0,0,0,0,0,0,0,0,0,0,0,1,0,0,0,0
"7/11/2022",192,28,"6",5,3,0,0,0,0,0,0,0,0,0,0,0,0,0,1,0,2,0,0,0,0
"7/25/2022",206,30,"6",5,3,0,0,0,3,0,0,0,0,0,0,0,0,0,0,0,1,0,0,0,0
"8/15/2022",227,33,"6",5,3,0,0,0,0,0,0,0,0,0,0,0,0,0,0,0,0,0,0,0,0
"8/22/2022",234,34,"6",5,3,0,0,0,0,0,0,0,0,0,0,0,0,0,0,0,0,0,0,0,0
"5/31/2022",151,22,"6",5,4,0,0,0,0,0,0,0,0,0,0,0,0,0,0,0,0,0,0,0,0
"6/13/2022",164,24,"6",5,4,0,0,3,0,0,0,0,0,0,0,0,0,0,0,0,0,0,0,0,0
"6/27/2022",178,26,"6",5,4,0,0,0,1,0,0,0,0,0,0,0,0,0,0,0,0,0,0,0,0
"7/11/2022",192,28,"6",5,4,0,0,0,0,0,0,0,0,0,0,0,0,0,0,0,1,0,0,0,0
"7/25/2022",206,30,"6",5,4,0,0,0,1,0,0,1,0,0,0,0,0,0,0,0,2,0,0,0,0
"8/15/2022",227,33,"6",5,4,0,0,0,0,0,0,0,0,0,0,0,0,0,0,0,0,0,0,0,0
"8/22/2022",234,34,"6",5,4,0,0,0,0,0,0,0,0,0,0,0,0,0,0,1,0,0,1,0,0
"5/31/2022",151,22,"6",5,5,0,0,0,0,0,0,0,0,0,0,0,0,0,0,0,0,0,0,0,0
"6/13/2022",164,24,"6",5,5,0,0,0,0,0,0,0,1,0,0,0,0,0,0,1,0,0,0,0,0
"6/27/2022",178,26,"6",5,5,0,0,1,1,0,0,0,0,0,0,0,0,0,0,0,0,0,0,0,0
"7/11/2022",192,28,"6",5,5,0,0,0,0,0,0,0,0,0,0,0,0,0,0,0,0,0,0,0,0
"7/25/2022",206,30,"6",5,5,0,0,0,0,0,0,0,0,0,0,0,0,0,0,0,1,0,0,0,0
"8/15/2022",227,33,"6",5,5,0,0,0,0,0,0,0,0,0,0,0,0,0,0,0,0,0,0,0,0
"8/22/2022",234,34,"6",5,5,0,0,0,0,0,0,0,0,0,0,0,0,0,0,2,0,0,0,0,0
"5/31/2022",151,22,"6",6,1,0,0,0,0,0,0,0,0,0,0,0,0,0,0,1,0,0,0,0,0
"6/13/2022",164,24,"6",6,1,0,0,1,0,0,0,0,0,0,0,0,0,0,0,0,0,0,0,0,0
"6/27/2022",178,26,"6",6,1,0,0,2,0,0,0,0,0,0,0,0,0,0,0,0,0,1,0,0,0
"7/11/2022",192,28,"6",6,1,0,0,0,0,0,0,0,0,1,0,0,0,0,0,0,5,0,0,0,0
"7/25/2022",206,30,"6",6,1,0,0,0,0,0,0,1,0,0,0,0,0,0,0,0,3,0,0,0,0
"8/15/2022",227,33,"6",6,1,0,0,0,0,0,0,0,0,0,0,0,0,0,0,0,0,0,0,0,0
"8/22/2022",234,34,"6",6,1,0,0,0,0,0,0,0,0,0,0,0,0,0,0,0,0,0,0,0,0
"5/31/2022",151,22,"6",6,2,0,0,1,0,0,0,0,0,0,0,0,0,0,0,0,0,0,0,0,0
"6/13/2022",164,24,"6",6,2,0,0,1,3,0,0,0,0,0,0,0,0,0,0,0,0,0,0,0,0
"6/27/2022",178,26,"6",6,2,0,0,0,0,0,0,0,0,0,0,0,0,0,0,0,0,0,0,0,0
"7/11/2022",192,28,"6",6,2,0,0,0,0,0,0,0,0,0,0,0,0,0,0,0,5,0,0,0,0
"7/25/2022",206,30,"6",6,2,0,0,0,0,0,0,0,0,0,0,0,0,0,1,0,3,2,0,0,0
"8/15/2022",227,33,"6",6,2,0,0,0,0,0,0,0,0,0,0,0,0,0,0,0,0,0,0,0,0
"8/22/2022",234,34,"6",6,2,0,0,0,0,0,0,0,0,0,0,0,0,0,0,2,0,0,0,0,0
"5/31/2022",151,22,"6",6,3,0,0,0,0,0,0,0,0,0,0,0,0,0,0,0,0,0,0,0,0
"6/13/2022",164,24,"6",6,3,0,0,0,2,0,0,0,0,0,0,0,0,0,0,0,0,0,1,0,0
"6/27/2022",178,26,"6",6,3,0,0,2,0,0,0,0,0,0,0,0,0,0,0,0,0,0,0,0,0
"7/11/2022",192,28,"6",6,3,0,0,0,0,0,0,0,0,0,0,0,0,0,0,0,6,0,0,0,0
"7/25/2022",206,30,"6",6,3,0,0,0,0,0,0,0,0,0,0,0,0,0,1,0,2,0,0,0,0
"8/15/2022",227,33,"6",6,3,0,0,0,0,0,0,0,0,0,0,0,0,0,1,0,1,0,0,0,0
"8/22/2022",234,34,"6",6,3,0,0,1,0,0,0,0,0,0,0,0,0,0,0,0,0,0,0,0,0
"5/31/2022",151,22,"6",6,4,0,0,0,0,0,0,0,0,0,0,0,0,0,0,0,0,0,0,0,0
"6/13/2022",164,24,"6",6,4,0,0,0,0,0,0,0,0,0,0,0,0,0,0,0,0,0,0,0,0
"6/27/2022",178,26,"6",6,4,0,0,0,0,0,0,0,0,0,0,0,0,0,0,0,1,0,0,0,0
"7/11/2022",192,28,"6",6,4,0,0,0,0,0,0,0,0,0,0,0,0,0,0,0,4,0,0,0,0
"7/25/2022",206,30,"6",6,4,0,0,0,0,0,0,0,0,0,0,0,0,0,1,0,6,0,0,0,0
"8/15/2022",227,33,"6",6,4,0,0,0,0,0,0,0,0,0,0,0,0,0,1,0,1,0,0,0,0
"8/22/2022",234,34,"6",6,4,0,0,0,0,0,0,0,0,0,0,0,0,0,1,0,0,0,0,0,0
"5/31/2022",151,22,"6",6,5,0,0,0,0,0,0,0,0,0,0,0,0,0,0,0,0,0,0,0,0
"6/13/2022",164,24,"6",6,5,0,0,1,0,0,0,0,0,0,0,0,0,0,0,0,0,1,0,0,0
"6/27/2022",178,26,"6",6,5,0,0,0,1,0,0,0,0,0,0,0,0,0,1,0,1,1,0,0,0
"7/11/2022",192,28,"6",6,5,0,0,0,0,0,0,0,0,0,0,0,0,0,1,0,3,0,0,0,0
"7/25/2022",206,30,"6",6,5,0,0,0,0,0,0,0,0,0,0,0,0,0,0,0,13,0,0,0,0
"8/15/2022",227,33,"6",6,5,0,0,0,0,0,0,0,0,0,0,0,0,0,1,0,1,0,0,0,0
"8/22/2022",234,34,"6",6,5,0,0,0,0,0,0,0,0,0,0,0,0,0,0,0,1,0,0,0,0
"5/31/2022",151,22,"7",1,1,0,0,0,0,0,0,0,0,0,0,0,0,0,0,0,0,0,0,0,0
"6/13/2022",164,24,"7",1,1,0,0,2,0,0,0,0,0,1,0,0,0,0,0,0,0,0,0,0,0
"6/27/2022",178,26,"7",1,1,0,0,0,0,0,0,0,0,1,0,0,0,0,1,0,1,1,0,0,0
"7/11/2022",192,28,"7",1,1,0,0,0,0,0,0,0,0,0,0,0,0,0,0,0,0,0,0,0,0
"7/25/2022",206,30,"7",1,1,0,0,0,0,0,0,0,0,0,0,0,0,0,0,0,2,1,0,0,0
"8/15/2022",227,33,"7",1,1,0,0,0,0,0,0,0,0,1,0,0,0,0,0,1,0,2,0,0,0
"8/22/2022",234,34,"7",1,1,0,0,0,0,0,0,0,0,0,0,0,0,0,0,4,0,0,0,0,0
"5/31/2022",151,22,"7",1,2,0,0,0,0,0,0,0,0,0,0,0,0,0,0,0,0,0,0,0,0
"6/13/2022",164,24,"7",1,2,0,0,0,0,0,0,0,0,0,0,0,0,0,0,0,0,0,0,0,0
"6/27/2022",178,26,"7",1,2,0,0,0,0,0,0,0,0,0,0,0,0,0,1,0,0,0,0,0,0
"7/11/2022",192,28,"7",1,2,0,0,0,0,0,0,0,0,0,0,0,0,0,0,0,0,0,0,0,0
"7/25/2022",206,30,"7",1,2,0,0,0,0,0,0,0,0,1,0,0,0,0,0,0,2,1,0,0,0
"8/15/2022",227,33,"7",1,2,0,0,0,0,0,0,0,0,1,0,0,0,0,0,9,3,1,0,0,0
"8/22/2022",234,34,"7",1,2,0,0,0,0,0,0,0,0,0,0,0,0,0,0,3,1,0,1,0,0
"5/31/2022",151,22,"7",1,3,0,0,0,0,0,0,0,0,0,0,0,0,0,0,0,0,0,0,0,0
"6/13/2022",164,24,"7",1,3,0,0,1,0,0,0,0,0,0,0,0,0,0,0,0,0,0,0,0,0
"6/27/2022",178,26,"7",1,3,0,0,2,0,0,0,0,0,2,0,0,0,0,0,0,0,0,0,0,0
"7/11/2022",192,28,"7",1,3,0,0,0,0,0,0,0,0,1,0,0,0,0,0,0,1,0,0,0,0
"7/25/2022",206,30,"7",1,3,0,0,0,0,0,0,0,0,1,0,0,0,0,0,0,0,0,0,0,0
"8/15/2022",227,33,"7",1,3,0,0,0,0,0,0,0,0,0,0,0,0,0,0,1,0,0,1,0,0
"8/22/2022",234,34,"7",1,3,0,0,0,0,0,0,0,0,0,0,0,0,0,0,0,0,0,0,0,0
"5/31/2022",151,22,"7",1,4,0,0,0,0,0,0,0,0,1,0,0,0,0,0,0,0,0,0,0,0
"6/13/2022",164,24,"7",1,4,0,0,0,0,0,0,0,0,0,0,0,0,0,1,0,0,0,0,0,0
"6/27/2022",178,26,"7",1,4,0,0,1,0,0,0,0,0,0,0,0,0,0,0,0,0,0,0,0,0
"7/11/2022",192,28,"7",1,4,0,0,0,0,0,0,0,0,0,0,0,0,0,0,1,0,0,0,0,0
"7/25/2022",206,30,"7",1,4,0,0,0,0,0,0,0,0,0,0,0,0,0,0,0,1,0,0,0,0
"8/15/2022",227,33,"7",1,4,0,0,0,0,0,0,0,0,1,0,0,0,0,0,10,2,1,0,0,0
"8/22/2022",234,34,"7",1,4,0,0,1,0,0,0,0,0,1,0,0,0,0,0,8,1,0,0,0,0
"5/31/2022",151,22,"7",1,5,0,0,0,0,0,0,0,0,0,0,0,0,0,0,1,0,0,0,0,0
"6/13/2022",164,24,"7",1,5,0,0,0,0,0,0,0,0,0,0,0,0,0,0,0,0,0,0,0,0
"6/27/2022",178,26,"7",1,5,0,0,4,0,0,0,0,0,1,0,0,0,0,0,0,0,0,0,0,0
"7/11/2022",192,28,"7",1,5,0,0,0,0,0,0,0,0,1,0,0,0,0,0,0,0,0,0,0,0
"7/25/2022",206,30,"7",1,5,0,0,0,0,0,0,0,0,0,0,0,0,0,0,0,2,0,0,0,0
"8/15/2022",227,33,"7",1,5,0,0,0,0,0,0,0,0,0,0,0,0,0,0,10,0,5,0,0,0
"8/22/2022",234,34,"7",1,5,0,0,0,0,0,0,0,0,1,0,0,0,0,0,3,0,0,0,0,0
"5/31/2022",151,22,"7",2,1,0,0,0,0,0,0,0,0,0,0,0,0,0,0,2,0,0,0,0,0
"6/13/2022",164,24,"7",2,1,0,0,0,0,0,0,0,0,0,0,0,0,0,0,0,0,0,0,0,0
"6/27/2022",178,26,"7",2,1,0,0,2,0,0,0,0,0,0,0,0,0,0,0,0,0,0,0,0,0
"7/11/2022",192,28,"7",2,1,0,0,0,0,0,0,0,0,0,0,0,0,0,0,0,0,0,0,0,0
"7/25/2022",206,30,"7",2,1,0,0,0,0,0,0,0,0,0,0,0,0,0,0,0,3,1,0,0,0
"8/15/2022",227,33,"7",2,1,0,0,0,0,0,0,0,0,0,0,0,0,0,0,0,1,0,0,0,0
"8/22/2022",234,34,"7",2,1,0,0,0,0,0,0,0,0,0,0,0,0,0,0,0,0,0,0,0,0
"5/31/2022",151,22,"7",2,2,0,0,0,0,0,0,0,0,0,0,0,0,0,0,0,0,0,0,0,0
"6/13/2022",164,24,"7",2,2,0,0,1,0,0,0,0,0,1,0,0,0,0,0,0,0,0,0,0,0
"6/27/2022",178,26,"7",2,2,0,0,3,0,0,0,0,0,1,0,0,0,0,0,0,0,0,0,0,0
"7/11/2022",192,28,"7",2,2,0,0,0,0,0,0,0,0,0,0,0,0,0,0,0,2,0,0,0,0
"7/25/2022",206,30,"7",2,2,0,0,0,0,0,0,0,0,0,0,0,0,0,0,0,5,2,0,0,0
"8/15/2022",227,33,"7",2,2,0,0,0,0,0,0,0,0,0,0,0,0,0,0,1,0,0,0,0,0
"8/22/2022",234,34,"7",2,2,0,0,0,0,0,0,0,0,0,0,0,0,0,0,6,0,0,0,0,0
"5/31/2022",151,22,"7",2,3,0,0,0,0,0,0,0,0,0,0,0,0,0,0,0,0,0,0,0,0
"6/13/2022",164,24,"7",2,3,0,0,0,0,0,0,0,0,0,0,0,0,0,0,0,0,0,0,0,0
"6/27/2022",178,26,"7",2,3,0,0,1,0,0,0,0,0,1,0,0,0,0,0,0,1,0,0,0,0
"7/11/2022",192,28,"7",2,3,0,0,0,0,0,0,0,0,0,0,0,0,0,0,0,3,0,0,0,0
"7/25/2022",206,30,"7",2,3,0,0,0,0,0,0,0,0,0,0,0,0,0,0,0,3,0,0,0,0
"8/15/2022",227,33,"7",2,3,0,0,0,0,0,0,0,0,1,0,0,0,0,0,4,1,0,0,0,0
"8/22/2022",234,34,"7",2,3,0,0,0,0,0,0,0,0,0,0,0,0,0,0,2,0,1,0,0,0
"5/31/2022",151,22,"7",2,4,0,0,0,0,0,0,0,0,0,0,0,0,0,0,0,0,0,0,0,0
"6/13/2022",164,24,"7",2,4,0,0,1,0,0,0,0,0,0,0,0,0,0,0,0,0,0,0,0,0
"6/27/2022",178,26,"7",2,4,0,0,2,0,0,0,0,1,2,0,0,0,0,0,0,0,2,0,0,0
"7/11/2022",192,28,"7",2,4,0,0,0,0,0,0,0,0,0,0,0,0,0,0,0,1,0,0,0,0
"7/25/2022",206,30,"7",2,4,0,0,0,0,0,0,0,0,1,0,0,0,0,0,0,1,6,0,0,0
"8/15/2022",227,33,"7",2,4,0,0,1,0,0,0,0,0,2,0,0,0,0,0,0,1,3,0,0,0
"8/22/2022",234,34,"7",2,4,0,0,0,0,0,0,0,0,0,0,0,0,0,0,1,0,1,0,0,0
"5/31/2022",151,22,"7",2,5,0,0,0,1,0,0,0,0,0,0,0,0,0,0,0,0,1,0,0,0
"6/13/2022",164,24,"7",2,5,0,0,0,0,0,0,0,0,0,0,0,0,0,0,0,0,0,0,0,0
"6/27/2022",178,26,"7",2,5,0,0,1,0,0,0,0,1,0,0,0,0,0,0,0,0,0,0,0,0
"7/11/2022",192,28,"7",2,5,0,0,0,0,0,0,0,0,0,0,0,0,0,0,0,1,0,0,0,0
"7/25/2022",206,30,"7",2,5,0,0,0,0,0,0,0,0,2,0,0,0,0,0,1,3,2,0,0,0
"8/15/2022",227,33,"7",2,5,0,0,2,0,0,0,0,0,0,0,0,0,0,0,3,0,2,0,0,0
"8/22/2022",234,34,"7",2,5,0,0,1,0,0,0,0,0,2,0,0,0,0,0,2,0,0,1,0,0
"5/31/2022",151,22,"7",3,1,0,0,0,0,0,0,0,0,1,0,0,0,0,0,0,0,0,0,0,0
"6/13/2022",164,24,"7",3,1,0,0,0,0,0,0,0,0,1,0,0,0,0,0,1,0,0,0,0,0
"6/27/2022",178,26,"7",3,1,0,0,1,0,0,0,0,0,0,0,0,0,0,0,0,0,0,0,0,0
"7/11/2022",192,28,"7",3,1,0,0,0,0,0,0,0,0,0,0,0,0,0,0,0,0,0,0,0,0
"7/25/2022",206,30,"7",3,1,0,0,0,0,0,0,0,0,0,0,0,0,0,0,0,3,0,0,0,0
"8/15/2022",227,33,"7",3,1,0,0,0,0,0,0,0,0,1,0,0,0,0,0,0,1,0,0,0,0
"8/22/2022",234,34,"7",3,1,0,0,0,0,0,0,0,0,1,0,0,0,0,0,2,0,0,0,0,0
"5/31/2022",151,22,"7",3,2,0,0,1,0,0,0,0,0,0,0,0,0,0,0,0,0,0,0,0,0
"6/13/2022",164,24,"7",3,2,0,0,0,0,0,0,0,0,0,0,0,0,0,0,0,0,0,0,0,0
"6/27/2022",178,26,"7",3,2,0,0,2,0,0,0,0,0,0,0,0,0,0,0,0,0,0,0,0,0
"7/11/2022",192,28,"7",3,2,0,0,1,0,0,0,0,0,1,0,0,0,0,0,0,1,0,0,0,0
"7/25/2022",206,30,"7",3,2,0,0,0,0,0,0,0,0,1,0,0,0,0,0,0,3,0,0,0,0
"8/15/2022",227,33,"7",3,2,0,0,0,0,0,0,0,0,0,0,0,0,0,0,0,3,1,1,0,0
"8/22/2022",234,34,"7",3,2,0,0,0,0,0,0,0,0,0,0,0,0,0,0,1,0,0,0,0,0
"5/31/2022",151,22,"7",3,3,0,0,1,0,0,0,0,0,0,0,0,0,0,0,0,0,0,0,0,0
"6/13/2022",164,24,"7",3,3,0,0,0,0,0,0,0,0,1,0,0,0,0,0,0,0,0,0,0,0
"6/27/2022",178,26,"7",3,3,0,0,2,0,0,0,0,0,1,0,0,0,0,0,2,0,2,0,0,0
"7/11/2022",192,28,"7",3,3,0,0,0,0,0,0,0,0,0,0,0,0,0,0,0,1,0,0,0,0
"7/25/2022",206,30,"7",3,3,0,0,0,0,0,0,0,0,0,0,0,0,0,0,0,9,0,0,0,0
"8/15/2022",227,33,"7",3,3,0,0,0,0,0,0,0,0,3,0,0,0,0,0,0,2,0,0,0,0
"8/22/2022",234,34,"7",3,3,0,0,1,0,0,0,0,0,1,0,0,0,0,0,1,4,0,0,0,0
"5/31/2022",151,22,"7",3,4,0,0,0,0,0,0,0,0,0,0,0,0,0,0,0,0,0,0,0,0
"6/13/2022",164,24,"7",3,4,0,0,0,0,0,0,0,0,0,0,0,0,0,0,0,0,0,0,0,0
"6/27/2022",178,26,"7",3,4,0,0,3,0,0,0,0,0,1,0,0,0,0,0,0,0,0,0,0,0
"7/11/2022",192,28,"7",3,4,0,0,1,0,0,0,0,0,0,0,0,0,0,0,0,1,0,0,0,0
"7/25/2022",206,30,"7",3,4,0,0,0,0,0,0,0,0,0,0,0,0,0,0,0,2,0,0,0,0
"8/15/2022",227,33,"7",3,4,0,0,0,0,0,0,0,0,0,0,0,0,0,0,0,1,3,0,0,0
"8/22/2022",234,34,"7",3,4,0,0,0,0,0,0,0,0,0,0,0,0,0,0,0,3,1,0,0,0
"5/31/2022",151,22,"7",3,5,0,0,0,0,0,0,0,0,0,0,0,0,0,0,0,0,0,0,0,0
"6/13/2022",164,24,"7",3,5,0,0,0,0,0,0,0,0,0,0,0,0,0,0,0,0,0,0,0,0
"6/27/2022",178,26,"7",3,5,0,0,0,0,0,0,0,0,0,0,0,0,0,0,0,0,0,0,0,0
"7/11/2022",192,28,"7",3,5,0,0,0,0,0,0,0,0,0,0,0,0,0,0,0,1,0,0,0,0
"7/25/2022",206,30,"7",3,5,0,0,0,0,0,0,0,0,1,0,0,0,0,0,0,1,0,0,0,0
"8/15/2022",227,33,"7",3,5,0,0,0,0,0,0,0,0,1,0,0,0,0,0,0,1,1,0,0,0
"8/22/2022",234,34,"7",3,5,0,0,0,0,0,0,0,0,0,0,0,0,0,0,0,5,0,1,0,0
"5/31/2022",151,22,"7",4,1,0,0,0,0,0,0,0,0,1,0,0,0,0,0,1,0,0,0,0,0
"6/13/2022",164,24,"7",4,1,0,0,0,0,0,0,0,0,1,0,0,0,0,0,1,0,0,0,0,0
"6/27/2022",178,26,"7",4,1,0,0,3,0,0,0,0,0,1,0,0,0,0,1,0,0,0,0,0,0
"7/11/2022",192,28,"7",4,1,0,0,0,0,0,0,0,0,0,0,0,0,0,0,0,1,0,0,0,0
"7/25/2022",206,30,"7",4,1,0,0,0,0,0,0,0,0,0,0,0,0,0,0,0,1,0,0,0,0
"8/15/2022",227,33,"7",4,1,0,0,0,0,0,0,0,0,1,0,0,0,0,0,1,2,0,2,0,0
"8/22/2022",234,34,"7",4,1,0,0,0,0,0,0,0,0,0,0,0,0,0,0,2,0,0,0,0,0
"5/31/2022",151,22,"7",4,2,0,0,0,0,0,0,0,0,0,0,0,0,0,0,0,0,0,0,0,0
"6/13/2022",164,24,"7",4,2,0,0,1,0,0,0,0,0,1,0,0,0,0,0,0,0,0,0,0,0
"6/27/2022",178,26,"7",4,2,0,1,4,0,0,0,1,0,0,0,0,0,0,0,0,0,1,0,0,0
"7/11/2022",192,28,"7",4,2,0,1,1,0,0,0,0,0,0,0,0,0,0,0,0,0,0,0,0,0
"7/25/2022",206,30,"7",4,2,0,0,0,0,0,0,1,0,0,0,0,0,0,0,0,3,0,0,0,0
"8/15/2022",227,33,"7",4,2,0,0,0,0,0,0,0,0,1,0,0,0,0,0,0,2,0,0,0,0
"8/22/2022",234,34,"7",4,2,0,0,0,0,0,0,0,0,1,0,0,0,0,0,1,0,0,0,0,0
"5/31/2022",151,22,"7",4,3,0,0,0,0,0,0,0,0,0,0,0,0,0,0,0,0,0,0,0,0
"6/13/2022",164,24,"7",4,3,0,0,0,0,0,0,0,0,0,0,0,0,0,0,0,0,0,0,0,0
"6/27/2022",178,26,"7",4,3,0,0,5,0,0,0,0,0,0,0,0,0,0,0,0,0,0,0,0,0
"7/11/2022",192,28,"7",4,3,0,0,1,0,0,0,0,0,0,0,0,0,0,0,0,0,0,0,0,0
"7/25/2022",206,30,"7",4,3,0,0,0,0,0,0,0,0,1,0,0,0,0,0,0,0,0,0,0,0
"8/15/2022",227,33,"7",4,3,0,0,0,0,0,0,0,0,0,0,0,0,0,0,0,1,0,1,0,0
"8/22/2022",234,34,"7",4,3,0,0,0,0,0,0,0,0,0,0,0,0,0,0,1,0,0,1,0,0
"5/31/2022",151,22,"7",4,4,0,0,0,0,0,0,0,0,0,0,0,0,0,0,0,0,0,0,0,0
"6/13/2022",164,24,"7",4,4,0,0,3,1,0,0,0,0,0,0,0,0,0,0,0,0,0,0,0,0
"6/27/2022",178,26,"7",4,4,0,0,5,0,0,0,0,0,0,0,0,0,0,0,0,0,0,0,0,0
"7/11/2022",192,28,"7",4,4,0,0,0,0,0,0,0,0,1,0,0,0,0,0,0,0,0,0,0,0
"7/25/2022",206,30,"7",4,4,0,0,0,0,0,0,0,0,1,0,0,0,0,1,0,0,0,0,0,0
"8/15/2022",227,33,"7",4,4,0,0,0,0,0,0,0,0,2,0,0,0,0,0,0,2,0,1,0,0
"8/22/2022",234,34,"7",4,4,0,0,0,0,0,0,0,0,0,0,0,0,0,0,0,0,0,0,0,0
"5/31/2022",151,22,"7",4,5,0,0,0,0,0,0,0,0,0,0,0,0,0,0,0,0,0,0,0,0
"6/13/2022",164,24,"7",4,5,0,0,0,0,0,0,0,0,0,0,0,0,0,0,0,0,0,0,0,0
"6/27/2022",178,26,"7",4,5,0,0,2,0,0,0,0,0,0,0,0,0,0,0,0,0,0,0,0,0
"7/11/2022",192,28,"7",4,5,0,0,0,0,0,0,0,0,0,0,0,0,0,0,0,1,0,0,0,0
"7/25/2022",206,30,"7",4,5,0,0,0,0,0,0,0,0,0,0,0,0,0,0,0,0,0,0,0,0
"8/15/2022",227,33,"7",4,5,0,0,0,0,0,0,0,0,0,0,0,0,0,0,0,1,0,1,0,0
"8/22/2022",234,34,"7",4,5,0,0,0,0,0,0,0,0,0,0,0,0,0,0,0,0,0,6,0,0
"5/31/2022",151,22,"7",5,1,0,0,0,1,0,0,0,0,0,0,0,0,0,0,0,0,0,0,0,0
"6/13/2022",164,24,"7",5,1,0,0,1,0,0,0,0,0,1,0,0,0,0,0,0,0,0,0,0,0
"6/27/2022",178,26,"7",5,1,0,0,3,0,0,0,0,0,1,0,0,0,0,0,0,0,0,0,0,0
"7/11/2022",192,28,"7",5,1,0,0,0,0,0,0,0,0,1,0,0,0,0,1,0,6,0,0,0,0
"7/25/2022",206,30,"7",5,1,0,0,0,0,0,0,0,0,2,0,0,0,0,0,1,1,0,0,0,0
"8/15/2022",227,33,"7",5,1,0,0,0,0,0,0,0,0,1,0,0,0,0,0,0,1,0,0,0,0
"8/22/2022",234,34,"7",5,1,0,0,0,0,0,0,0,0,1,0,0,0,0,0,1,2,1,0,0,0
"5/31/2022",151,22,"7",5,2,0,0,0,0,0,0,0,0,1,0,0,0,0,0,0,0,0,0,0,0
"6/13/2022",164,24,"7",5,2,0,0,5,0,0,0,0,0,0,0,0,0,0,0,0,0,0,0,0,0
"6/27/2022",178,26,"7",5,2,0,0,6,0,0,0,0,0,0,0,0,0,0,0,0,0,1,0,0,0
"7/11/2022",192,28,"7",5,2,0,0,0,0,0,0,0,0,1,0,0,0,0,0,0,1,0,0,0,0
"7/25/2022",206,30,"7",5,2,0,0,0,0,0,0,0,0,1,0,0,0,0,0,0,1,1,0,0,0
"8/15/2022",227,33,"7",5,2,0,0,0,0,0,0,0,0,3,0,0,0,0,0,0,2,1,0,0,0
"8/22/2022",234,34,"7",5,2,0,0,0,0,0,0,0,0,2,0,0,0,0,0,2,0,2,0,0,0
"5/31/2022",151,22,"7",5,3,0,0,0,0,0,0,0,0,0,0,0,0,0,0,0,0,0,0,0,0
"6/13/2022",164,24,"7",5,3,0,0,3,0,0,0,0,0,0,0,0,0,0,0,0,0,0,0,0,0
"6/27/2022",178,26,"7",5,3,0,0,5,1,0,0,0,0,0,0,0,0,0,0,1,0,0,0,0,0
"7/11/2022",192,28,"7",5,3,0,0,3,0,0,0,0,0,1,0,0,0,0,0,0,2,0,0,0,0
"7/25/2022",206,30,"7",5,3,0,0,1,0,0,0,0,0,4,0,0,0,0,0,0,6,0,0,0,0
"8/15/2022",227,33,"7",5,3,0,0,0,0,0,0,0,0,0,0,0,0,0,0,0,2,2,0,0,0
"8/22/2022",234,34,"7",5,3,0,0,0,0,0,0,0,0,1,0,0,0,0,0,4,2,1,0,0,0
"5/31/2022",151,22,"7",5,4,0,0,0,0,0,0,0,0,0,0,0,0,0,0,0,0,0,0,0,0
"6/13/2022",164,24,"7",5,4,0,0,1,0,0,0,0,0,0,0,0,0,0,0,0,0,0,0,0,0
"6/27/2022",178,26,"7",5,4,0,0,4,0,0,0,0,0,1,1,0,0,0,0,0,0,1,0,0,0
"7/11/2022",192,28,"7",5,4,0,0,0,0,0,0,0,0,1,0,0,0,0,0,0,3,0,0,0,0
"7/25/2022",206,30,"7",5,4,0,0,0,0,0,0,0,0,1,0,0,0,0,0,0,2,0,0,0,0
"8/15/2022",227,33,"7",5,4,0,0,0,0,0,0,0,0,0,0,0,0,0,0,0,0,0,2,0,0
"8/22/2022",234,34,"7",5,4,0,0,0,0,0,0,0,0,0,0,0,0,0,0,0,1,1,10,0,0
"5/31/2022",151,22,"7",5,5,0,0,0,0,0,0,0,0,1,0,0,0,0,0,0,0,0,0,0,0
"6/13/2022",164,24,"7",5,5,0,0,4,1,0,0,0,0,0,0,0,0,0,0,0,0,0,0,0,0
"6/27/2022",178,26,"7",5,5,0,0,5,0,0,0,0,0,0,0,0,0,0,0,0,0,0,0,0,0
"7/11/2022",192,28,"7",5,5,0,0,0,0,0,0,0,0,0,0,0,0,0,0,0,2,0,0,0,0
"7/25/2022",206,30,"7",5,5,0,0,0,0,0,0,0,0,0,0,0,0,0,0,0,6,0,0,0,0
"8/15/2022",227,33,"7",5,5,0,0,0,0,0,0,0,0,1,0,0,0,0,0,0,1,4,0,0,0
"8/22/2022",234,34,"7",5,5,0,0,0,0,0,0,0,0,0,0,0,0,0,0,0,0,0,0,0,0
"5/31/2022",151,22,"7",6,1,0,0,0,0,0,0,0,0,0,0,0,0,0,0,0,0,0,0,0,0
"6/13/2022",164,24,"7",6,1,0,0,0,0,0,0,0,0,1,0,0,0,0,0,0,0,0,1,0,0
"6/27/2022",178,26,"7",6,1,0,0,1,0,0,0,0,0,0,0,0,0,0,0,0,1,0,0,0,0
"7/5/2022",186,27,"7",6,1,0,1,1,0,0,0,0,0,0,0,0,0,0,0,0,3,0,0,0,0
"7/25/2022",206,30,"7",6,1,0,0,0,0,0,0,0,0,0,0,0,0,0,0,0,1,0,0,0,0
"8/15/2022",227,33,"7",6,1,0,0,0,0,0,0,0,0,1,0,0,0,0,0,0,0,0,1,0,0
"8/22/2022",234,34,"7",6,1,0,0,0,0,0,0,0,0,2,0,0,0,0,0,4,1,1,0,0,0
"5/31/2022",151,22,"7",6,2,0,0,0,0,0,0,0,0,0,0,0,0,0,0,0,0,0,0,0,0
"6/13/2022",164,24,"7",6,2,0,0,2,0,0,0,0,0,0,0,0,0,0,0,0,0,0,0,0,0
"6/27/2022",178,26,"7",6,2,0,0,3,0,0,0,0,0,1,0,0,0,0,0,0,1,1,0,0,0
"7/5/2022",186,27,"7",6,2,0,0,0,1,0,0,0,0,0,0,0,0,0,0,0,2,0,0,0,0
"7/25/2022",206,30,"7",6,2,0,0,0,0,0,0,0,0,1,0,0,0,0,0,0,1,0,0,0,0
"8/15/2022",227,33,"7",6,2,0,0,0,0,0,0,0,0,5,0,0,0,0,0,4,0,1,0,0,0
"8/22/2022",234,34,"7",6,2,0,0,1,0,0,0,0,0,9,0,0,0,0,0,3,0,0,0,0,0
"5/31/2022",151,22,"7",6,3,0,0,0,0,0,0,0,0,1,0,0,0,0,0,0,0,0,0,0,0
"6/13/2022",164,24,"7",6,3,0,0,3,0,0,0,0,0,0,0,0,0,0,0,0,0,0,0,0,0
"6/27/2022",178,26,"7",6,3,0,0,1,0,0,0,0,0,0,0,0,0,0,0,0,1,0,0,0,0
"7/5/2022",186,27,"7",6,3,0,0,0,0,0,0,0,0,0,0,0,0,0,0,0,2,1,0,0,0
"7/25/2022",206,30,"7",6,3,0,0,0,0,0,0,0,0,0,0,0,0,0,0,0,1,0,0,0,0
"8/15/2022",227,33,"7",6,3,0,0,0,0,0,0,0,0,3,0,0,0,0,0,3,1,1,0,0,0
"8/22/2022",234,34,"7",6,3,0,0,0,0,0,0,0,0,0,0,0,0,0,0,0,0,0,1,0,0
"5/31/2022",151,22,"7",6,4,0,0,0,1,0,0,0,0,1,0,0,0,0,0,0,0,0,0,0,0
"6/13/2022",164,24,"7",6,4,0,0,1,0,0,0,0,0,0,0,0,0,0,0,0,0,0,0,0,0
"6/27/2022",178,26,"7",6,4,0,0,2,0,0,0,0,0,0,0,0,0,0,0,0,1,1,0,0,0
"7/5/2022",186,27,"7",6,4,0,0,1,0,0,0,0,0,0,0,0,0,0,0,0,5,0,0,0,0
"7/25/2022",206,30,"7",6,4,0,0,0,0,0,0,0,0,0,0,0,0,0,0,0,2,0,0,0,0
"8/15/2022",227,33,"7",6,4,0,0,0,0,0,0,0,0,3,0,0,0,0,0,4,2,0,0,0,0
"8/22/2022",234,34,"7",6,4,0,0,0,0,0,0,0,0,0,0,0,0,0,0,3,0,1,0,0,0
"5/31/2022",151,22,"7",6,5,0,0,0,0,0,0,0,0,0,0,0,0,0,0,0,0,0,0,0,0
"6/13/2022",164,24,"7",6,5,0,0,4,0,0,0,0,0,0,0,0,0,0,0,0,0,0,0,0,0
"6/27/2022",178,26,"7",6,5,0,0,2,0,0,0,0,0,0,0,0,0,0,0,0,0,0,0,0,0
"7/5/2022",186,27,"7",6,5,0,0,0,0,0,0,0,0,0,0,0,0,0,0,0,3,0,0,0,0
"7/25/2022",206,30,"7",6,5,0,0,1,0,0,0,0,0,0,0,0,0,0,0,0,2,0,0,0,0
"8/15/2022",227,33,"7",6,5,0,0,0,0,0,0,0,0,0,0,0,0,0,0,10,0,2,0,0,0
"8/22/2022",234,34,"7",6,5,0,0,1,0,0,0,0,0,0,0,0,0,0,0,1,1,1,0,0,0
"6/20/2022",171,25,"CF",3,5,0,0,0,0,0,0,0,0,0,0,0,0,0,0,1,0,0,0,0,0
"8/8/2022",220,32,"SF",1,1,0,0,0,0,0,0,0,0,0,0,0,0,0,0,0,1,0,5,0,0
"8/8/2022",220,32,"SF",3,4,0,0,0,0,0,0,0,0,0,0,0,0,0,0,0,0,0,0,0,0
