Date,Treatment,Rep,Station,Old/New Card,Syrphidae,Ichneumonoidae,Chalcidoidae,Lepidoptera,Orthoptera,Notes
6/9/2021,T4,1,1,Old ,0,0,9,0,0,
6/9/2021,T4,1,2,New,0,0,11,0,0,
6/9/2021,T4,1,3,Old,0,0,7,0,0,
6/9/2021,T4,1,4,New,0,0,4,0,0,
6/9/2021,T4,1,5,Old,0,0,6,0,0,
6/9/2021,SF,3,1,Old,0,0,8,0,0,
6/9/2021,SF,3,2,New,0,0,8,0,0,
6/9/2021,SF,3,3,Old,0,0,10,0,0,
6/9/2021,SF,3,4,New,0,2,7,0,0,
6/9/2021,SF,3,5,Old,0,6,8,0,0,
6/9/2021,T7,1,1,Old,0,1,54,0,0,
6/9/2021,T7,1,2,New,0,1,65,0,0,
6/9/2021,T7,1,3,Old,0,0,50,0,0,
6/9/2021,T7,1,4,New,0,2,62,1,0,
6/9/2021,T7,1,5,Old,0,3,52,0,0,
6/9/2021,T7,6,1,Old,0,0,17,0,0,
6/9/2021,T7,6,2,New,0,0,27,0,0,
6/9/2021,T7,6,3,Old,0,0,12,0,0,
6/9/2021,T7,6,4,New,0,0,11,0,0,
6/9/2021,T7,6,5,Old,0,1,17,0,0,
6/9/2021,DF,1,1,Old,0,0,8,0,0,
6/9/2021,DF,1,2,New,0,0,36,0,0,
6/9/2021,DF,1,3,Old,0,3,8,0,0,
6/9/2021,DF,1,4,New,0,8,36,0,0,
6/9/2021,DF,1,5,Old,0,6,13,0,0,
6/9/2021,DF,2,1,Old,0,0,20,0,0,
6/9/2021,DF,2,2,New,0,1,8,0,0,
6/9/2021,DF,2,3,Old,0,3,16,0,0,
6/9/2021,DF,2,4,New,0,16,12,1,0,
6/9/2021,DF,2,5,Old,0,3,10,1,0,
6/9/2021,T5,1,1,Old,0,2,205,0,0,
6/9/2021,T5,1,2,New,0,0,169,1,0,
6/9/2021,T5,1,3,Old,0,0,116,0,0,
6/9/2021,T5,1,4,New,0,0,238,0,0,
6/9/2021,T5,1,5,Old,0,1,100,0,0,
6/9/2021,CF,2,1,Old,0,4,5,5,0,
6/9/2021,CF,2,2,New,1,5,10,161,0,
6/9/2021,CF,2,3,Old,0,2,7,22,0,
6/9/2021,CF,2,4,New,0,5,7,141,0,
6/9/2021,CF,2,5,Old,0,8,8,3,0,
6/9/2021,CF,1,1,Old,0,0,4,2,0,
6/9/2021,CF,1,2,New,0,5,17,2,0,
6/9/2021,CF,1,3,Old,0,3,5,1,0,
6/9/2021,CF,1,4,New,0,3,79,0,0,
6/9/2021,CF,1,5,Old,0,2,97,0,0,
6/9/2021,T1,2,1,Old,0,0,19,0,0,
6/9/2021,T1,2,2,New,0,1,9,0,0,
6/9/2021,T1,2,3,Old,0,0,17,0,0,
6/9/2021,T1,2,4,New,0,1,30,1,0,
6/9/2021,T1,2,5,Old,0,1,36,0,0,
6/9/2021,T4,6,1,Old,0,0,28,0,0,
6/9/2021,T4,6,2,New,0,0,7,0,0,
6/9/2021,T4,6,3,Old,0,0,19,0,0,
6/9/2021,T4,6,4,New,0,1,18,0,0,
6/9/2021,T4,6,5,Old,0,0,29,0,0,
6/9/2021,T4,5,1,Old,0,1,25,0,0,
6/9/2021,T4,5,2,New,0,2,29,0,0,
6/9/2021,T4,5,3,Old,0,0,22,0,0,
6/9/2021,T4,5,4,New,0,1,20,0,0,
6/9/2021,T4,5,5,Old,0,0,9,0,0,
6/9/2021,T5,5,1,Old,0,1,90,0,0,
6/9/2021,T5,5,2,New,0,0,69,0,0,
6/9/2021,T5,5,3,Old,0,0,47,0,0,
6/9/2021,T5,5,4,New,0,3,32,0,0,
6/9/2021,T5,5,5,Old,0,0,40,0,0,
6/9/2021,T5,4,1,Old,0,0,125,0,0,
6/9/2021,T5,4,2,New,0,0,194,0,0,
6/9/2021,T5,4,3,Old,0,1,97,0,0,
6/9/2021,T5,4,4,New,0,1,86,0,0,
6/9/2021,T5,4,5,Old,0,1,155,0,0,
6/9/2021,T5,3,1,Old,0,0,242,0,0,
6/9/2021,T5,3,2,New,0,0,172,0,0,
6/9/2021,T5,3,3,Old,0,1,180,0,0,
6/9/2021,T5,3,4,New,0,3,199,0,0,
6/9/2021,T5,3,5,Old,0,1,302,0,0,
6/9/2021,T6,5,1,Old,0,0,53,0,0,
6/9/2021,T6,5,2,New,0,0,67,0,0,
6/9/2021,T6,5,3,Old,0,0,74,1,0,
6/9/2021,T6,5,4,New,0,0,0,0,0,
6/9/2021,T6,5,5,Old,0,0,0,0,0,
6/9/2021,T6,6,1,Old,0,0,147,0,0,
6/9/2021,T6,6,2,New,0,1,63,0,0,
6/9/2021,T6,6,3,Old,0,1,46,0,0,
6/9/2021,T6,6,4,New,0,2,66,0,0,
6/9/2021,T6,6,5,Old,0,1,54,0,0,
6/9/2021,T5,2,1,Old,0,1,111,0,0,
6/9/2021,T5,2,2,New,0,5,145,0,0,
6/9/2021,T5,2,3,Old,0,1,85,0,0,
6/9/2021,T5,2,4,New,0,0,48,0,0,
6/9/2021,T5,2,5,Old,0,1,115,0,0,
6/9/2021,T1,4,1,Old,0,2,31,0,0,
6/9/2021,T1,4,2,New,0,0,23,0,0,
6/9/2021,T1,4,3,Old,0,0,13,0,0,
6/9/2021,T1,4,4,New,0,0,26,0,0,
6/9/2021,T1,4,5,Old,0,0,31,0,0,
6/9/2021,T1,3,1,Old,0,0,9,0,0,
6/9/2021,T1,3,2,New,0,0,23,0,0,
6/9/2021,T1,3,3,Old,0,0,30,0,0,
6/9/2021,T1,3,4,New,0,1,34,0,0,
6/9/2021,T1,3,5,Old,0,0,39,0,0,
6/9/2021,T6,4,1,Old,0,1,297,1,0,
6/9/2021,T6,4,2,New,0,2,146,0,0,
6/9/2021,T6,4,3,Old,0,4,207,0,0,
6/9/2021,T6,4,4,New,0,5,128,0,0,
6/9/2021,T6,4,5,Old,0,0,182,0,0,
6/9/2021,DF,3,1,Old,0,2,8,1,0,
6/9/2021,DF,3,2,New,0,3,17,1,0,
6/9/2021,DF,3,3,Old,0,2,23,0,0,
6/9/2021,DF,3,4,New,0,0,16,1,0,
6/9/2021,DF,3,5,Old,0,0,24,0,0,
6/9/2021,T4,2,1,Old,0,0,36,0,0,
6/9/2021,T4,2,2,New,0,2,37,0,0,
6/9/2021,T4,2,3,Old,0,2,11,0,0,
6/9/2021,T4,2,4,New,0,0,22,0,0,
6/9/2021,T4,2,5,Old,0,0,30,0,0,
6/9/2021,T4,4,1,Old,0,2,19,0,0,
6/9/2021,T4,4,2,New,0,2,26,0,0,
6/9/2021,T4,4,3,Old,0,2,23,0,0,
6/9/2021,T4,4,4,New,0,0,13,0,0,
6/9/2021,T4,4,5,Old,0,1,25,0,0,
6/9/2021,T2,1,1,Old,0,1,22,0,0,
6/9/2021,T2,1,2,New,0,0,28,0,0,
6/9/2021,T2,1,3,Old,0,1,15,0,0,
6/9/2021,T2,1,4,New,0,1,23,0,0,
6/9/2021,T2,1,5,Old,0,0,9,0,0,
6/9/2021,T3,6,1,Old,0,0,16,0,0,
6/9/2021,T3,6,2,New,0,0,26,0,0,
6/9/2021,T3,6,3,Old,0,0,19,0,0,
6/9/2021,T3,6,4,New,0,0,12,0,0,
6/9/2021,T3,6,5,Old,0,0,11,0,0,
6/9/2021,T6,3,1,Old,0,0,205,1,0,
6/9/2021,T6,3,2,New,0,1,124,0,0,
6/9/2021,T6,3,3,Old,0,4,285,0,0,
6/9/2021,T6,3,4,New,0,2,83,0,0,
6/9/2021,T6,3,5,Old,0,3,132,0,0,
6/9/2021,T6,1,1,Old,0,2,55,0,0,
6/9/2021,T6,1,2,New,0,3,39,0,0,
6/9/2021,T6,1,3,Old,0,1,82,0,0,
6/9/2021,T6,1,4,New,0,0,57,0,0,
6/9/2021,T6,1,5,Old,0,0,61,0,0,
6/9/2021,T2,5,1,Old,0,0,17,0,0,
6/9/2021,T2,5,2,New,0,0,32,0,0,
6/9/2021,T2,5,3,Old,0,0,14,0,0,
6/9/2021,T2,5,4,New,0,0,23,0,0,
6/9/2021,T2,5,5,Old,0,3,17,0,0,
6/9/2021,T2,6,1,Old,0,0,12,0,0,
6/9/2021,T2,6,2,New,0,0,32,0,1,
6/9/2021,T2,6,3,Old,0,0,18,0,0,
6/9/2021,T2,6,4,New,0,0,14,0,0,
6/9/2021,T2,6,5,Old,0,0,20,0,0,
6/9/2021,T1,1,1,Old,0,0,25,0,0,
6/9/2021,T1,1,2,New,0,0,22,0,0,
6/9/2021,T1,1,3,Old,0,2,21,5,0,
6/9/2021,T1,1,4,New,0,1,18,0,0,
6/9/2021,T1,1,5,Old,0,0,20,0,0,
6/9/2021,T1,5,1,Old,0,1,18,0,0,
6/9/2021,T1,5,2,New,0,1,23,0,0,
6/9/2021,T1,5,3,Old,0,1,9,0,0,
6/9/2021,T1,5,4,New,0,2,16,0,0,
6/9/2021,T1,5,5,Old,0,1,10,0,0,
6/9/2021,T5,6,1,Old,0,2,18,0,0,
6/9/2021,T5,6,2,New,0,5,17,0,0,
6/9/2021,T5,6,3,Old,0,2,20,0,0,
6/9/2021,T5,6,4,New,0,1,43,0,0,
6/9/2021,T5,6,5,Old,0,1,7,0,0,
6/9/2021,T4,3,1,Old,0,0,16,0,0,
6/9/2021,T4,3,2,New,0,2,8,0,0,
6/9/2021,T4,3,3,Old,0,0,15,0,0,
6/9/2021,T4,3,4,New,0,0,22,0,0,
6/9/2021,T4,3,5,Old,0,1,29,0,0,
6/9/2021,T1,6,1,Old,0,1,9,0,0,
6/9/2021,T1,6,2,New,0,0,19,0,0,
6/9/2021,T1,6,3,Old,0,1,10,0,0,
6/9/2021,T1,6,4,New,0,0,4,0,0,
6/9/2021,T1,6,5,Old,0,0,11,0,0,
6/9/2021,T6,2,1,Old,0,1,122,0,0,
6/9/2021,T6,2,2,New,0,1,60,0,0,
6/9/2021,T6,2,3,Old,0,2,94,0,0,
6/9/2021,T6,2,4,New,0,1,56,0,0,
6/9/2021,T6,2,5,Old,0,11,123,0,0,
6/9/2021,T3,5,1,Old,0,0,9,0,0,
6/9/2021,T3,5,2,New,0,0,16,0,0,
6/9/2021,T3,5,3,Old,0,1,11,0,0,
6/9/2021,T3,5,4,New,0,0,9,0,0,
6/9/2021,T3,5,5,Old,0,0,10,0,0,
6/9/2021,T7,2,1,Old,0,1,26,0,0,
6/9/2021,T7,2,2,New,0,2,68,0,0,
6/9/2021,T7,2,3,Old,0,1,33,0,0,
6/9/2021,T7,2,4,New,0,2,28,0,0,
6/9/2021,T7,2,5,Old,0,4,71,0,0,
6/9/2021,T7,5,1,Old,0,0,32,0,0,
6/9/2021,T7,5,2,New,0,1,48,0,0,
6/9/2021,T7,5,3,Old,0,1,29,0,0,
6/9/2021,T7,5,4,New,0,0,66,0,0,
6/9/2021,T7,5,5,Old,0,1,55,0,0,
6/9/2021,T7,4,1,Old,0,0,92,0,0,
6/9/2021,T7,4,2,New,0,3,69,0,0,
6/9/2021,T7,4,3,Old,0,0,248,0,0,
6/9/2021,T7,4,4,New,0,1,89,0,0,
6/9/2021,T7,4,5,Old,0,3,84,0,0,
6/9/2021,T3,1,1,Old,0,0,17,0,0,
6/9/2021,T3,1,2,New,0,2,22,0,0,
6/9/2021,T3,1,3,Old,0,0,26,0,0,
6/9/2021,T3,1,4,New,0,1,11,0,0,
6/9/2021,T3,1,5,Old,0,0,14,0,0,
6/9/2021,T3,2,1,Old,0,0,13,0,0,
6/9/2021,T3,2,2,New,0,1,27,0,0,
6/9/2021,T3,2,3,Old,0,0,22,0,0,
6/9/2021,T3,2,4,New,0,0,16,0,0,
6/9/2021,T3,2,5,Old,0,1,15,0,0,
6/23/2021,T4,3,1,Old,0,1,11,0,0,
6/23/2021,T4,3,2,New,0,0,15,0,0,
6/23/2021,T4,3,3,Old,0,3,6,0,0,
6/23/2021,T4,3,4,New,0,0,4,0,0,
6/23/2021,T4,3,5,Old,0,1,4,0,0,
6/23/2021,T4,4,1,Old,0,1,21,0,0,
6/23/2021,T4,4,2,New,0,0,11,0,0,
6/23/2021,T4,4,3,Old,0,1,17,0,0,
6/23/2021,T4,4,4,New,0,0,3,0,0,
6/23/2021,T4,4,5,Old,0,0,15,0,0,
6/9/2021,CF,3,1,Old,0,3,12,1,0,
6/9/2021,CF,3,2,New,0,5,24,0,0,
6/9/2021,CF,3,3,Old,0,5,5,2,0,
6/9/2021,CF,3,4,New,0,1,11,0,0,
6/9/2021,CF,3,5,Old,0,3,9,0,0,
6/9/2021,SF,2,1,Old,0,3,8,0,0,
6/9/2021,SF,2,2,New,0,4,6,9,0,
6/9/2021,SF,2,3,Old,0,3,4,1,0,
6/9/2021,SF,2,4,New,0,7,1,2,0,
6/9/2021,SF,2,5,Old,0,4,5,0,0,
6/9/2021,SF,1,1,Old,0,0,14,0,0,
6/9/2021,SF,1,2,New,0,4,96,0,0,
6/9/2021,SF,1,3,Old,0,0,9,0,0,
6/9/2021,SF,1,4,New,0,0,23,2,0,
6/9/2021,SF,1,5,Old,0,2,22,0,0,
6/9/2021,T2,4,1,Old,0,0,6,0,0,
6/9/2021,T2,4,2,New,0,2,24,0,0,
6/9/2021,T2,4,3,Old,0,0,23,0,0,
6/9/2021,T2,4,4,New,0,0,18,2,0,
6/9/2021,T2,4,5,Old,0,0,21,0,0,
6/9/2021,T3,4,1,Old,0,3,21,0,0,
6/9/2021,T3,4,2,New,0,0,22,0,0,
6/9/2021,T3,4,3,Old,0,0,20,0,0,
6/9/2021,T3,4,4,New,0,1,31,0,0,
6/9/2021,T3,4,5,Old,0,0,26,0,0,
6/9/2021,T2,2,1,Old,0,1,30,0,0,
6/9/2021,T2,2,2,New,0,1,17,0,0,
6/9/2021,T2,2,3,Old,0,3,22,0,0,
6/9/2021,T2,2,4,New,0,0,24,0,0,
6/9/2021,T2,2,5,Old,0,1,32,0,0,
6/9/2021,T2,3,1,Old,0,0,10,1,0,
6/9/2021,T2,3,2,New,0,2,16,0,0,
6/9/2021,T2,3,3,Old,0,2,23,0,0,
6/9/2021,T2,3,4,New,0,0,16,0,0,
6/9/2021,T2,3,5,Old,0,1,22,0,0,
6/9/2021,T7,3,1,Old,0,0,366,0,0,
6/9/2021,T7,3,2,New,0,1,180,0,0,
6/9/2021,T7,3,3,Old,0,2,143,0,0,
6/9/2021,T7,3,4,New,0,0,122,0,0,
6/9/2021,T7,3,5,Old,0,4,125,0,0,
6/23/2021,T2,2,1,Old,0,0,2,0,0,
6/23/2021,T2,2,2,New,0,1,4,0,0,
6/23/2021,T2,2,3,Old,0,0,11,0,0,
6/23/2021,T2,2,4,New,0,0,8,0,0,
6/23/2021,T2,2,5,Old,0,0,7,0,0,
6/9/2021,T3,3,1,Old,0,0,30,0,0,
6/9/2021,T3,3,2,New,0,0,24,0,0,
6/9/2021,T3,3,3,Old,0,0,33,0,0,
6/9/2021,T3,3,4,New,0,0,29,0,0,
6/9/2021,T3,3,5,Old,0,0,30,0,0,
6/23/2021,T3,6,1,Old,0,0,4,0,0,
6/23/2021,T3,6,2,New,0,0,5,0,0,
6/23/2021,T3,6,3,Old,0,0,6,0,0,
6/23/2021,T3,6,4,New,0,0,4,0,0,
6/23/2021,T3,6,5,Old,0,0,3,0,0,
8/4/2021,T4,6,1,Old,0,0,14,0,0,
8/4/2021,T4,6,2,New,0,0,16,0,0,
8/4/2021,T4,6,3,Old,0,0,8,1,0,
8/4/2021,T4,6,4,New,0,0,9,0,0,
8/4/2021,T4,6,5,Old,0,2,12,1,0,
6/23/2021,T1,5,1,Old,0,1,8,0,0,
6/23/2021,T1,5,2,New,0,1,5,0,0,
6/23/2021,T1,5,3,Old,0,2,8,0,0,
6/23/2021,T1,5,4,New,0,2,5,0,0,
6/23/2021,T1,5,5,Old,0,0,7,0,0,
8/4/2021,T5,2,1,Old,0,0,3,0,0,
8/4/2021,T5,2,2,New,0,1,9,0,0,
8/4/2021,T5,2,3,Old,0,0,2,0,0,
8/4/2021,T5,2,4,New,0,0,2,0,0,
8/4/2021,T5,2,5,Old,0,0,4,0,0,
6/23/2021,T3,5,1,Old,0,0,5,0,0,
6/23/2021,T3,5,2,New,0,0,4,0,0,
6/23/2021,T3,5,3,Old,0,0,2,0,0,
6/23/2021,T3,5,4,New,0,0,3,0,0,
6/23/2021,T3,5,5,Old,0,0,1,0,0,
6/23/2021,CF,1,1,Old,0,0,12,0,0,
6/23/2021,CF,1,2,New,0,0,28,0,0,
6/23/2021,CF,1,3,Old,0,0,20,0,0,
6/23/2021,CF,1,4,New,0,3,19,0,0,
6/23/2021,CF,1,5,Old,0,0,9,0,0,
6/23/2021,T1,6,1,Old,0,1,5,0,0,
6/23/2021,T1,6,2,New,0,0,10,0,0,
6/23/2021,T1,6,3,Old,0,1,10,0,0,
6/23/2021,T1,6,4,New,0,0,6,0,0,
6/23/2021,T1,6,5,Old,0,0,3,0,0,
6/23/2021,DF,2,1,Old,0,1,14,0,0,
6/23/2021,DF,2,2,New,0,0,10,0,0,
6/23/2021,DF,2,3,Old,0,6,15,0,0,
6/23/2021,DF,2,4,New,0,4,23,0,0,
6/23/2021,DF,2,5,Old,0,10,18,0,0,
6/23/2021,T4,1,1,Old,0,1,28,0,0,
6/23/2021,T4,1,2,New,0,0,24,0,0,
6/23/2021,T4,1,3,Old,0,0,22,0,0,
6/23/2021,T4,1,4,New,0,0,16,0,0,2 LBS
6/23/2021,T4,1,5,Old,0,1,17,0,0,
6/23/2021,DF,1,1,Old,0,37,9,0,0,
6/23/2021,DF,1,2,New,0,5,25,0,0,
6/23/2021,DF,1,3,Old,0,18,14,0,0,
6/23/2021,DF,1,4,New,0,1,16,0,0,
6/23/2021,DF,1,5,Old,0,1,11,0,0,
8/4/2021,T5,1,1,Old,0,0,20,0,0,
8/4/2021,T5,1,2,New,0,0,218,0,0,1 LB
8/4/2021,T5,1,3,Old,0,0,33,0,0,2 LBS
8/4/2021,T5,1,4,New,0,0,29,0,0,
8/4/2021,T5,1,5,Old,0,0,56,0,0,
6/23/2021,T3,3,1,Old,2,0,3,0,0,1 LB
6/23/2021,T3,3,2,New,2,1,4,0,0,
6/23/2021,T3,3,3,Old,1,0,5,0,0,5 LBS
6/23/2021,T3,3,4,New,0,1,7,0,0,
6/23/2021,T3,3,5,Old,1,0,14,0,0,
6/23/2021,T3,4,1,Old,0,0,6,0,0,1 LB
6/23/2021,T3,4,2,New,0,1,3,0,0,1 LB
6/23/2021,T3,4,3,Old,0,0,7,0,0,
6/23/2021,T3,4,4,New,0,1,9,0,0,3 LBS
6/23/2021,T3,4,5,Old,1,0,7,0,0,
6/23/2021,T2,1,1,Old,0,0,1,0,0,
6/23/2021,T2,1,2,New,0,0,2,0,0,
6/23/2021,T2,1,3,Old,0,0,5,0,0,
6/23/2021,T2,1,4,New,0,1,2,0,0,
6/23/2021,T2,1,5,Old,1,0,3,0,0,
6/23/2021,T2,6,1,Old,0,0,3,0,0,
6/23/2021,T2,6,2,New,0,0,3,0,0,
6/23/2021,T2,6,3,Old,0,0,2,0,0,
6/23/2021,T2,6,4,New,0,0,1,0,0,
6/23/2021,T2,6,5,Old,0,0,3,0,0,
6/23/2021,T4,6,1,Old,0,0,5,0,0,
6/23/2021,T4,6,2,New,1,0,4,0,0,
6/23/2021,T4,6,3,Old,1,1,2,0,0,
6/23/2021,T4,6,4,New,0,0,3,0,0,
6/23/2021,T4,6,5,Old,0,3,0,0,0,
6/23/2021,T4,5,1,Old,0,1,8,0,0,
6/23/2021,T4,5,2,New,1,0,3,0,0,
6/23/2021,T4,5,3,Old,0,0,2,0,0,
6/23/2021,T4,5,4,New,1,0,4,0,0,
6/23/2021,T4,5,5,Old,1,3,6,0,0,
6/23/2021,T6,4,1,Old,0,0,14,0,0,
6/23/2021,T6,4,2,New,0,0,19,1,0,
6/23/2021,T6,4,3,Old,0,2,81,0,0,
6/23/2021,T6,4,4,New,0,2,78,0,0,
6/23/2021,T6,4,5,Old,0,5,77,0,0,
6/23/2021,T7,2,1,Old,0,3,35,0,0,
6/23/2021,T7,2,2,New,0,1,19,1,0,
6/23/2021,T7,2,3,Old,0,1,15,0,0,1 lady beetle
6/23/2021,T7,2,4,New,0,0,26,0,0,
6/23/2021,T7,2,5,Old,0,2,29,0,0,6 lady beetles
8/18/2021,T1,2,1,Old,0,1,29,0,0,3 lady beetles
8/18/2021,T1,2,2,New,0,0,51,3,0,2 lady beetles
8/18/2021,T1,2,3,Old,0,1,33,0,0,1 lady beetle
8/18/2021,T1,2,4,New,0,2,31,0,0,
8/18/2021,T1,2,5,Old,0,0,63,0,0,
8/18/2021,T1,3,1,Old,0,0,23,0,0,
8/18/2021,T1,3,2,New,0,1,49,0,0,
8/18/2021,T1,3,3,Old,0,0,30,0,0,
8/18/2021,T1,3,4,New,0,0,38,0,0,
8/18/2021,T1,3,5,Old,0,2,27,0,0,
8/18/2021,T1,4,1,Old,0,0,24,0,0,
8/18/2021,T1,4,2,New,0,0,33,0,0,
8/18/2021,T1,4,3,Old,0,0,10,0,0,1 lady beetle
8/18/2021,T1,4,4,New,0,2,30,0,0,
8/18/2021,T1,4,5,Old,0,0,18,0,0,
8/18/2021,T1,5,1,Old,0,1,31,0,0,3 lady beetle
8/18/2021,T1,5,2,New,0,2,21,1,0,4 lady beetle
8/18/2021,T1,5,3,Old,0,0,24,1,0,8 lady beetle
8/18/2021,T1,5,4,New,0,0,26,0,0,1 lady beetle
8/18/2021,T1,5,5,Old,0,1,14,0,0,2 lady beetles
8/18/2021,T1,6,1,Old,0,0,7,0,0,
8/18/2021,T1,6,2,New,0,0,23,0,0,
8/18/2021,T1,6,3,Old,0,0,15,0,0,4 lady beetles
8/18/2021,T1,6,4,New,0,0,41,0,0,
8/18/2021,T1,6,5,Old,0,0,24,0,0,
6/23/2021,T6,1,1,Old,0,1,20,0,0,
6/23/2021,T6,1,2,New,0,1,15,0,0,
6/23/2021,T6,1,3,Old,0,0,13,0,0,
6/23/2021,T6,1,4,New,0,2,18,0,0,
6/23/2021,T6,1,5,Old,0,0,22,0,0,
6/23/2021,T4,2,1,Old,0,0,9,0,0,
6/23/2021,T4,2,2,New,0,0,7,0,0,
6/23/2021,T4,2,3,Old,0,0,7,0,0,
6/23/2021,T4,2,4,New,0,0,7,0,0,
6/23/2021,T4,2,5,Old,0,0,11,0,0,
6/23/2021,T6,2,1,Old,0,0,32,0,0,
6/23/2021,T6,2,2,New,0,0,32,0,0,
6/23/2021,T6,2,3,Old,0,2,28,0,0,
6/23/2021,T6,2,4,New,0,0,26,0,0,
6/23/2021,T6,2,5,Old,0,0,36,0,0,
6/23/2021,T5,1,1,Old,0,0,122,0,0,
6/23/2021,T5,1,2,New,0,0,44,0,0,
6/23/2021,T5,1,3,Old,0,1,93,0,0,
6/23/2021,T5,1,4,New,0,0,63,0,0,
6/23/2021,T5,1,5,Old,0,0,37,0,0,
6/23/2021,T5,2,1,Old,0,1,57,0,0,
6/23/2021,T5,2,2,New,0,1,22,0,0,
6/23/2021,T5,2,3,Old,0,2,39,0,0,
6/23/2021,T5,2,4,New,0,0,45,0,0,
6/23/2021,T5,2,5,Old,0,0,71,0,0,
6/23/2021,T5,4,1,Old,0,1,13,0,0,
6/23/2021,T5,4,2,New,0,0,43,0,0,
6/23/2021,T5,4,3,Old,0,0,20,0,0,
6/23/2021,T5,4,4,New,0,0,38,0,0,
6/23/2021,T5,4,5,Old,0,2,66,0,0,
6/23/2021,T7,4,1,Old,0,0,53,0,0,
6/23/2021,T7,4,2,New,0,0,12,0,0,
6/23/2021,T7,4,3,Old,0,1,49,0,0,
6/23/2021,T7,4,4,New,0,0,10,0,0,
6/23/2021,T7,4,5,Old,0,1,28,0,0,
6/23/2021,T7,5,1,Old,0,0,8,0,0,
6/23/2021,T7,5,2,New,0,1,12,0,0,
6/23/2021,T7,5,3,Old,0,0,25,0,0,
6/23/2021,T7,5,4,New,0,1,58,0,0,
6/23/2021,T7,5,5,Old,0,0,29,0,0,
6/23/2021,CF,2,1,Old,0,1,12,0,0,
6/23/2021,CF,2,2,New,0,1,1,0,0,
6/23/2021,CF,2,3,Old,0,1,7,0,0,
6/23/2021,CF,2,4,New,0,0,13,0,0,
6/23/2021,CF,2,5,Old,0,3,14,0,0,
6/23/2021,SF,2,1,Old,0,7,29,0,0,
6/23/2021,SF,2,2,New,1,5,14,0,0,
6/23/2021,SF,2,3,Old,0,5,17,0,0,
6/23/2021,SF,2,4,New,1,12,15,0,0,
6/23/2021,SF,2,5,Old,0,5,15,0,0,
6/23/2021,7,1,1,Old,0,1,3,0,0,
6/23/2021,7,1,2,New,0,1,13,0,0,1 lady beetle
6/23/2021,7,1,3,Old,0,4,14,0,0,
6/23/2021,7,1,4,New,0,0,6,0,0,3 lady beetles
6/23/2021,7,1,5,Old,0,1,16,0,0,2 lady beetles
6/23/2021,3,1,1,Old,0,2,18,1,0,
6/23/2021,3,1,2,New,0,0,11,0,0,1 lady beetle
6/23/2021,3,1,3,Old,1,1,14,0,0,
6/23/2021,3,1,4,New,0,0,7,0,0,
6/23/2021,3,1,5,Old,0,1,15,0,0,
6/23/2021,2,4,1,Old,0,1,7,0,0,
6/23/2021,2,4,2,New,0,0,4,0,0,
6/23/2021,2,4,3,Old,0,0,2,0,0,
6/23/2021,2,4,4,New,1,0,1,0,0,
6/23/2021,2,4,5,Old,0,0,7,0,0,
6/23/2021,5,3,1,Old,0,2,148,0,0,
6/23/2021,5,3,2,New,1,3,87,1,0,
6/23/2021,5,3,3,Old,0,1,115,0,0,
6/23/2021,5,3,4,New,0,4,129,0,0,
6/23/2021,5,3,5,Old,0,4,94,0,0,
6/23/2021,1,3,1,Old,0,4,6,0,0,
6/23/2021,1,3,2,New,0,3,14,0,0,
6/23/2021,1,3,3,Old,1,0,8,0,0,1 lady beetle
6/23/2021,1,3,4,New,4,3,18,0,0,
6/23/2021,1,3,5,Old,1,1,10,0,0,
6/23/2021,3,2,1,Old,0,1,8,0,0,
6/23/2021,3,2,2,New,0,1,11,0,0,
6/23/2021,3,2,3,Old,0,1,7,0,0,
6/23/2021,3,2,4,New,0,0,11,0,0,
6/23/2021,3,2,5,Old,0,3,12,0,0,
6/23/2021,6,6,1,Old,0,0,50,0,0,
6/23/2021,6,6,2,New,0,0,26,0,0,
6/23/2021,6,6,3,Old,0,2,31,0,0,
6/23/2021,6,6,4,New,0,1,35,0,0,
6/23/2021,6,6,5,Old,0,1,58,0,0,
6/23/2021,CF,3,1,Old,0,0,3,0,0,
6/23/2021,CF,3,2,New,0,0,7,0,0,
6/23/2021,CF,3,3,Old,0,2,5,0,0,
6/23/2021,CF,3,4,New,0,1,10,0,0,
6/23/2021,CF,3,5,Old,0,2,9,0,0,
6/23/2021,6,5,1,Old,0,0,62,0,0,
6/23/2021,6,5,2,New,0,0,61,0,0,
6/23/2021,6,5,3,Old,0,3,86,0,0,
6/23/2021,6,5,4,New,0,2,77,0,0,
6/23/2021,6,5,5,Old,0,0,83,0,0,
7/7/2021,7,1,1,Old,0,2,31,0,0,
7/7/2021,7,1,2,New,0,2,52,1,0,
7/7/2021,7,1,3,Old,0,0,47,0,0,
7/7/2021,7,1,4,New,0,0,29,0,0,
7/7/2021,7,1,5,Old,0,3,30,0,0,
7/7/2021,7,3,1,Old,1,1,32,0,0,
7/7/2021,7,3,2,New,0,1,36,0,0,
7/7/2021,7,3,3,Old,0,0,52,0,0,
7/7/2021,7,3,4,New,0,0,28,0,0,
7/7/2021,7,3,5,Old,0,1,38,0,0,
7/7/2021,7,4,1,Old,0,2,14,0,0,
7/7/2021,7,4,2,New,0,1,26,0,0,
7/7/2021,7,4,3,Old,0,2,30,0,0,
7/7/2021,7,4,4,New,0,2,30,0,0,
7/7/2021,7,4,5,Old,0,0,19,0,0,
7/7/2021,CF,2,1,Old,0,2,18,0,0,
7/7/2021,CF,2,2,New,0,3,13,0,0,
7/7/2021,CF,2,3,Old,0,7,34,0,0,
7/7/2021,CF,2,4,New,0,3,21,0,0,
7/7/2021,CF,2,5,Old,0,1,16,0,0,
7/7/2021,2,1,1,Old,0,1,45,0,0,
7/7/2021,2,1,2,New,0,0,29,0,0,
7/7/2021,2,1,3,Old,0,2,25,0,0,
7/7/2021,2,1,4,New,0,1,32,0,0,
7/7/2021,2,1,5,Old,0,1,47,0,0,
7/7/2021,2,2,1,Old,0,1,53,0,0,
7/7/2021,2,2,2,New,0,0,74,0,0,
7/7/2021,2,2,3,Old,0,2,17,0,0,
7/7/2021,2,2,4,New,0,1,27,0,0,
7/7/2021,2,2,5,Old,0,0,39,0,0,
7/7/2021,7,6,1,Old,0,1,13,0,0,
7/7/2021,7,6,2,New,0,1,30,0,0,
7/7/2021,7,6,3,Old,0,0,16,0,0,
7/7/2021,7,6,4,New,0,0,13,0,0,
7/7/2021,7,6,5,Old,0,0,21,0,0,
7/7/2021,6,3,1,Old,0,3,120,0,0,
7/7/2021,6,3,2,New,0,2,72,0,0,
7/7/2021,6,3,3,Old,0,2,61,0,0,
7/7/2021,6,3,4,New,0,0,140,0,0,
7/7/2021,6,3,5,Old,0,2,107,0,0,
7/7/2021,6,4,1,Old,0,4,45,0,0,
7/7/2021,6,4,2,New,0,4,78,0,0,
7/7/2021,6,4,3,Old,0,3,42,0,0,
7/7/2021,6,4,4,New,0,0,29,0,0,
7/7/2021,6,4,5,Old,1,1,65,0,0,
7/7/2021,DF,2,1,Old,0,10,12,0,0,
7/7/2021,DF,2,2,New,0,5,3,1,0,
7/7/2021,DF,2,3,Old,0,15,31,0,0,
7/7/2021,DF,2,4,New,1,4,32,1,0,
7/7/2021,DF,2,5,Old,0,27,7,0,0,
7/7/2021,6,5,1,Old,0,2,147,0,0,
7/7/2021,6,5,2,New,0,0,172,1,0,
7/7/2021,6,5,3,Old,2,2,184,0,0,
7/7/2021,6,5,4,New,1,1,279,0,0,
7/7/2021,6,5,5,Old,0,1,132,0,0,
7/7/2021,6,6,1,Old,0,0,26,0,0,
7/7/2021,6,6,2,New,5,3,49,0,0,
7/7/2021,6,6,3,Old,0,1,19,0,0,
7/7/2021,6,6,4,New,0,2,41,0,0,
7/7/2021,6,6,5,Old,0,0,14,0,0,
7/7/2021,3,1,1,Old,0,1,13,0,0,
7/7/2021,3,1,2,New,0,0,20,0,0,
7/7/2021,3,1,3,Old,0,1,27,0,0,
7/7/2021,3,1,4,New,1,0,28,1,0,
7/7/2021,3,1,5,Old,0,0,23,0,0,
7/7/2021,4,6,1,Old,0,0,20,0,0,
7/7/2021,4,6,2,New,0,2,10,0,0,
7/7/2021,4,6,3,Old,0,0,18,0,0,
7/7/2021,4,6,4,New,0,0,19,0,0,
7/7/2021,4,6,5,Old,0,1,23,0,0,
7/7/2021,4,5,1,Old,0,0,18,0,0,
7/7/2021,4,5,2,New,0,0,27,0,0,
7/7/2021,4,5,3,Old,0,0,19,0,0,
7/7/2021,4,5,4,New,0,0,18,0,0,
7/7/2021,4,5,5,Old,0,0,15,0,0,
7/7/2021,DF,3,1,Old,0,7,22,0,0,
7/7/2021,DF,3,2,New,0,2,22,0,0,
7/7/2021,DF,3,3,Old,0,3,13,0,0,
7/7/2021,DF,3,4,New,0,10,7,0,0,
7/7/2021,DF,3,5,Old,0,5,8,0,0,
7/7/2021,CF,1,1,Old,0,5,13,0,0,
7/7/2021,CF,1,2,New,0,46,36,0,0,
7/7/2021,CF,1,3,Old,0,9,6,0,0,
7/7/2021,CF,1,4,New,0,6,76,0,0,
7/7/2021,CF,1,5,Old,0,2,8,0,0,
7/7/2021,CF,3,1,Old,0,0,18,0,0,
7/7/2021,CF,3,2,New,0,1,21,0,0,
7/7/2021,CF,3,3,Old,0,4,10,0,0,
7/7/2021,CF,3,4,New,0,1,21,0,0,
7/7/2021,CF,3,5,Old,0,0,21,0,0,
7/7/2021,SF,1,1,Old,0,5,4,0,0,
7/7/2021,SF,1,2,New,0,11,66,2,0,
7/7/2021,SF,1,3,Old,0,0,15,0,0,
7/7/2021,SF,1,4,New,0,0,17,0,0,
7/7/2021,SF,1,5,Old,0,0,7,0,0,
7/7/2021,SF,2,1,Old,0,2,6,0,0,
7/7/2021,SF,2,2,New,0,1,19,0,0,
7/7/2021,SF,2,3,Old,0,1,9,0,0,
7/7/2021,SF,2,4,New,0,3,18,0,0,
7/7/2021,SF,2,5,Old,0,2,11,0,0,
7/7/2021,SF,3,1,Old,0,2,8,0,0,
7/7/2021,SF,3,2,New,0,7,32,0,0,
7/7/2021,SF,3,3,Old,0,5,16,0,0,
7/7/2021,SF,3,4,New,0,4,14,0,0,
7/7/2021,SF,3,5,Old,0,5,38,0,0,
7/7/2021,3,6,1,Old,0,0,11,0,0,
7/7/2021,3,6,2,New,0,0,11,0,0,
7/7/2021,3,6,3,Old,0,0,11,0,0,
7/7/2021,3,6,4,New,0,0,10,0,0,
7/7/2021,3,6,5,Old,0,0,14,0,0,
7/7/2021,4,4,1,Old,0,0,14,0,0,
7/7/2021,4,4,2,New,0,0,19,0,0,
7/7/2021,4,4,3,Old,0,0,8,0,0,
7/7/2021,4,4,4,New,0,0,16,1,0,
7/7/2021,4,4,5,Old,0,0,9,0,0,
7/7/2021,4,3,1,Old,0,0,8,0,0,
7/7/2021,4,3,2,New,0,0,8,0,0,
7/7/2021,4,3,3,Old,0,0,17,0,0,
7/7/2021,4,3,4,New,0,1,16,0,0,
7/7/2021,4,3,5,Old,0,0,12,0,0,
7/7/2021,4,2,1,Old,0,0,13,0,0,
7/7/2021,4,2,2,New,0,0,23,0,0,
7/7/2021,4,2,3,Old,0,0,19,0,0,
7/7/2021,4,2,4,New,0,0,16,0,0,
7/7/2021,4,2,5,Old,1,0,13,0,0,
7/7/2021,4,1,1,Old,0,0,6,1,0,
7/7/2021,4,1,2,New,0,0,14,0,0,
7/7/2021,4,1,3,Old,0,0,5,0,0,
7/7/2021,4,1,4,New,0,0,5,0,0,
7/7/2021,4,1,5,Old,0,0,7,0,0,
7/7/2021,5,1,1,Old,0,1,20,0,0,
7/7/2021,5,1,2,New,0,0,1,0,0,
7/7/2021,5,1,3,Old,0,0,5,0,0,
7/7/2021,5,1,4,New,0,0,2,0,0,
7/7/2021,5,1,5,Old,0,1,23,0,0,
7/7/2021,5,2,1,Old,0,1,9,0,0,
7/7/2021,5,2,2,New,0,0,8,0,0,
7/7/2021,5,2,3,Old,0,0,6,0,0,
7/7/2021,5,2,4,New,0,0,2,0,0,
7/7/2021,5,2,5,Old,0,1,24,0,0,
7/7/2021,5,3,1,Old,0,0,9,0,0,
7/7/2021,5,3,2,New,0,0,13,0,0,
7/7/2021,5,3,3,Old,0,0,19,0,0,
7/7/2021,5,3,4,New,0,0,20,0,0,
7/7/2021,5,3,5,Old,0,0,3,0,0,
7/7/2021,1,3,1,Old,1,1,22,0,0,
7/7/2021,1,3,2,New,0,1,21,0,0,
7/7/2021,1,3,3,Old,0,0,22,0,0,
7/7/2021,1,3,4,New,0,1,25,0,0,
7/7/2021,1,3,5,Old,4,1,24,0,0,
7/7/2021,5,4,1,Old,0,2,18,0,0,
7/7/2021,5,4,2,New,0,1,24,0,0,
7/7/2021,5,4,3,Old,0,0,12,0,0,
7/7/2021,5,4,4,New,1,1,14,0,0,
7/7/2021,5,4,5,Old,0,1,24,0,0,
7/7/2021,5,5,1,Old,0,5,23,0,0,
7/7/2021,5,5,2,New,0,2,18,2,0,
7/7/2021,5,5,3,Old,0,3,19,0,0,
7/7/2021,5,5,4,New,0,2,26,0,0,
7/7/2021,5,5,5,Old,0,0,24,0,0,
7/7/2021,5,6,1,Old,0,0,7,0,0,
7/7/2021,5,6,2,New,0,2,28,0,0,
7/7/2021,5,6,3,Old,0,0,16,0,0,
7/7/2021,5,6,4,New,0,2,14,0,0,
7/7/2021,5,6,5,Old,0,0,8,0,0,
7/7/2021,1,4,1,Old ,0,0,32,0,0,
7/7/2021,1,4,2,New,0,0,32,0,0,
7/7/2021,1,4,3,Old,0,0,28,0,0,
7/7/2021,1,4,4,New,0,1,40,0,0,
7/7/2021,1,4,5,Old,1,0,21,0,0,
6/23/2021,SF,1,1,Old,0,0,22,0,0,
6/23/2021,SF,1,2,New,0,2,23,0,0,
6/23/2021,SF,1,3,Old,0,7,26,0,0,
6/23/2021,SF,1,4,New,0,6,49,0,0,
6/23/2021,SF,1,5,Old,0,0,20,0,0,
7/7/2021,7,5,1,Old ,0,1,29,0,0,
7/7/2021,7,5,2,New,0,4,32,0,0,
7/7/2021,7,5,3,Old,0,0,41,0,0,
7/7/2021,7,5,4,New,0,0,27,0,0,
7/7/2021,7,5,5,Old,1,4,30,0,0,
7/7/2021,3,4,1,Old,2,1,29,1,0,
7/7/2021,3,4,2,New,2,0,30,0,0,
7/7/2021,3,4,3,Old,1,0,31,0,0,
7/7/2021,3,4,4,New,1,0,14,0,0,
7/7/2021,3,4,5,Old,0,0,23,0,0,
7/7/2021,3,3,1,Old ,0,0,17,0,0,
7/7/2021,3,3,2,New,0,1,35,1,0,
7/7/2021,3,3,3,Old,1,0,29,0,0,
7/7/2021,3,3,4,New,0,1,20,0,0,
7/7/2021,3,3,5,Old,1,4,24,0,0,
7/7/2021,3,2,1,Old,1,0,27,0,0,
7/7/2021,3,2,2,New,1,0,18,0,0,
7/7/2021,3,2,3,Old,0,0,28,0,0,
7/7/2021,3,2,4,New,0,0,26,0,0,
7/7/2021,3,2,5,Old,0,0,40,0,0,
7/7/2021,DF,1,1,Old,0,171,14,1,0,
7/7/2021,DF,1,2,New,1,21,9,0,0,
7/7/2021,DF,1,3,Old,0,14,7,0,0,
7/7/2021,DF,1,4,New,2,7,20,0,0,
7/7/2021,DF,1,5,Old,0,5,19,0,0,
7/7/2021,3,5,1,Old,4,1,35,0,0,
7/7/2021,3,5,2,New,6,0,30,0,0,
7/7/2021,3,5,3,Old,4,2,34,0,0,
7/7/2021,3,5,4,New,7,0,61,0,0,
7/7/2021,3,5,5,Old,1,0,38,0,0,
7/21/2021,4,1,1,Old,0,2,14,0,0,
7/21/2021,4,1,2,New,0,0,19,0,0,
7/21/2021,4,1,3,Old,1,0,13,0,0,
7/21/2021,4,1,4,New,0,0,12,0,0,
7/21/2021,4,1,5,Old,0,1,11,0,0,
7/21/2021,5,1,1,Old,0,2,18,0,0,
7/21/2021,5,1,2,New,0,4,27,0,0,
7/21/2021,5,1,3,Old,0,1,9,0,0,
7/21/2021,5,1,4,New,0,1,7,0,0,
7/21/2021,5,1,5,Old,0,4,12,0,0,
7/21/2021,7,2,1,Old,0,3,13,0,0,
7/21/2021,7,2,2,New,0,3,16,0,0,
7/21/2021,7,2,3,Old,0,0,5,0,0,
7/21/2021,7,2,4,New,0,4,10,0,0,
7/21/2021,7,2,5,Old,0,0,9,0,0,
7/21/2021,7,3,1,Old,0,2,3,0,0,
7/21/2021,7,3,2,New,1,3,14,0,0,
7/21/2021,7,3,3,Old,0,0,9,0,0,
7/21/2021,7,3,4,New,0,0,13,0,0,
7/21/2021,7,3,5,Old,0,4,6,0,0,
7/21/2021,7,4,1,Old,0,1,6,0,0,
7/21/2021,7,4,2,New,0,1,4,0,0,
7/21/2021,7,4,3,Old,0,3,8,0,0,
7/21/2021,7,4,4,New,0,0,10,0,0,
7/21/2021,7,4,5,Old,0,6,12,0,0,
7/21/2021,7,2,1,Old,0,1,17,0,0,
7/21/2021,7,2,2,New,1,0,10,0,0,
7/21/2021,7,2,3,Old,0,0,12,0,0,
7/21/2021,7,2,4,New,0,1,2,0,0,
7/21/2021,7,2,5,Old,0,0,4,0,0,
7/21/2021,4,3,1,Old,0,0,8,0,0,
7/21/2021,4,3,2,New,0,0,14,0,0,
7/21/2021,4,3,3,Old,0,2,12,0,0,
7/21/2021,4,3,4,New,1,0,7,0,0,
7/21/2021,4,3,5,Old,0,3,5,0,0,
7/21/2021,2,1,1,Old,0,0,6,0,0,
7/21/2021,2,1,2,New,0,1,13,0,0,
7/21/2021,2,1,3,Old,0,0,12,0,0,
7/21/2021,2,1,4,New,0,0,20,0,0,
7/21/2021,2,1,5,Old,0,0,7,0,0,
7/21/2021,3,2,1,Old,0,0,13,0,0,
7/21/2021,3,2,2,New,0,0,15,0,0,
7/21/2021,3,2,3,Old,0,0,9,0,0,
7/21/2021,3,2,4,New,0,0,10,0,0,
7/21/2021,3,2,5,Old,0,0,10,0,0,
7/21/2021,3,3,1,Old,0,0,12,0,0,
7/21/2021,3,3,2,New,1,0,11,0,0,
7/21/2021,3,3,3,Old,0,0,9,0,0,
7/21/2021,3,3,4,New,0,2,8,0,0,
7/21/2021,3,3,5,Old,1,1,18,0,0,
7/21/2021,3,4,1,Old,0,0,18,0,0,
7/21/2021,3,4,2,New,0,0,20,0,0,
7/21/2021,3,4,3,Old,0,0,6,0,0,
7/21/2021,3,4,4,New,0,1,12,0,0,
7/21/2021,3,4,5,Old,0,0,10,0,0,
7/21/2021,SF,3,1,Old,0,2,19,0,0,
7/21/2021,SF,3,2,New,0,0,9,0,0,
7/21/2021,SF,3,3,Old,0,0,6,0,0,
7/21/2021,SF,3,4,New,0,2,10,0,0,
7/21/2021,SF,3,5,Old,0,0,8,0,0,
7/21/2021,6,1,1,Old,0,2,107,0,0,
7/21/2021,6,1,2,New,1,1,130,0,0,
7/21/2021,6,1,3,Old,0,4,147,0,0,
7/21/2021,6,1,4,New,0,3,87,0,0,
7/21/2021,6,1,5,Old,0,3,34,0,0,
7/21/2021,6,2,1,Old,0,4,69,0,0,
7/21/2021,6,2,2,New,0,4,190,0,0,
7/21/2021,6,2,3,Old,0,3,66,0,0,
7/21/2021,6,2,4,New,0,2,174,0,0,
7/21/2021,6,2,5,Old,0,1,105,0,0,
7/21/2021,2,4,1,Old,0,1,17,0,0,
7/21/2021,2,4,2,New,0,1,11,0,0,
7/21/2021,2,4,3,Old,0,2,11,0,0,
7/21/2021,2,4,4,New,0,0,11,0,0,
7/21/2021,2,4,5,Old,0,1,17,0,0,
7/21/2021,2,3,1,Old,0,1,22,1,0,
7/21/2021,2,3,2,New,0,1,24,0,0,
7/21/2021,2,3,3,Old,1,2,12,0,0,
7/21/2021,2,3,4,New,1,1,22,0,0,
7/21/2021,2,3,5,Old,0,3,14,0,0,
7/21/2021,1,6,1,Old,0,1,8,0,0,
7/21/2021,1,6,2,New,0,0,17,0,0,
7/21/2021,1,6,3,Old,0,1,10,,0,
7/21/2021,1,6,4,New,2,1,18,0,0,
7/21/2021,1,6,5,Old,0,1,10,0,0,
7/21/2021,1,1,1,Old,0,0,23,0,0,
7/21/2021,1,1,2,New,5,0,27,0,0,
7/21/2021,1,1,3,Old,3,0,29,0,0,
7/21/2021,1,1,4,New,7,0,23,0,0,
7/21/2021,1,1,5,Old,4,0,27,1,0,1LB
7/21/2021,2,6,1,Old,1,2,33,1,0,1LB
7/21/2021,2,6,2,New,7,0,35,0,0,
7/21/2021,2,6,3,Old,1,0,26,0,0,
7/21/2021,2,6,4,New,1,0,29,0,0,
7/21/2021,2,6,5,Old,1,0,18,0,0,
7/21/2021,2,5,1,Old,5,0,31,0,0,
7/21/2021,2,5,2,New,8,1,23,0,0,
7/21/2021,2,5,3,Old,5,0,22,0,0,
7/21/2021,2,5,4,New,7,0,24,0,0,
7/21/2021,2,5,5,Old,2,2,28,0,0,
7/21/2021,3,1,1,Old,0,0,16,0,0,
7/21/2021,3,1,2,New,4,0,21,0,0,
7/21/2021,3,1,3,Old,1,0,17,0,0,
7/21/2021,3,1,4,New,1,0,31,2,0,
7/21/2021,3,1,5,Old,1,1,13,1,0,
7/21/2021,1,4,1,Old,2,0,30,0,0,
7/21/2021,1,4,2,New,9,0,17,0,0,
7/21/2021,1,4,3,Old,3,0,25,0,0,
7/21/2021,1,4,4,New,6,0,26,0,0,
7/21/2021,1,4,5,Old,1,0,38,0,0,
7/21/2021,1,3,1,Old,1,1,27,0,0,
7/21/2021,1,3,2,New,1,0,20,0,0,
7/21/2021,1,3,3,Old,1,1,30,0,0,
7/21/2021,1,3,4,New,4,3,20,0,0,1LB
7/21/2021,1,3,5,Old,3,0,13,0,0,
7/21/2021,3,6,1,Old,1,0,11,0,0,
7/21/2021,3,6,2,New,1,0,11,1,0,
7/21/2021,3,6,3,Old,1,1,19,0,0,
7/21/2021,3,6,4,New,1,0,24,0,0,
7/21/2021,3,6,5,Old,1,0,9,0,0,
6/23/2021,DF,3,1,Old,0,1,13,1,0,
6/23/2021,DF,3,2,New,0,2,14,0,0,
6/23/2021,DF,3,3,Old,0,0,19,0,0,
6/23/2021,DF,3,4,New,0,1,13,0,0,
6/23/2021,DF,3,5,Old,0,1,10,0,0,
6/23/2021,6,3,1,Old,0,0,122,0,0,
6/23/2021,6,3,2,New,0,0,111,0,0,
6/23/2021,6,3,3,Old,0,0,109,0,0,1LB
6/23/2021,6,3,4,New,0,0,72,0,0,
6/23/2021,6,3,5,Old,0,0,61,0,0,
7/21/2021,6,2,1,Old,0,3,106,0,0,1 LB
7/21/2021,6,2,2,New,6,3,347,0,0,
7/21/2021,6,2,3,Old,8,1,103,1,0,
7/21/2021,6,2,4,New,6,3,111,0,0,
7/21/2021,6,2,5,Old,1,3,111,0,0,
7/21/2021,7,1,1,Old,0,0,32,0,0,
7/21/2021,7,1,2,New,0,0,29,0,0,
7/21/2021,7,1,3,Old,1,2,19,0,0,
7/21/2021,7,1,4,New,4,2,42,0,0,
7/21/2021,7,1,5,Old,0,0,23,0,0,
7/21/2021,2,5,1,Old,0,0,22,0,0,
7/21/2021,2,5,2,New,1,0,26,0,0,
7/21/2021,2,5,3,Old,0,0,34,0,0,
7/21/2021,2,5,4,New,2,0,38,0,0,
7/21/2021,2,5,5,Old,2,0,21,0,0,
7/21/2021,2,4,1,Old,3,0,46,0,0,
7/21/2021,2,4,2,New,1,1,39,0,0,
7/21/2021,2,4,3,Old,0,0,43,0,0,
7/21/2021,2,4,4,New,1,1,36,0,0,
7/21/2021,2,4,5,Old,0,0,43,0,0,
7/7/2021,1,2,1,Old,5,0,69,0,0,
7/7/2021,1,2,2,New,1,0,37,0,0,
7/7/2021,1,2,3,Old,1,2,68,0,0,
7/7/2021,1,2,4,New,1,0,57,0,0,
7/7/2021,1,2,5,Old,4,2,62,0,0,
7/7/2021,2,3,1,Old,3,1,19,0,0,
7/7/2021,2,3,2,New,2,1,39,0,0,
7/7/2021,2,3,3,Old,0,0,35,1,0,
7/7/2021,2,3,4,New,4,0,31,0,0,
7/7/2021,2,3,5,Old,0,1,32,0,0,
7/21/2021,5,3,1,Old,0,0,20,0,0,
7/21/2021,5,3,2,New,0,0,20,0,0,
7/21/2021,5,3,3,Old,1,0,22,0,0,
7/21/2021,5,3,4,New,2,0,16,0,0,
7/21/2021,5,3,5,Old,1,0,12,0,0,
7/21/2021,5,4,1,Old,0,1,12,0,0,
7/21/2021,5,4,2,New,0,0,40,0,0,
7/21/2021,5,4,3,Old,0,1,17,0,0,
7/21/2021,5,4,4,New,0,0,25,0,0,
7/21/2021,5,4,5,Old,0,0,26,0,0,
7/21/2021,2,2,1,Old,1,1,19,0,0,
7/21/2021,2,2,2,New,5,1,14,0,0,
7/21/2021,2,2,3,Old,2,1,13,0,0,
7/21/2021,2,2,4,New,2,0,21,0,0,
7/21/2021,2,2,5,Old,4,0,32,0,0,
7/21/2021,7,6,1,Old,1,0,12,0,0,
7/21/2021,7,6,2,New,0,8,50,0,0,
7/21/2021,7,6,3,Old,0,3,12,0,0,
7/21/2021,7,6,4,New,2,2,19,0,0,
7/21/2021,7,6,5,Old,0,2,16,0,0,
7/21/2021,4,5,1,Old,0,0,23,0,0,
7/21/2021,4,5,2,New,2,0,18,0,0,
7/21/2021,4,5,3,Old,0,0,19,0,0,
7/21/2021,4,5,4,New,7,0,31,0,0,
7/21/2021,4,5,5,Old,3,0,22,0,0,
6/23/2021,7,3,1,Old,0,0,106,0,0,2LB
6/23/2021,7,3,2,New,0,0,73,0,0,
6/23/2021,7,3,3,Old,0,2,49,0,0,1LB
6/23/2021,7,3,4,New,0,0,53,0,0,
6/23/2021,7,3,5,Old,0,2,46,0,0,
6/23/2021,2,3,1,Old,0,0,7,0,0,
6/23/2021,2,3,2,New,0,0,10,0,0,
6/23/2021,2,3,3,Old,0,0,9,0,0,
6/23/2021,2,3,4,New,0,1,3,0,0,
23-Jun,2,3,5,Old,0,0,11,0,0,
6/23/2021,1,1,1,Old,0,1,10,0,0,
6/23/2021,1,1,2,New,0,1,14,0,0,1LB
6/23/2021,1,1,3,Old,0,2,22,0,0,
6/23/2021,1,1,4,New,1,1,17,0,0,1LB
6/23/2021,1,1,5,Old,1,1,16,0,0,
6/23/2021,1,2,1,Old,0,0,27,0,0,1LB
6/23/2021,1,2,2,New,0,1,27,0,0,
6/23/2021,1,2,3,Old,0,2,21,0,0,
6/23/2021,1,2,4,New,0,1,33,0,0,2LB
6/23/2021,1,2,5,Old,0,0,23,0,0,
6/23/2021,SF,3,1,Old,0,1,12,0,0,
6/23/2021,SF,3,2,New,0,1,18,0,0,
6/23/2021,SF,3,3,Old,0,0,15,0,0,
6/23/2021,SF,3,4,New,0,1,14,0,0,
6/23/2021,SF,3,5,Old,0,8,20,0,0,
6/23/2021,5,5,1,Old,0,0,156,0,0,
6/23/2021,5,5,2,New,0,0,72,0,0,
6/23/2021,5,5,3,Old,0,2,111,0,0,1 LBS
6/23/2021,5,5,4,New,0,2,59,0,0,2 LBS
6/23/2021,5,5,5,Old,0,1,72,0,0,2 LBS
7/21/2021,5,2,1,Old,0,0,20,0,0,
7/21/2021,5,2,2,New,0,4,31,0,0,
7/21/2021,5,2,3,Old,0,4,19,0,0,
7/21/2021,5,2,4,New,0,1,16,0,0,
7/21/2021,5,2,5,Old,0,11,27,0,0,
7/21/2021,5,5,1,Old,0,3,45,0,0,
7/21/2021,5,5,2,New,1,2,39,0,0,
7/21/2021,5,5,3,Old,0,1,54,1,0,
7/21/2021,5,5,4,New,3,2,34,0,0,
7/21/2021,5,5,5,Old,0,2,32,0,0,
7/21/2021,5,6,1,Old,0,1,20,0,0,
7/21/2021,5,6,2,New,1,4,71,0,0,
7/21/2021,5,6,3,Old,1,4,38,0,0,
7/21/2021,5,6,4,New,1,2,71,0,0,2 LB
7/21/2021,5,6,5,Old,0,1,34,0,0,
7/21/2021,7,5,1,Old,0,1,18,0,0,
7/21/2021,7,5,2,New,1,0,20,0,0,
7/21/2021,7,5,3,Old,0,1,24,0,0,
7/21/2021,7,5,4,New,1,1,19,0,0,
7/21/2021,7,5,5,Old,1,0,23,0,0,
7/21/2021,4,4,1,Old,1,0,22,0,0,
7/21/2021,4,4,2,New,1,1,9,1,0,
7/21/2021,4,4,3,Old,1,0,18,0,0,
7/21/2021,4,4,4,New,1,2,16,0,0,
7/21/2021,4,4,5,Old,0,0,15,0,0,
7/21/2021,1,2,1,Old,1,0,29,0,0,
7/21/2021,1,2,2,New,1,0,24,0,0,
7/21/2021,1,2,3,Old,3,0,22,0,0,
7/21/2021,1,2,4,New,4,1,25,0,0,
7/21/2021,1,2,5,Old,3,0,25,0,0,1 LB
7/21/2021,7,1,1,Old,0,3,15,0,0,
7/21/2021,7,1,2,New,0,2,27,0,0,
7/21/2021,7,1,3,Old,0,0,23,0,0,
7/21/2021,7,1,4,New,3,4,24,1,0,
7/21/2021,7,1,5,Old,0,1,12,0,0,
7/21/2021,DF,3,1,Old,0,6,2,0,0,
7/21/2021,DF,3,2,New,0,2,4,0,0,
7/21/2021,DF,3,3,Old,0,2,10,0,0,
7/21/2021,DF,3,4,New,0,1,8,0,0,
7/21/2021,DF,3,5,Old,0,7,4,0,0,
8/4/2021,CF,3,1,Old,0,1,8,0,0,
8/4/2021,CF,3,2,New,0,6,9,0,0,
8/4/2021,CF,3,3,Old,0,6,15,0,0,
8/4/2021,CF,3,4,New,0,4,7,0,0,
8/4/2021,CF,3,5,Old,0,1,12,0,0,
8/4/2021,1,2,1,Old,0,2,11,0,0,
8/4/2021,1,2,2,New,0,0,11,0,0,
8/4/2021,1,2,3,Old,0,2,10,0,0,
8/4/2021,1,2,4,New,0,1,12,0,0,
8/4/2021,1,2,5,Old,0,1,8,0,0,
8/4/2021,1,3,1,Old,0,0,14,0,0,
8/4/2021,1,3,2,New,0,1,14,0,0,
8/4/2021,1,3,3,Old,0,0,26,0,0,
8/4/2021,1,3,4,New,0,0,13,0,0,
8/4/2021,1,3,5,Old,0,0,10,0,0,
8/4/2021,2,5,1,Old,0,0,10,0,0,
8/4/2021,2,5,2,New,0,0,12,0,0,
8/4/2021,2,5,3,Old,0,0,12,0,0,
8/4/2021,2,5,4,New,0,0,15,0,0,
8/4/2021,2,5,5,Old,0,0,14,0,0,
8/4/2021,2,1,1,Old,0,2,20,0,0,
8/4/2021,2,1,2,New,0,1,11,0,0,
8/4/2021,2,1,3,Old,0,1,16,0,0,
8/4/2021,2,1,4,New,1,0,6,0,0,
8/4/2021,2,1,5,Old,0,1,10,0,0,
8/4/2021,2,2,1,Old,0,0,7,0,0,
8/4/2021,2,2,2,New,0,0,15,0,0,
8/4/2021,2,2,3,Old,0,0,11,0,0,
8/4/2021,2,2,4,New,0,0,9,0,0,
8/4/2021,2,2,5,Old,0,0,12,0,0,
7/21/2021,3,5,1,Old,0,0,27,0,0,
7/21/2021,3,5,2,New,0,0,12,0,0,
7/21/2021,3,5,3,Old,1,0,21,0,0,
7/21/2021,3,5,4,New,0,0,32,0,0,
7/21/2021,3,5,5,Old,0,2,14,0,0,
7/21/2021,4,6,1,Old,1,0,7,0,0,
7/21/2021,4,6,2,New,0,0,27,0,0,
7/21/2021,4,6,3,Old,0,0,11,0,0,
7/21/2021,4,6,4,New,1,0,18,0,0,
7/21/2021,4,6,5,Old,0,1,17,0,0,
7/21/2021,6,4,1,Old,0,4,12,0,0,
7/21/2021,6,4,2,New,1,1,36,0,0,
7/21/2021,6,4,3,Old,0,1,23,0,0,
7/21/2021,6,4,4,New,0,0,16,0,0,
7/21/2021,6,4,5,Old,0,0,38,0,0,
7/21/2021,6,5,1,Old,1,5,160,0,0,
7/21/2021,6,5,2,New,2,2,474,0,0,
7/21/2021,6,5,3,Old,0,1,223,0,0,
7/21/2021,6,5,4,New,0,0,403,0,0,
7/21/2021,6,5,5,Old,0,2,193,0,0,
7/21/2021,6,6,1,Old,0,0,18,0,0,
7/21/2021,6,6,2,New,0,1,35,0,0,
7/21/2021,6,6,3,Old,0,1,12,0,0,
7/21/2021,6,6,4,New,0,2,47,0,0,
7/21/2021,6,6,5,Old,0,1,14,0,0,
7/21/2021,CF,3,1,Old,0,5,11,0,0,
7/21/2021,CF,3,2,New,0,6,18,0,0,
7/21/2021,CF,3,3,Old,0,8,7,0,0,
7/21/2021,CF,3,4,New,0,5,23,0,0,
7/21/2021,CF,3,5,Old,0,6,20,0,0,
7/21/2021,CF,1,1,Old,0,16,14,0,0,
7/21/2021,CF,1,2,New,0,6,7,0,0,
7/21/2021,CF,1,3,Old,0,7,5,0,0,
7/21/2021,CF,1,4,New,0,0,0,0,0,
7/21/2021,CF,1,5,Old,0,4,13,0,0,
6/23/2021,5,6,1,Old,0,1,13,0,0,1 LB
6/23/2021,5,6,2,New,0,5,35,0,0,
6/23/2021,5,6,3,Old,0,4,12,0,0,1 LB
6/23/2021,5,6,4,New,0,1,32,0,0,
6/23/2021,5,6,5,Old,0,4,47,0,0,
6/23/2021,2,5,1,Old,0,0,9,0,0,
6/23/2021,2,5,2,New,0,2,5,0,0,
6/23/2021,2,5,3,Old,0,2,5,0,0,
6/23/2021,2,5,4,New,0,0,4,0,0,
6/23/2021,2,5,5,Old,0,0,2,0,0,
6/23/2021,7,6,1,Old,0,0,11,0,0,
6/23/2021,7,6,2,New,0,3,14,0,0,1 Asian LB
6/23/2021,7,6,3,Old,0,0,22,0,0,
6/23/2021,7,6,4,New,0,3,14,0,0,
6/23/2021,7,6,5,Old,0,2,10,0,0,
6/23/2021,1,4,1,Old,0,1,11,0,0,2 LB
6/23/2021,1,4,2,New,0,1,11,0,0,1 LB
6/23/2021,1,4,3,Old,0,0,16,0,0,1 LB
6/23/2021,1,4,4,New,0,1,7,0,0,
6/23/2021,1,4,5,Old,0,0,9,0,0,2 LB
7/7/2021,1,1,1,Old,0,4,20,0,0,
7/7/2021,1,1,2,New,0,2,27,1,0,
7/7/2021,1,1,3,Old,0,6,25,0,0,
7/7/2021,1,1,4,New,0,4,17,1,0,
7/7/2021,1,1,5,Old,0,1,31,0,0,1 Asian LB
7/7/2021,6,1,1,Old,5,8,63,0,0,
7/7/2021,6,1,2,New,1,7,93,0,0,
7/7/2021,6,1,3,Old,0,18,76,0,0,
7/7/2021,6,1,4,New,5,18,80,0,0,1 LB
7/7/2021,6,1,5,Old,0,9,53,0,0,
7/7/2021,3,5,1,Old,0,0,19,0,0,
7/7/2021,3,5,2,New,0,0,14,0,0,1 LB
7/7/2021,3,5,3,Old,1,1,17,0,0,1 LB
7/7/2021,3,5,4,New,0,1,18,0,0,
7/7/2021,3,5,5,Old,0,2,28,0,0,1 cynipoid
7/7/2021,1,6,1,Old,2,1,42,0,0,1 asian LB
7/7/2021,1,6,2,New,2,2,37,0,0,
7/21/2021,1,5,1,Old,4,0,16,0,0,
7/21/2021,1,5,2,New,5,1,23,0,0,
7/21/2021,1,5,3,Old,1,1,40,0,0,
7/21/2021,1,5,4,New,1,0,14,1,0,
7/21/2021,1,5,5,Old,1,0,19,0,0,2 LB
7/21/2021,6,3,1,Old,3,4,92,0,0,
7/21/2021,6,3,2,New,5,4,66,0,0,
7/21/2021,6,3,3,Old,1,0,32,0,0,
7/21/2021,6,3,4,New,4,2,114,0,0,
7/21/2021,6,3,5,Old,2,1,34,0,0,
7/21/2021,SF,2,1,Old,0,1,5,0,0,
7/21/2021,SF,2,2,New,0,3,14,0,0,
7/21/2021,SF,2,3,Old,0,2,11,0,0,
7/21/2021,SF,2,4,New,2,1,15,0,0,
7/21/2021,SF,2,5,Old,0,1,10,0,0,
8/4/2021,3,1,1,Old,0,0,19,0,0,
8/4/2021,3,1,2,New,0,2,15,0,0,
8/4/2021,3,1,3,Old,2,0,21,0,0,
8/4/2021,3,1,4,New,0,0,15,0,0,
8/4/2021,3,1,5,Old,0,0,14,0,0,
8/4/2021,3,2,1,Old,0,0,30,0,0,
8/4/2021,3,2,2,New,0,0,18,0,0,
8/4/2021,3,2,3,Old,0,1,13,0,0,
8/4/2021,3,2,4,New,0,0,22,1,0,
8/4/2021,3,2,5,Old,0,0,13,0,0,
8/4/2021,3,3,1,Old,0,0,26,0,0,
8/4/2021,3,3,2,New,2,0,22,0,0,
8/4/2021,3,3,3,Old,0,1,20,0,0,
8/4/2021,3,3,4,New,0,0,22,0,0,
8/4/2021,3,3,5,Old,0,0,20,0,0,
8/4/2021,1,1,1,Old,0,0,23,0,0,
8/4/2021,1,1,2,New,2,0,23,0,0,
8/4/2021,1,1,3,Old,2,1,28,0,0,1 LB
8/4/2021,1,1,4,New,1,0,15,0,0,
8/4/2021,1,1,5,Old,1,0,16,0,0,
8/4/2021,2,3,1,Old,0,0,6,0,0,
8/4/2021,2,3,2,New,0,0,13,0,0,
8/4/2021,2,3,3,Old,0,1,17,1,0,
8/4/2021,2,3,4,New,0,1,12,0,0,
8/4/2021,2,3,5,Old,0,0,8,0,0,
8/4/2021,1,4,1,Old,0,0,15,0,0,
8/4/2021,1,4,2,New,0,2,16,0,0,
8/4/2021,1,4,3,Old,0,2,16,0,0,
8/4/2021,1,4,4,New,0,0,7,0,0,
8/4/2021,1,4,5,Old,0,0,6,0,0,
8/4/2021,1,6,1,Old,0,1,12,0,0,
8/4/2021,1,6,2,New,0,0,12,0,0,
8/4/2021,1,6,3,Old,0,0,12,0,0,
8/4/2021,1,6,4,New,0,1,15,0,0,
8/4/2021,1,6,5,Old,0,0,11,0,0,
8/4/2021,6,3,1,Old,0,0,15,0,0,
8/4/2021,6,3,2,New,0,1,31,0,0,
8/4/2021,6,3,3,Old,0,3,27,0,0,
8/4/2021,6,3,4,New,0,0,45,0,0,
8/4/2021,6,3,5,Old,0,2,18,0,0,
8/4/2021,DF,2,1,Old,0,2,6,0,0,
8/4/2021,DF,2,2,New,0,1,7,0,0,
8/4/2021,DF,2,3,Old,0,2,1,0,0,
8/4/2021,DF,2,4,New,0,3,2,0,0,
8/4/2021,DF,2,5,Old,0,3,4,0,0,
8/4/2021,6,2,1,Old,0,1,23,0,0,
8/4/2021,6,2,2,New,0,5,37,0,0,
8/4/2021,6,2,3,Old,0,0,11,0,0,
8/4/2021,6,2,4,New,2,2,49,0,0,
8/4/2021,6,2,5,Old,1,5,16,0,0,
8/4/2021,DF,1,1,Old,0,2,1,0,0,
8/4/2021,DF,1,2,New,0,3,5,0,0,
8/4/2021,DF,1,3,Old,0,1,9,0,0,
8/4/2021,DF,1,4,New,0,2,1,0,0,
8/4/2021,DF,1,5,Old,0,0,5,0,0,
8/4/2021,6,5,1,Old,0,0,25,0,0,
8/4/2021,6,5,2,New,1,2,85,0,0,
8/4/2021,6,5,3,Old,0,1,19,0,0,
8/4/2021,6,5,4,New,0,5,61,0,0,
8/4/2021,6,5,5,Old,0,3,47,0,0,
8/4/2021,6,4,1,Old,0,1,13,0,0,
8/4/2021,6,4,2,New,0,0,13,0,0,
8/4/2021,6,4,3,Old,0,0,9,0,0,
8/4/2021,6,4,4,New,0,0,15,0,0,
8/4/2021,6,4,5,Old,0,0,10,0,0,
8/4/2021,CF,2,1,Old,0,7,2,0,0,
8/4/2021,CF,2,2,New,0,1,7,0,0,
8/4/2021,CF,2,3,Old,0,4,2,0,0,
8/4/2021,CF,2,4,New,0,1,19,0,0,
8/4/2021,CF,2,5,Old,0,2,7,0,0,
8/4/2021,SF,1,1,Old,0,5,1,0,0,
8/4/2021,SF,1,2,New,0,0,5,0,0,
8/4/2021,SF,1,3,Old,0,10,13,0,0,
8/4/2021,SF,1,4,New,0,1,13,0,0,
8/4/2021,SF,1,5,Old,0,1,4,0,0,
8/4/2021,SF,2,1,Old,0,0,0,0,0,
8/4/2021,SF,2,2,New,0,1,11,0,0,
8/4/2021,SF,2,3,Old,0,4,6,0,0,
8/4/2021,SF,2,4,New,0,2,1,0,0,
8/4/2021,SF,2,5,Old,0,3,2,0,0,
8/4/2021,SF,3,1,Old,0,0,8,0,0,
8/4/2021,SF,3,2,New,0,2,6,0,0,
8/4/2021,SF,3,3,Old,0,1,3,0,0,
8/4/2021,SF,3,4,New,1,2,4,0,0,
8/4/2021,SF,3,5,Old,0,0,5,0,0,
8/4/2021,5,3,1,Old,0,0,10,0,0,
8/4/2021,5,3,2,New,0,0,13,0,0,
8/4/2021,5,3,3,Old,1,0,15,0,0,
8/4/2021,5,3,4,New,0,0,4,0,0,
8/4/2021,5,3,5,Old,0,1,3,0,0,
8/18/2021,5,1,1,Old,0,0,56,0,0,
8/18/2021,5,1,2,New,0,0,145,0,0,
8/18/2021,5,1,3,Old,0,1,54,1,0,
8/18/2021,5,1,4,New,0,0,40,0,0,
8/18/2021,5,1,5,Old,0,3,31,0,0,
8/18/2021,6,3,1,Old,0,1,81,0,0,
8/18/2021,6,3,2,New,0,1,85,0,0,
8/18/2021,6,3,3,Old,0,1,66,0,0,
8/18/2021,6,3,4,New,1,1,65,0,0,
8/18/2021,6,3,5,Old,0,2,84,0,0,
8/18/2021,6,2,1,Old,0,0,100,0,0,
8/18/2021,6,2,2,New,0,1,165,0,0,
8/18/2021,6,2,3,Old,0,0,60,60,0,
8/18/2021,6,2,4,New,0,2,296,0,0,
8/18/2021,6,2,5,Old,0,2,323,0,0,
8/4/2021,5,4,1,Old,0,0,7,0,0,
8/4/2021,5,4,2,New,0,2,8,0,0,
8/4/2021,5,4,3,Old,0,1,4,0,0,
8/4/2021,5,4,4,New,0,1,12,0,0,
8/4/2021,5,4,5,Old,0,2,17,0,0,
8/4/2021,7,2,1,Old,0,0,9,0,0,
8/4/2021,7,2,2,New,0,1,38,0,0,
8/4/2021,7,2,3,Old,0,0,17,0,0,
8/4/2021,7,2,4,New,0,1,24,0,0,
8/4/2021,7,2,5,Old,0,1,11,0,0,
8/4/2021,7,3,1,Old,1,1,33,0,0,
8/4/2021,7,3,2,New,0,1,25,0,0,
8/4/2021,7,3,3,Old,0,0,23,0,0,
8/4/2021,7,3,4,New,1,2,23,0,0,
8/4/2021,7,3,5,Old,0,0,11,0,0,
8/4/2021,7,4,1,Old,0,1,9,0,0,
8/4/2021,7,4,2,New,0,1,10,0,0,
8/4/2021,7,4,3,Old,0,1,7,0,0,
8/4/2021,7,4,4,New,0,0,14,0,0,
8/4/2021,7,4,5,Old,0,8,11,0,0,
8/4/2021,7,5,1,Old,0,0,12,0,0,
8/4/2021,7,5,2,New,0,0,13,0,0,
8/4/2021,7,5,3,Old,0,0,14,0,0,
8/4/2021,7,5,4,New,0,1,14,0,0,
8/4/2021,7,5,5,Old,0,2,8,0,0,
8/4/2021,7,6,1,Old,0,0,5,0,0,
8/4/2021,7,6,2,New,0,6,17,0,0,
8/4/2021,7,6,3,Old,0,1,5,0,0,
8/4/2021,7,6,4,New,0,0,3,0,0,
8/4/2021,7,6,5,Old,0,0,10,0,0,
8/4/2021,3,4,1,Old,0,2,8,0,0,
8/4/2021,3,4,2,New,0,0,9,0,1,
8/4/2021,3,4,3,Old,0,0,11,0,0,
8/4/2021,3,4,4,New,0,1,10,0,0,
8/4/2021,3,4,5,Old,0,0,12,0,0,
8/4/2021,3,5,1,Old,0,2,14,0,0,
8/4/2021,3,5,2,New,0,1,8,0,0,
8/4/2021,3,5,3,Old,0,0,10,0,0,
8/4/2021,3,5,4,New,0,0,6,0,0,
8/4/2021,3,5,5,Old,0,0,6,0,0,
8/4/2021,4,1,1,Old,0,0,10,0,0,
8/4/2021,4,1,2,New,0,0,20,0,0,
8/4/2021,4,1,3,Old,0,0,16,0,0,
8/4/2021,4,1,4,New,0,0,11,0,0,
8/4/2021,4,1,5,Old,0,0,11,0,0,
8/4/2021,4,4,1,Old,0,1,2,0,0,
8/4/2021,4,4,2,New,0,0,16,0,0,
8/4/2021,4,4,3,Old,1,0,8,0,0,
8/4/2021,4,4,4,New,0,0,8,0,0,
8/4/2021,4,4,5,Old,0,0,8,0,0,
8/4/2021,4,2,1,Old,0,0,17,0,0,
8/4/2021,4,2,2,New,0,1,40,0,0,
8/4/2021,4,2,3,Old,0,0,17,0,0,
8/4/2021,4,2,4,New,0,0,20,0,0,
8/4/2021,4,2,5,Old,0,0,12,0,0,
8/4/2021,2,6,1,Old,0,0,8,0,0,
8/4/2021,2,6,2,New,0,0,4,0,0,
8/4/2021,2,6,3,Old,0,0,17,0,0,
8/4/2021,2,6,4,New,1,0,17,0,0,
8/4/2021,2,6,5,Old,0,0,9,0,0,
7/21/2021,DF,1,1,Old,1,21,8,1,0,
7/21/2021,DF,1,2,New,0,14,6,0,0,
7/21/2021,DF,1,3,Old,0,10,9,0,0,
7/21/2021,DF,1,4,New,3,7,9,0,0,
7/21/2021,DF,1,5,Old,0,7,9,0,0,
7/21/2021,DF,2,1,Old,0,2,10,0,0,
7/21/2021,DF,2,2,New,0,3,7,0,0,
7/21/2021,DF,2,3,Old,0,9,6,0,0,
7/21/2021,DF,2,4,New,0,10,9,0,0,
7/21/2021,DF,2,5,Old,0,7,12,0,0,
8/4/2021,DF,3,1,Old,0,4,15,0,0,
8/4/2021,DF,3,2,New,1,3,13,0,0,
8/4/2021,DF,3,3,Old,0,3,15,0,0,
8/4/2021,DF,3,4,New,1,1,3,0,0,
8/4/2021,DF,3,5,Old,0,1,4,0,0,
8/4/2021,CF,1,1,Old,0,1,7,0,0,
8/4/2021,CF,1,2,New,4,2,7,0,0,
8/4/2021,CF,1,3,Old,2,4,8,0,0,
8/4/2021,CF,1,4,New,2,0,7,0,0,
8/4/2021,CF,1,5,Old,0,2,8,0,0,
8/4/2021,6,1,1,Old,0,2,44,0,0,
8/4/2021,6,1,2,New,2,4,43,0,0,
8/4/2021,6,1,3,Old,2,2,27,0,0,
8/4/2021,6,1,4,New,2,0,38,0,0,
8/4/2021,6,1,5,Old,1,2,27,0,0,
8/4/2021,6,6,1,Old,0,0,24,0,0,
8/4/2021,6,6,2,New,1,0,30,0,0,
8/4/2021,6,6,3,Old,1,0,23,0,0,
8/4/2021,6,6,4,New,0,0,38,0,0,1 LB
8/4/2021,6,6,5,Old,0,1,18,0,0,1 LB
8/4/2021,1,5,1,Old,2,1,17,0,0,
8/4/2021,1,5,2,New,4,3,17,0,0,
8/4/2021,1,5,3,Old,3,0,14,0,0,
8/4/2021,1,5,4,New,1,2,12,0,0,
8/4/2021,1,5,5,Old,1,1,10,0,0,
8/4/2021,5,6,1,Old,0,2,13,0,0,
8/4/2021,5,6,2,New,1,5,32,0,0,
8/4/2021,5,6,3,Old,0,1,13,0,0,
8/4/2021,5,6,4,New,1,0,27,0,0,
8/4/2021,5,6,5,Old,0,0,13,0,0,
8/4/2021,7,1,1,Old,0,2,27,0,0,
8/4/2021,7,1,2,New,0,0,21,0,0,
8/4/2021,7,1,3,Old,0,0,10,2,0,
8/4/2021,7,1,4,New,0,2,16,0,0,
8/4/2021,7,1,5,Old,1,0,12,0,0,
8/4/2021,4,5,1,Old,0,1,23,0,0,
8/4/2021,4,5,2,New,0,0,22,0,0,
8/4/2021,4,5,3,Old,0,1,23,0,0,2 LB
8/4/2021,4,5,4,New,0,0,10,0,0,
8/4/2021,4,5,5,Old,0,0,10,0,0,
8/4/2021,4,3,1,Old,1,1,20,0,0,
8/4/2021,4,3,2,New,0,0,15,0,0,
8/4/2021,4,3,3,Old,2,0,23,0,0,
8/4/2021,4,3,4,New,0,0,9,0,0,
8/4/2021,4,3,5,Old,0,1,23,0,0,
8/18/2021,6,1,1,Old,0,1,76,1,0,
8/18/2021,6,1,2,New,1,1,158,1,0,
8/18/2021,6,1,3,Old,0,0,50,0,0,
8/18/2021,6,1,4,New,0,0,54,1,0,
8/18/2021,6,1,5,Old,0,0,41,0,0,
8/18/2021,6,4,1,Old,0,0,68,0,0,
8/18/2021,6,4,2,New,0,1,63,0,0,
8/18/2021,6,4,3,Old,0,3,39,0,0,
8/18/2021,6,4,4,New,1,1,110,0,0,
8/18/2021,6,4,5,Old,0,0,41,0,0,
8/18/2021,2,4,1,Old,0,0,35,0,0,
8/18/2021,2,4,2,New,0,1,51,0,0,
8/18/2021,2,4,3,Old,0,0,27,0,0,
8/18/2021,2,4,4,New,0,0,26,1,0,
8/18/2021,2,4,5,Old,0,1,39,1,0,
8/18/2021,CF,1,1,Old,0,0,14,0,0,
8/18/2021,CF,1,2,New,0,1,23,0,0,
8/18/2021,CF,1,3,Old,5,1,8,0,0,
8/18/2021,CF,1,4,New,1,1,3,0,0,
8/18/2021,CF,1,5,Old,0,0,2,0,0,
8/18/2021,2,5,1,Old,0,0,29,0,0,
8/18/2021,2,5,2,New,0,0,64,0,0,
8/18/2021,2,5,3,Old,0,0,54,0,0,
8/18/2021,2,5,4,New,0,3,42,0,0,
8/18/2021,2,5,5,Old,0,0,63,0,0,
8/18/2021,3,5,1,Old,0,0,44,1,1,
8/18/2021,3,5,2,New,0,0,65,0,0,
8/18/2021,3,5,3,Old,0,0,28,1,0,
8/18/2021,3,5,4,New,0,0,108,0,0,
8/18/2021,3,5,5,Old,0,1,73,0,0,
8/18/2021,3,6,1,Old,0,1,69,0,0,
8/18/2021,3,6,2,New,0,2,39,1,0,
8/18/2021,3,6,3,Old,0,0,34,0,0,
8/18/2021,3,6,4,New,2,1,32,0,0,
8/18/2021,3,6,5,Old,0,0,28,0,0,
8/18/2021,5,3,1,Old,0,1,39,0,0,
8/18/2021,5,3,2,New,0,1,58,0,0,
8/18/2021,5,3,3,Old,0,0,28,0,0,
8/18/2021,5,3,4,New,1,2,39,0,0,
8/18/2021,5,3,5,Old,0,1,18,0,0,
8/18/2021,SF,2,1,Old,0,0,2,0,0,
8/18/2021,SF,2,2,New,1,3,14,0,0,
8/18/2021,SF,2,3,Old,0,0,8,0,0,
8/18/2021,SF,2,4,New,0,1,6,0,0,
8/18/2021,SF,2,5,Old,0,0,7,0,0,
8/18/2021,3,6,1,Old,0,0,14,0,0,
8/18/2021,3,6,2,New,0,0,12,0,0,
8/18/2021,3,6,3,Old,0,0,12,0,0,
8/18/2021,3,6,4,New,0,0,12,0,0,
8/18/2021,3,6,5,Old,0,1,3,0,0,
8/18/2021,6,5,1,Old,0,1,33,0,0,
8/18/2021,6,5,2,New,0,0,99,0,0,
8/18/2021,6,5,3,Old,0,0,24,0,0,
8/18/2021,6,5,4,New,0,0,54,0,0,
8/18/2021,6,5,5,Old,0,1,126,0,0,
8/18/2021,6,6,1,Old,0,0,79,0,0,
8/18/2021,6,6,2,New,0,0,118,0,0,
8/18/2021,6,6,3,Old,0,0,88,0,0,
8/18/2021,6,6,4,New,0,0,49,0,0,
8/18/2021,6,6,5,Old,0,0,24,0,0,
8/18/2021,7,1,1,Old,0,2,29,0,0,
8/18/2021,7,1,2,New,0,1,83,0,0,
8/18/2021,7,1,3,Old,0,4,37,0,0,
8/18/2021,7,1,4,New,0,1,88,0,0,
8/18/2021,7,1,5,Old,0,0,70,0,0,
8/18/2021,CF,3,1,Old,0,3,5,0,0,
8/18/2021,CF,3,2,New,1,5,6,0,0,
8/18/2021,CF,3,3,Old,0,0,2,0,0,
8/18/2021,CF,3,4,New,0,1,4,0,0,
8/18/2021,CF,3,5,Old,0,0,6,0,0,
8/18/2021,CF,2,1,Old,0,1,2,0,0,
8/18/2021,CF,2,2,New,0,2,3,0,0,
8/18/2021,CF,2,3,Old,0,2,4,0,0,
8/18/2021,CF,2,4,New,2,1,10,0,0,
8/18/2021,CF,2,5,Old,0,2,1,0,0,
8/18/2021,3,2,1,Old,0,2,41,0,0,
8/18/2021,3,2,2,New,0,0,54,0,0,
8/18/2021,3,2,3,Old,0,1,34,0,0,
8/18/2021,3,2,4,New,0,1,25,0,0,
8/18/2021,3,2,5,Old,0,1,46,0,0,
8/18/2021,3,1,1,Old,0,4,81,0,0,
8/18/2021,3,1,2,New,0,0,117,0,0,
8/18/2021,3,1,3,Old,0,0,76,0,0,
8/18/2021,3,1,4,New,0,0,203,0,0,
8/18/2021,3,1,5,Old,0,0,74,0,0,
8/18/2021,1,1,1,Old,0,0,34,0,0,
8/18/2021,1,1,2,New,0,1,33,0,0,
8/18/2021,1,1,3,Old,1,0,19,0,0,
8/18/2021,1,1,4,New,0,0,20,0,0,
8/18/2021,1,1,5,Old,0,0,31,0,0,
8/18/2021,3,3,1,Old,0,0,156,0,0,
8/18/2021,3,3,2,New,0,0,200,0,0,
8/18/2021,3,3,3,Old,0,1,182,0,0,
8/18/2021,3,3,4,New,0,2,180,0,0,
8/18/2021,3,3,5,Old,0,0,279,0,0,
8/18/2021,2,6,1,Old,0,0,43,0,0,
8/18/2021,2,6,2,New,0,1,37,0,0,
8/18/2021,2,6,3,Old,0,3,47,0,0,
8/18/2021,2,6,4,New,0,1,37,0,0,
8/18/2021,2,6,5,Old,0,0,37,0,0,
8/18/2021,DF,1,1,Old,1,2,6,0,0,
8/18/2021,DF,1,2,New,0,2,6,0,0,
8/18/2021,DF,1,3,Old,0,0,3,0,0,
8/18/2021,DF,1,4,New,1,2,8,0,0,
8/18/2021,DF,1,5,Old,0,1,9,0,0,
8/18/2021,5,2,1,Old,0,0,43,0,0,
8/18/2021,5,2,2,New,0,1,69,0,0,
8/18/2021,5,2,3,Old,0,2,26,0,0,
8/18/2021,5,2,4,New,0,0,31,0,0,
8/18/2021,5,2,5,Old,0,4,20,0,1,
8/18/2021,DF,3,1,Old,0,3,6,0,0,
8/18/2021,DF,3,2,New,0,0,4,0,0,
8/18/2021,DF,3,3,Old,0,0,3,0,0,
8/18/2021,DF,3,4,New,0,2,10,0,0,
8/18/2021,DF,3,5,Old,0,0,11,0,0,
8/18/2021,SF,1,1,Old,0,1,6,0,0,
8/18/2021,SF,1,2,New,0,0,48,0,0,
8/18/2021,SF,1,3,Old,0,2,44,0,0,
8/18/2021,SF,1,4,New,0,0,13,0,0,
8/18/2021,SF,1,5,Old,0,0,10,0,0,
8/18/2021,5,5,1,Old,0,1,185,0,0,
8/18/2021,5,5,2,New,0,1,156,0,2,
8/18/2021,5,5,3,Old,0,6,211,0,0,
8/18/2021,5,5,4,New,0,2,384,0,0,
8/18/2021,5,5,5,Old,0,1,66,0,0,
8/18/2021,5,6,1,Old,0,0,11,0,0,
8/18/2021,5,6,2,New,0,1,22,0,0,
8/18/2021,5,6,3,Old,0,0,17,0,0,
8/18/2021,5,6,4,New,0,1,42,0,0,
8/18/2021,5,6,5,Old,0,0,28,0,0,
8/18/2021,5,4,1,Old,0,0,31,0,0,
8/18/2021,5,4,2,New,0,5,123,0,0,
8/18/2021,5,4,3,Old,0,1,48,0,0,
8/18/2021,5,4,4,New,0,5,49,0,1,
8/18/2021,5,4,5,Old,0,0,26,0,0,
8/18/2021,3,4,1,Old,1,2,37,0,0,
8/18/2021,3,4,2,New,0,0,49,0,0,
8/18/2021,3,4,3,Old,1,0,30,0,0,
8/18/2021,3,4,4,New,0,0,79,0,1,
8/18/2021,3,4,5,Old,0,1,58,0,0,
8/18/2021,4,1,1,Old,0,1,75,0,0,
8/18/2021,4,1,2,New,0,0,52,0,0,
8/18/2021,4,1,3,Old,0,0,35,0,0,
8/18/2021,4,1,4,New,0,1,40,0,0,
8/18/2021,4,1,5,Old,0,0,45,0,0,
8/18/2021,4,2,1,Old,0,0,77,0,0,
8/18/2021,4,2,2,New,4,1,62,0,0,
8/18/2021,4,2,3,Old,0,0,69,0,0,
8/18/2021,4,2,4,New,0,1,54,0,0,
8/18/2021,4,2,5,Old,0,0,33,0,0,
8/18/2021,7,6,1,Old,0,1,18,0,0,
8/18/2021,7,6,2,New,0,1,59,0,0,
8/18/2021,7,6,3,Old,0,2,28,0,0,
8/18/2021,7,6,4,New,0,2,47,0,0,
8/18/2021,7,6,5,Old,0,0,34,0,0,
8/18/2021,7,2,1,Old,0,1,27,0,0,
8/18/2021,7,2,2,New,1,5,86,0,0,
8/18/2021,7,2,3,Old,0,1,50,0,0,
8/18/2021,7,2,4,New,0,0,99,0,0,
8/18/2021,7,2,5,Old,0,2,302,0,0,
8/18/2021,7,3,1,Old,0,2,78,0,0,
8/18/2021,7,3,2,New,0,1,289,0,0,
8/18/2021,7,3,3,Old,0,1,148,0,0,
8/18/2021,7,3,4,New,0,0,78,0,0,
8/18/2021,7,3,5,Old,0,2,36,0,0,
8/18/2021,7,4,1,Old,0,3,13,0,0,
8/18/2021,7,4,2,New,0,0,96,0,0,
8/18/2021,7,4,3,Old,0,3,150,0,0,
8/18/2021,7,4,4,New,0,1,156,0,0,
8/18/2021,7,4,5,Old,0,1,16,0,0,
8/18/2021,7,5,1,Old,0,4,26,0,0,
8/18/2021,7,5,2,New,0,1,71,0,0,
8/18/2021,7,5,3,Old,0,1,52,0,0,
8/18/2021,7,5,4,New,0,4,36,1,0,
8/18/2021,7,5,5,Old,0,0,48,0,0,
8/18/2021,1,6,3,Old,3,4,46,0,0,1 LB
8/18/2021,1,6,4,New,3,0,33,0,0,
8/18/2021,1,6,5,Old,1,4,43,0,0,3 LB
8/18/2021,2,6,1,Old,1,1,45,0,0,1 LB
8/18/2021,2,6,2,New,1,1,31,0,0,
8/18/2021,2,6,3,Old,0,3,32,0,0,1 LB
8/18/2021,2,6,4,New,1,1,38,0,0,1 LB
8/18/2021,2,6,5,Old,0,1,30,0,0,
8/18/2021,CF,2,1,Old,0,1,16,0,0,
8/18/2021,CF,2,2,New,0,4,29,0,0,
8/18/2021,CF,2,3,Old,1,4,14,0,0,
8/18/2021,CF,2,4,New,0,4,23,0,0,
8/18/2021,CF,2,5,Old,0,8,13,0,0,
8/18/2021,SF,1,1,Old,0,6,16,0,0,
8/18/2021,SF,1,2,New,1,5,514,0,0,so many wasps
8/18/2021,SF,1,3,Old,0,25,18,0,0,
8/18/2021,SF,1,4,New,0,3,17,0,0,
8/18/2021,SF,1,5,Old,0,1,7,0,0,1 LB
8/18/2021,2,4,1,Old,0,2,16,0,0,1 Asian LB
8/18/2021,2,4,2,New,2,1,18,0,0,4 Asian LB
8/18/2021,2,4,3,Old,0,4,20,0,0,1 Asian LB
8/18/2021,2,4,4,New,0,3,14,0,0,1 LB
8/18/2021,2,4,5,Old,1,1,23,0,0,1 Asian LB
8/18/2021,5,5,1,Old,0,0,25,0,0,
8/18/2021,5,5,2,New,1,1,25,0,0,
8/18/2021,5,5,3,Old,3,2,43,0,0,1  LB
8/18/2021,5,5,4,New,1,2,17,0,0,
8/18/2021,5,5,5,Old,0,1,11,0,0,1 LB
8/18/2021,SF,3,1,Old,0,1,7,0,0,
8/18/2021,SF,3,2,New,2,2,8,0,0,
8/18/2021,SF,3,3,Old,0,1,4,0,0,
8/18/2021,SF,3,4,New,1,2,13,0,0,
8/18/2021,SF,3,5,Old,0,6,6,0,0,
8/18/2021,DF,2,1,Old,0,2,3,0,0,
8/18/2021,DF,2,2,New,1,8,10,0,0,
8/18/2021,DF,2,3,Old,0,5,10,0,0,
8/18/2021,DF,2,4,New,0,3,8,0,0,
8/18/2021,DF,2,5,Old,0,2,7,0,0,
8/18/2021,4,3,1,Old,0,1,25,1,0,
8/18/2021,4,3,2,New,0,0,60,3,0,
8/18/2021,4,3,3,Old,0,0,43,0,0,
8/21/2021,4,3,4,New,0,0,46,0,0,
8/18/2021,4,3,5,Old,0,0,37,0,0,
8/18/2021,4,4,1,Old,1,0,38,0,0,
8/18/2021,4,4,2,New,0,0,32,0,0,
8/18/2021,4,4,3,Old,0,0,26,0,0,
8/18/2021,4,4,4,New,0,0,38,0,0,
8/18/2021,4,4,5,Old,0,0,23,0,0,
8/18/2021,2,2,1,Old,0,1,39,1,0,
8/18/2021,2,2,2,New,1,1,37,0,0,
8/18/2021,2,2,3,Old,0,1,24,0,0,
8/18/2021,2,2,4,New,2,0,36,0,0,
8/18/2021,2,2,5,Old,0,0,47,1,0,
8/18/2021,4,5,1,Old,0,1,57,1,0,
8/18/2021,4,5,2,New,2,1,21,0,0,lots of dirt
8/18/2021,4,5,3,Old,0,0,43,0,0,
8/18/2021,4,5,4,New,0,1,82,0,0,
8/18/2021,4,5,5,Old,0,1,45,0,0,
8/18/2021,2,3,1,Old,1,0,23,0,0,
8/18/2021,2,3,2,New,0,0,34,0,0,
8/18/2021,2,3,3,Old,0,1,25,0,0,
8/18/2021,2,3,4,New,1,1,50,0,0,
8/18/2021,2,3,5,Old,1,0,26,1,0,
8/18/2021,2,1,1,Old,0,2,45,0,0,
8/18/2021,2,1,2,New,0,0,63,0,0,
8/18/2021,2,1,3,Old,0,1,52,0,0,
8/18/2021,2,1,4,New,0,0,185,0,0,
8/18/2021,2,1,5,Old,0,0,42,0,0,
8/18/2021,4,6,1,Old,0,0,53,0,0,
8/18/2021,4,6,2,New,0,0,42,0,0,
8/18/2021,4,6,3,Old,0,0,85,0,0,
8/18/2021,4,6,4,New,0,0,48,0,0,
8/18/2021,4,6,5,Old,0,0,78,0,0,
