week,TREAT,REP,STATION,CARD,ABIPN,BURSI,C7,CMAC,CSTIG,CTRIF,CYCSP,H13,HAXY,HCONV,HGLAC,HPARN,HVAR,PQUA,CANTHARID,LAMPY,LCW,MECOP,X20SPOT
25,1,1,1,Old20,0,0,1,0,0,0,0,0,0,0,0,0,0,0,0,0,0,0,0
27,1,1,1,Old20,0,0,0,0,0,0,0,0,0,0,0,0,0,0,0,0,0,0,0
29,1,1,1,Old20,0,0,1,0,0,0,0,0,0,0,0,0,0,0,0,0,0,0,0
31,1,1,1,Old20,0,0,0,0,0,0,0,0,0,0,0,0,0,0,0,0,0,0,0
33,1,1,1,Old20,0,0,0,0,0,0,0,0,0,0,0,0,0,1,0,0,0,0,0
35,1,1,1,Old20,0,0,0,0,0,0,0,0,0,0,0,0,0,0,1,0,0,0,0
36,1,1,1,Old20,0,0,0,0,0,0,0,0,0,0,0,0,0,0,0,0,0,0,0
25,1,1,2,Old20,0,0,0,0,0,0,0,0,0,0,0,0,1,0,0,0,0,0,0
27,1,1,2,Old20,0,0,0,0,0,0,0,0,0,0,0,0,0,0,0,0,0,0,0
29,1,1,2,Old20,0,0,0,0,0,0,0,0,0,0,0,0,0,0,0,0,0,0,0
31,1,1,2,Old20,0,0,0,1,0,0,0,0,0,0,0,0,0,0,0,0,1,0,0
33,1,1,2,Old20,0,0,0,2,0,0,0,0,0,0,0,0,0,1,0,0,0,0,0
35,1,1,2,Old20,0,0,0,0,0,0,0,0,0,0,0,0,0,0,0,0,0,0,0
36,1,1,2,Old20,0,0,0,0,0,0,0,0,0,0,0,0,0,0,0,0,0,0,0
25,1,1,3,Old20,0,0,0,0,0,0,0,0,0,0,0,0,0,0,0,0,0,0,0
27,1,1,3,Old20,0,0,1,0,0,0,0,0,0,0,0,0,0,0,0,1,0,0,0
29,1,1,3,Old20,0,0,1,0,0,0,0,0,1,0,0,0,2,0,0,1,0,0,0
31,1,1,3,Old20,0,0,0,0,0,0,0,0,0,0,0,0,0,0,0,1,1,0,0
33,1,1,3,Old20,0,0,0,1,0,0,0,0,0,0,0,0,0,0,0,0,1,0,1
35,1,1,3,Old20,0,0,0,0,0,0,0,0,0,0,0,0,0,0,0,0,0,0,0
36,1,1,3,Old20,0,0,0,0,0,0,0,0,0,0,0,0,0,0,0,0,0,0,0
25,1,1,4,Old20,0,0,0,0,0,0,0,0,0,0,0,0,0,0,0,0,0,0,0
27,1,1,4,Old20,0,0,1,0,0,0,0,0,1,0,0,0,0,0,0,0,0,0,0
29,1,1,4,Old20,0,0,2,0,0,0,0,0,0,0,0,0,0,0,0,0,1,0,0
31,1,1,4,Old20,0,0,0,0,0,0,0,0,0,0,0,0,0,0,0,0,0,0,0
33,1,1,4,Old20,0,0,0,1,0,0,0,0,0,0,0,0,0,1,0,0,0,0,0
35,1,1,4,Old20,0,0,0,0,0,0,0,0,0,0,0,0,0,0,0,0,0,0,0
36,1,1,4,Old20,0,0,0,0,0,0,0,0,0,0,0,0,0,0,0,0,0,0,0
25,1,1,5,Old20,0,0,0,0,0,0,0,0,0,0,0,0,0,0,0,0,0,0,0
27,1,1,5,Old20,0,0,0,0,0,0,0,0,0,0,0,0,0,0,0,0,0,0,0
29,1,1,5,Old20,0,0,3,0,0,0,0,0,0,0,0,0,0,0,0,0,0,0,0
31,1,1,5,Old20,0,0,0,0,0,0,0,0,0,0,0,0,0,0,0,0,0,0,0
33,1,1,5,Old20,0,0,0,1,0,0,0,0,0,0,0,0,0,0,0,0,0,0,0
35,1,1,5,Old20,0,0,0,0,0,0,0,0,0,0,0,0,0,0,1,0,0,0,0
36,1,1,5,Old20,0,0,0,0,0,0,0,0,0,0,0,0,0,0,0,0,0,0,0
25,1,2,1,Old20,0,0,2,0,0,0,0,0,0,0,0,0,0,0,0,0,0,0,0
27,1,2,1,Old20,0,0,1,0,0,0,0,0,0,0,0,0,0,0,0,0,0,0,0
29,1,2,1,Old20,0,0,1,0,0,0,0,0,2,0,0,0,0,0,0,0,0,0,0
31,1,2,1,Old20,0,0,0,0,0,0,0,0,0,0,0,0,0,0,0,0,0,0,0
33,1,2,1,Old20,0,0,0,1,0,0,0,0,0,0,0,0,0,0,0,0,0,0,0
35,1,2,1,Old20,0,0,0,0,0,0,0,0,0,0,0,0,0,0,0,0,0,0,0
36,1,2,1,Old20,0,0,0,0,0,0,0,0,0,0,0,0,0,0,0,0,0,0,0
25,1,2,2,Old20,0,0,0,0,0,0,0,0,0,0,0,0,0,0,0,0,0,0,0
27,1,2,2,Old20,0,0,1,0,0,0,0,0,0,0,0,0,0,0,0,0,0,0,0
29,1,2,2,Old20,0,0,0,0,0,0,0,0,0,0,0,0,0,0,0,2,0,0,0
31,1,2,2,Old20,0,0,0,1,0,0,0,0,0,0,0,0,0,0,0,0,0,0,0
33,1,2,2,Old20,0,0,0,2,0,0,0,0,0,0,0,0,0,0,0,0,0,0,0
35,1,2,2,Old20,0,0,0,0,0,0,0,0,0,0,0,0,0,0,0,0,0,0,0
36,1,2,2,Old20,0,0,0,0,0,0,0,0,0,0,0,0,0,0,0,0,0,0,0
25,1,2,3,Old20,0,0,0,0,0,0,0,0,0,0,0,0,0,0,0,0,0,0,0
27,1,2,3,Old20,0,0,4,0,0,0,0,0,0,0,0,0,0,0,0,0,0,0,0
29,1,2,3,Old20,0,0,0,1,0,0,0,0,0,0,0,0,0,0,0,0,0,0,0
31,1,2,3,Old20,0,0,0,1,0,0,0,0,0,0,0,0,0,0,0,0,0,0,0
33,1,2,3,Old20,0,0,0,3,0,0,0,0,0,0,0,0,0,0,0,0,0,0,0
35,1,2,3,Old20,0,0,0,2,0,0,0,0,0,0,0,0,0,0,0,0,0,0,0
36,1,2,3,Old20,0,0,0,0,0,0,0,0,0,0,0,0,0,0,0,0,0,0,0
25,1,2,4,Old20,0,0,1,0,0,0,0,0,0,0,0,0,0,0,0,0,0,0,0
27,1,2,4,Old20,0,0,1,0,0,0,0,0,0,0,0,0,0,0,0,0,0,0,0
29,1,2,4,Old20,0,0,0,0,0,0,0,0,0,0,0,0,0,0,0,2,0,0,0
31,1,2,4,Old20,0,0,0,0,0,0,0,0,0,0,0,0,0,0,0,0,0,0,0
33,1,2,4,Old20,0,0,0,4,0,0,0,0,0,0,0,0,0,0,0,0,0,0,0
35,1,2,4,Old20,0,0,0,1,0,0,0,0,0,0,0,0,0,1,0,0,0,0,0
36,1,2,4,Old20,0,0,0,0,0,0,0,0,0,0,0,0,0,0,0,0,0,0,0
25,1,2,5,Old20,0,0,0,0,0,0,0,0,0,0,0,0,0,0,0,0,0,0,0
27,1,2,5,Old20,0,0,1,0,0,0,0,0,0,0,0,0,0,0,0,0,0,0,0
29,1,2,5,Old20,0,0,0,0,0,0,0,0,1,0,0,0,0,0,0,0,0,0,0
31,1,2,5,Old20,0,0,0,0,0,0,0,0,0,0,0,0,0,0,0,0,0,0,1
33,1,2,5,Old20,0,0,0,2,0,0,0,0,0,0,0,0,0,0,0,0,0,0,0
35,1,2,5,Old20,0,0,0,0,0,0,0,0,0,0,0,0,0,1,0,0,0,0,0
36,1,2,5,Old20,0,0,0,0,0,0,0,0,0,0,0,0,0,0,0,0,0,0,0
25,1,3,1,Old20,0,0,0,0,0,0,0,0,0,0,0,0,0,0,0,0,0,0,0
27,1,3,1,Old20,0,0,1,0,0,0,0,0,0,0,0,0,0,0,0,4,0,0,0
29,1,3,1,Old20,0,0,0,0,0,0,0,0,0,0,0,0,0,0,0,1,0,0,0
31,1,3,1,Old20,0,0,0,1,0,0,0,0,0,0,0,0,0,0,0,0,0,0,0
33,1,3,1,Old20,0,0,0,1,0,0,0,0,0,0,0,0,0,1,0,0,0,0,0
35,1,3,1,Old20,0,0,0,2,0,0,0,0,0,0,0,1,0,0,0,0,0,0,0
36,1,3,1,Old20,0,0,0,0,0,0,0,0,0,0,0,0,0,0,0,0,0,0,0
25,1,3,2,Old20,0,0,0,0,0,0,0,0,0,0,0,0,0,0,0,0,0,0,0
27,1,3,2,Old20,0,0,1,0,0,0,0,0,0,0,0,0,0,0,0,0,0,0,0
29,1,3,2,Old20,0,0,0,0,0,0,0,0,0,0,0,0,0,0,0,0,0,0,0
31,1,3,2,Old20,0,0,0,3,0,0,0,0,0,0,0,0,0,0,0,0,0,0,0
33,1,3,2,Old20,0,0,0,2,0,0,0,0,0,0,0,0,0,0,0,0,0,0,0
35,1,3,2,Old20,0,0,0,2,0,0,1,0,0,0,0,0,0,0,0,0,0,0,0
36,1,3,2,Old20,0,0,0,0,0,0,0,0,0,0,0,0,0,0,0,0,0,0,0
25,1,3,3,Old20,0,0,0,0,0,0,0,0,0,0,0,0,0,0,0,0,0,0,0
27,1,3,3,Old20,0,0,0,0,0,0,0,0,0,0,0,0,1,0,0,0,0,0,0
29,1,3,3,Old20,0,0,0,1,0,0,0,0,1,0,0,0,0,0,0,1,0,0,0
31,1,3,3,Old20,0,0,0,11,0,0,0,0,0,0,0,0,0,0,0,0,0,0,0
33,1,3,3,Old20,0,0,0,11,0,0,0,0,0,0,0,0,0,1,0,0,0,0,0
35,1,3,3,Old20,0,0,0,0,0,0,0,0,0,0,0,0,0,0,0,0,0,0,0
36,1,3,3,Old20,0,0,0,1,0,0,0,0,0,0,0,0,0,0,0,0,0,0,0
25,1,3,4,Old20,0,0,2,0,0,0,0,0,0,0,0,0,0,0,0,0,0,0,0
27,1,3,4,Old20,0,0,0,0,0,0,0,0,0,0,0,0,0,0,0,2,0,0,0
29,1,3,4,Old20,0,0,0,0,0,0,0,0,0,0,0,0,0,0,0,1,0,0,0
31,1,3,4,Old20,0,0,0,10,0,0,0,0,0,0,0,0,0,1,0,0,0,0,0
33,1,3,4,Old20,0,0,0,5,0,0,0,0,0,0,0,0,0,0,0,0,0,0,0
35,1,3,4,Old20,0,0,0,2,0,0,0,0,0,0,0,0,0,0,0,0,0,0,0
36,1,3,4,Old20,0,0,0,0,0,0,0,0,0,0,0,0,0,0,0,0,0,0,0
25,1,3,5,Old20,0,0,0,0,0,0,0,0,0,0,0,0,0,0,0,0,0,0,0
27,1,3,5,Old20,0,0,0,0,0,0,0,0,0,0,0,0,0,0,0,1,0,0,0
29,1,3,5,Old20,0,0,1,0,0,0,0,0,0,0,0,0,0,2,0,0,0,0,0
31,1,3,5,Old20,0,0,0,2,0,0,0,0,0,0,0,0,0,0,0,0,0,0,0
33,1,3,5,Old20,0,0,0,7,0,0,0,0,0,0,0,0,0,0,0,0,0,0,0
35,1,3,5,Old20,0,0,0,2,0,0,0,0,0,0,0,0,1,0,0,0,0,0,0
36,1,3,5,Old20,0,0,0,0,0,0,0,0,0,0,0,0,0,0,0,0,0,0,0
25,1,4,1,Old20,0,0,0,0,0,0,0,0,0,0,0,0,0,0,0,0,0,0,0
27,1,4,1,Old20,0,0,0,0,0,0,0,0,0,0,0,0,0,0,0,0,0,0,0
29,1,4,1,Old20,0,0,0,0,0,0,0,0,0,0,0,0,0,0,0,3,0,0,0
31,1,4,1,Old20,0,0,0,0,0,0,0,0,0,0,0,0,0,0,0,0,0,0,0
33,1,4,1,Old20,0,0,0,4,0,0,0,0,0,0,0,0,0,0,0,0,0,0,0
35,1,4,1,Old20,0,0,0,2,0,0,0,0,0,0,0,0,0,0,0,0,0,0,0
36,1,4,1,Old20,0,0,0,0,0,0,0,0,0,0,0,0,0,0,0,0,0,0,0
25,1,4,2,Old20,0,0,1,0,0,0,0,0,0,0,0,0,0,0,0,0,0,0,0
27,1,4,2,Old20,0,0,1,0,0,0,0,0,0,0,0,0,0,0,0,1,0,0,0
29,1,4,2,Old20,0,0,0,0,0,0,0,0,0,0,0,0,0,0,0,0,0,0,0
31,1,4,2,Old20,0,0,0,1,0,0,0,0,0,0,0,0,0,0,0,0,0,0,1
33,1,4,2,Old20,0,0,0,2,0,0,0,0,0,0,0,0,0,1,0,0,0,0,0
35,1,4,2,Old20,0,0,0,2,0,0,0,0,0,0,0,0,0,1,0,0,1,0,0
36,1,4,2,Old20,0,0,0,1,0,0,0,0,0,0,0,0,0,0,0,0,0,0,0
25,1,4,3,Old20,0,0,0,0,0,0,0,0,0,0,0,0,0,0,0,0,0,0,0
27,1,4,3,Old20,0,0,1,0,0,0,0,0,0,0,0,0,0,0,0,0,0,0,0
29,1,4,3,Old20,0,0,0,0,0,0,0,0,0,0,0,0,0,0,0,0,0,0,0
31,1,4,3,Old20,0,0,0,2,0,0,0,0,0,0,0,0,0,1,0,0,0,0,0
33,1,4,3,Old20,0,0,0,1,0,0,0,0,0,0,0,0,0,1,0,0,0,0,0
35,1,4,3,Old20,0,0,0,2,0,0,0,0,0,0,0,0,0,0,1,0,0,0,0
36,1,4,3,Old20,0,0,0,0,0,0,0,0,0,0,0,0,0,0,0,0,0,0,0
25,1,4,4,Old20,0,0,0,0,0,0,0,0,0,0,0,0,0,0,0,0,0,0,0
27,1,4,4,Old20,0,0,1,0,0,0,0,0,1,0,0,0,0,0,0,0,0,0,0
29,1,4,4,Old20,0,0,0,0,0,0,0,0,1,0,0,0,0,0,0,0,0,0,0
31,1,4,4,Old20,0,0,0,0,0,0,0,0,0,0,0,0,0,0,0,0,0,0,0
33,1,4,4,Old20,0,0,0,2,0,0,0,0,0,0,0,0,0,0,0,0,0,0,0
35,1,4,4,Old20,0,0,0,0,0,0,0,0,0,0,0,0,0,0,0,0,0,0,0
36,1,4,4,Old20,0,0,0,0,0,0,0,0,0,0,0,0,0,0,0,0,0,0,0
25,1,4,5,Old20,0,0,0,0,0,0,0,0,0,0,0,0,0,0,0,0,0,0,0
27,1,4,5,Old20,0,0,0,0,0,0,0,0,0,0,0,0,0,0,0,0,0,0,0
29,1,4,5,Old20,0,0,0,0,0,0,0,0,0,0,0,0,0,0,0,0,0,0,0
31,1,4,5,Old20,0,0,0,0,0,0,0,0,1,0,0,0,0,0,0,0,0,0,0
33,1,4,5,Old20,0,0,0,2,0,0,0,0,0,0,0,0,0,0,0,0,0,0,0
35,1,4,5,Old20,0,0,0,3,0,0,0,0,0,0,0,0,0,0,0,0,0,0,0
36,1,4,5,Old20,0,0,0,0,0,0,0,0,0,0,0,0,0,0,0,0,0,0,0
25,1,5,1,Old20,0,0,0,0,0,0,0,0,0,0,0,0,0,0,0,0,0,0,0
27,1,5,1,Old20,0,0,2,0,0,0,0,0,1,0,0,0,0,0,0,0,0,0,0
29,1,5,1,Old20,0,0,2,0,0,0,0,0,1,0,0,0,0,2,0,0,0,0,0
31,1,5,1,Old20,0,0,0,3,0,0,0,0,0,0,0,0,0,1,0,0,0,0,0
33,1,5,1,Old20,0,0,0,4,0,0,0,0,0,0,0,0,0,0,0,0,0,0,0
35,1,5,1,Old20,0,0,0,1,0,0,0,0,0,0,0,0,0,0,0,0,0,0,0
36,1,5,1,Old20,0,0,0,0,0,0,0,0,0,0,0,0,0,0,0,0,0,0,0
25,1,5,2,Old20,0,0,0,0,0,0,0,0,0,0,0,0,0,0,0,0,0,0,0
27,1,5,2,Old20,0,0,0,0,0,0,0,0,0,0,0,0,0,0,0,0,0,0,0
29,1,5,2,Old20,0,0,1,0,0,0,0,0,0,0,0,0,0,0,0,0,0,0,0
31,1,5,2,Old20,0,0,0,0,0,0,0,0,0,0,0,0,0,0,0,1,0,0,0
33,1,5,2,Old20,0,0,0,2,0,0,0,0,0,0,0,0,0,0,0,0,2,0,0
35,1,5,2,Old20,0,0,0,1,0,0,0,0,0,0,0,0,0,0,0,0,0,0,0
36,1,5,2,Old20,0,0,0,1,0,0,0,0,0,0,0,0,0,0,0,0,0,0,0
25,1,5,3,Old20,0,0,0,0,0,0,0,0,0,0,0,0,0,0,0,0,0,0,0
27,1,5,3,Old20,0,0,0,0,0,0,0,0,0,0,0,0,0,0,0,0,0,0,0
29,1,5,3,Old20,0,0,2,0,0,0,0,0,0,0,0,0,0,0,0,1,0,0,0
31,1,5,3,Old20,0,0,0,1,0,0,0,0,0,0,0,0,0,0,0,0,0,0,0
33,1,5,3,Old20,0,0,0,1,0,0,0,0,0,0,0,0,0,0,0,0,2,0,0
35,1,5,3,Old20,0,0,0,0,0,0,0,0,0,0,0,0,0,0,1,0,0,0,0
36,1,5,3,Old20,0,0,0,0,0,0,0,0,0,0,0,0,0,0,0,0,0,0,0
25,1,5,4,Old20,0,0,1,0,0,0,0,0,0,0,0,0,0,0,0,0,0,0,0
27,1,5,4,Old20,0,0,1,0,0,0,0,0,0,0,0,0,0,0,0,0,0,0,0
29,1,5,4,Old20,0,0,1,0,0,0,0,0,0,0,0,0,0,0,0,0,0,0,0
31,1,5,4,Old20,0,0,0,0,0,0,0,0,0,0,0,0,0,0,0,0,0,0,0
33,1,5,4,Old20,0,0,0,0,0,0,0,0,0,0,0,0,0,0,0,0,0,0,0
35,1,5,4,Old20,0,0,0,4,0,0,0,0,0,0,0,0,0,0,0,0,0,0,0
36,1,5,4,Old20,0,0,0,0,0,0,0,0,0,0,0,0,0,0,0,0,0,0,0
25,1,5,5,Old20,0,0,1,0,0,0,0,0,0,0,0,0,0,0,0,0,0,0,0
27,1,5,5,Old20,0,0,1,0,0,0,0,0,2,0,0,0,0,0,0,0,0,0,0
29,1,5,5,Old20,0,0,0,0,0,0,0,0,0,0,0,0,0,0,0,0,1,0,0
31,1,5,5,Old20,0,0,0,0,0,0,0,0,0,0,0,0,0,0,0,1,0,0,1
33,1,5,5,Old20,0,0,0,1,0,0,0,0,0,0,0,0,0,0,0,0,3,0,0
35,1,5,5,Old20,0,0,0,1,0,0,0,0,0,0,0,0,0,0,0,0,0,0,0
36,1,5,5,Old20,0,0,0,0,0,0,0,0,0,0,0,0,0,0,0,0,0,0,0
25,1,6,1,Old20,0,0,1,0,0,0,0,0,0,0,0,0,0,0,0,0,0,0,0
27,1,6,1,Old20,0,0,1,0,0,0,0,0,0,0,0,0,0,0,0,0,0,0,0
29,1,6,1,Old20,0,0,0,0,0,0,0,0,0,0,0,0,0,1,0,0,0,0,0
31,1,6,1,Old20,0,0,0,2,0,0,0,0,0,0,0,0,0,0,0,0,0,0,0
33,1,6,1,Old20,0,0,0,5,0,0,0,0,0,0,0,0,0,0,0,0,0,0,0
35,1,6,1,Old20,0,0,0,3,0,0,0,0,0,0,0,0,0,0,0,0,0,0,0
36,1,6,1,Old20,0,0,0,0,0,0,0,0,0,0,0,0,0,0,0,0,0,0,0
25,1,6,2,Old20,0,0,0,0,0,0,0,0,0,0,0,0,0,0,0,0,0,0,0
27,1,6,2,Old20,0,0,0,0,0,0,0,0,0,0,0,0,0,0,0,1,0,0,0
29,1,6,2,Old20,0,0,0,0,0,0,0,0,1,0,0,0,0,0,0,0,0,0,0
31,1,6,2,Old20,0,0,0,0,0,0,0,0,0,0,0,0,0,0,0,0,0,0,0
33,1,6,2,Old20,0,0,0,8,0,0,0,0,0,0,0,0,0,0,0,0,1,0,0
35,1,6,2,Old20,0,0,0,3,0,0,0,0,0,0,0,0,0,0,0,0,0,0,0
36,1,6,2,Old20,0,0,0,0,0,0,0,0,0,0,0,0,0,0,0,0,0,0,0
25,1,6,3,Old20,0,0,0,0,0,0,0,0,0,0,0,0,0,0,0,0,0,0,0
27,1,6,3,Old20,0,0,2,0,0,0,0,0,0,0,0,0,0,0,0,0,0,0,0
29,1,6,3,Old20,0,0,2,0,0,0,0,0,0,0,0,0,0,0,0,1,0,0,0
31,1,6,3,Old20,0,0,0,2,0,0,0,0,0,0,0,0,0,0,0,0,0,0,0
33,1,6,3,Old20,0,0,0,1,0,0,0,0,0,0,0,0,0,0,0,0,0,0,0
35,1,6,3,Old20,0,0,0,2,0,0,0,0,0,0,0,0,0,0,0,0,0,0,0
36,1,6,3,Old20,0,0,0,0,0,0,0,0,0,0,0,0,0,0,0,0,0,0,0
25,1,6,4,Old20,0,0,0,0,0,0,0,0,0,0,0,0,0,0,0,0,0,0,0
27,1,6,4,Old20,0,0,1,0,0,0,0,0,0,0,0,0,0,0,0,1,0,0,0
29,1,6,4,Old20,0,0,1,0,0,0,0,0,0,0,0,0,1,0,0,1,0,0,0
31,1,6,4,Old20,0,0,0,0,0,0,0,0,0,0,0,0,0,0,0,0,0,0,0
33,1,6,4,Old20,0,0,0,0,0,0,0,0,0,0,0,0,0,0,0,0,0,0,0
35,1,6,4,Old20,0,0,0,0,0,0,0,0,0,0,0,0,0,0,0,0,0,0,0
36,1,6,4,Old20,0,0,0,0,0,0,0,0,0,0,0,0,0,0,0,0,0,0,0
25,1,6,5,Old20,0,0,1,0,0,0,0,0,0,0,0,0,0,0,0,0,0,0,0
27,1,6,5,Old20,0,0,1,0,0,0,0,0,0,0,0,0,0,0,0,0,0,0,0
29,1,6,5,Old20,0,0,0,0,0,0,0,0,0,0,0,0,0,0,0,0,0,0,0
31,1,6,5,Old20,0,0,0,0,0,0,0,0,0,0,0,0,0,0,0,0,0,0,0
33,1,6,5,Old20,0,0,0,0,0,0,0,0,0,0,0,0,0,1,0,0,0,0,0
35,1,6,5,Old20,0,0,0,0,0,0,1,0,0,0,0,0,0,0,0,0,0,0,0
36,1,6,5,Old20,0,0,0,0,0,0,0,0,0,0,0,0,0,0,0,0,0,0,0
25,2,1,1,Old20,0,0,1,0,0,0,0,0,0,0,0,0,0,0,0,0,0,0,0
27,2,1,1,Old20,0,0,0,0,0,0,0,0,0,0,0,0,0,0,0,1,0,0,0
29,2,1,1,Old20,0,0,0,0,0,0,0,0,0,0,0,0,1,0,0,1,0,0,0
31,2,1,1,Old20,0,0,0,0,0,0,0,0,0,0,0,0,0,0,0,1,0,0,0
33,2,1,1,Old20,0,0,0,2,0,0,0,0,0,0,0,0,0,0,0,0,0,0,0
35,2,1,1,Old20,0,0,0,3,0,0,0,0,0,0,0,0,0,0,0,0,0,0,0
36,2,1,1,Old20,0,0,0,0,0,0,0,0,0,0,0,0,0,0,0,0,0,0,0
25,2,1,2,Old20,0,0,0,0,0,0,0,0,1,0,0,0,0,0,0,0,0,0,0
27,2,1,2,Old20,0,0,2,0,0,0,0,0,0,0,0,0,1,0,0,0,0,0,0
29,2,1,2,Old20,0,0,2,0,0,0,0,0,0,0,0,0,1,0,0,0,0,0,0
31,2,1,2,Old20,0,0,0,2,0,0,0,0,0,0,0,0,0,0,0,1,0,0,0
33,2,1,2,Old20,0,0,0,1,0,0,0,0,0,0,0,0,0,0,0,0,0,0,0
35,2,1,2,Old20,0,0,0,0,0,0,0,0,0,0,0,0,0,0,0,0,0,0,0
36,2,1,2,Old20,0,0,0,0,0,0,0,0,0,0,0,0,0,0,0,0,0,0,0
25,2,1,3,Old20,0,0,0,0,0,0,0,0,0,0,0,0,0,0,0,0,0,0,0
27,2,1,3,Old20,0,0,0,0,0,0,0,0,0,0,0,0,0,0,0,0,0,0,0
29,2,1,3,Old20,0,0,0,0,0,0,0,0,0,0,0,0,0,0,0,1,0,0,0
31,2,1,3,Old20,0,0,0,2,0,0,0,0,0,0,0,0,0,0,0,0,0,0,0
33,2,1,3,Old20,0,0,0,2,0,0,0,0,0,0,0,0,0,0,0,1,0,0,0
35,2,1,3,Old20,0,0,0,0,0,0,0,0,0,0,0,0,0,0,0,0,0,0,0
36,2,1,3,Old20,0,0,0,0,0,0,0,0,0,0,0,0,0,0,0,0,0,0,0
25,2,1,4,Old20,0,0,0,0,0,0,0,0,0,0,0,0,0,0,0,0,0,0,0
27,2,1,4,Old20,0,0,0,0,0,0,0,0,0,0,0,0,0,0,0,0,0,0,0
29,2,1,4,Old20,0,0,1,1,0,0,0,0,0,0,0,0,0,0,0,2,0,0,0
31,2,1,4,Old20,0,0,0,2,0,0,0,0,0,0,0,0,0,0,0,0,0,0,0
33,2,1,4,Old20,0,0,0,12,0,0,1,0,0,0,0,0,0,0,0,0,0,0,0
35,2,1,4,Old20,0,0,0,0,0,0,0,0,0,0,0,0,0,0,0,0,0,0,0
36,2,1,4,Old20,0,0,0,0,0,0,0,0,0,0,0,0,0,0,0,0,0,0,0
25,2,1,5,Old20,0,0,1,0,0,0,0,0,0,0,0,0,0,0,0,0,0,0,0
27,2,1,5,Old20,0,0,0,0,0,0,0,0,0,0,0,0,1,0,0,0,0,0,0
29,2,1,5,Old20,0,0,0,0,0,0,0,0,0,0,0,0,0,0,0,0,0,0,0
31,2,1,5,Old20,0,0,0,0,0,0,0,0,0,0,0,0,0,0,0,1,0,0,0
33,2,1,5,Old20,0,0,0,0,0,0,0,0,0,0,0,0,0,0,0,0,0,0,0
35,2,1,5,Old20,0,0,0,2,0,0,0,0,0,0,0,0,0,0,0,0,0,0,0
36,2,1,5,Old20,0,0,0,1,0,0,0,0,0,0,0,0,0,0,0,0,0,0,0
25,2,2,1,Old20,0,0,1,0,0,0,0,0,1,0,0,0,0,0,0,0,0,0,0
27,2,2,1,Old20,0,0,0,0,0,0,0,0,0,0,0,0,0,0,0,0,0,0,0
29,2,2,1,Old20,0,0,2,0,0,0,0,0,0,0,0,0,0,0,0,0,0,0,0
31,2,2,1,Old20,0,0,0,1,0,0,0,0,0,0,0,0,0,0,0,0,0,0,0
33,2,2,1,Old20,0,0,0,0,0,0,0,0,0,0,0,0,0,0,0,0,0,0,0
35,2,2,1,Old20,0,0,0,1,0,0,0,0,0,0,0,0,0,0,0,0,0,0,0
36,2,2,1,Old20,0,0,0,0,0,0,0,0,0,0,0,0,0,0,0,0,0,0,0
25,2,2,2,Old20,0,0,0,0,0,0,0,0,0,0,0,0,0,0,0,0,0,0,0
27,2,2,2,Old20,0,0,1,0,0,0,0,0,1,0,0,0,0,0,0,0,0,0,0
29,2,2,2,Old20,0,0,0,0,0,0,0,0,0,0,0,0,0,0,0,0,0,0,0
31,2,2,2,Old20,0,0,0,3,0,0,0,0,0,0,0,0,0,0,0,0,0,0,0
33,2,2,2,Old20,0,0,0,4,0,0,0,0,0,0,0,0,0,0,0,0,0,0,0
35,2,2,2,Old20,0,0,0,2,0,0,0,0,0,0,0,0,0,0,0,0,0,0,0
36,2,2,2,Old20,0,0,0,1,0,0,0,0,0,0,0,0,0,0,0,0,0,0,0
25,2,2,3,Old20,0,0,1,0,0,0,0,0,0,0,0,0,0,0,0,0,0,0,0
27,2,2,3,Old20,0,0,0,0,0,0,0,0,0,0,0,0,0,0,0,0,0,0,0
29,2,2,3,Old20,0,0,0,0,0,0,0,0,0,0,0,0,0,0,0,0,0,0,0
31,2,2,3,Old20,0,0,0,1,0,0,0,0,0,0,0,0,0,0,0,0,0,0,0
33,2,2,3,Old20,0,0,0,1,0,0,0,0,0,0,0,0,0,0,0,0,0,0,0
35,2,2,3,Old20,0,0,0,1,0,0,0,0,0,0,0,0,0,0,0,0,0,0,0
36,2,2,3,Old20,0,0,0,1,0,0,0,0,0,0,0,0,0,0,0,0,0,0,0
25,2,2,4,Old20,0,0,1,0,0,0,0,0,1,0,0,0,0,0,0,0,0,0,0
27,2,2,4,Old20,0,0,1,0,0,0,0,0,1,0,0,0,1,0,0,0,0,0,0
29,2,2,4,Old20,0,0,0,0,0,0,0,0,0,0,0,0,0,0,0,0,0,0,0
31,2,2,4,Old20,0,0,0,2,0,0,0,0,0,0,0,0,0,0,0,0,0,0,0
33,2,2,4,Old20,0,0,0,3,0,0,0,0,0,0,0,0,0,0,0,0,0,0,0
35,2,2,4,Old20,0,0,0,1,0,0,0,0,0,0,0,0,0,0,0,0,0,0,0
36,2,2,4,Old20,0,0,0,0,0,0,0,0,0,0,0,0,0,0,0,0,0,0,0
25,2,2,5,Old20,0,0,0,0,0,0,0,0,0,0,0,0,0,0,0,0,0,0,0
27,2,2,5,Old20,0,0,1,0,0,0,0,0,0,0,0,0,0,0,0,0,0,0,0
29,2,2,5,Old20,0,0,1,0,0,0,0,0,0,0,0,0,0,0,0,0,0,0,0
31,2,2,5,Old20,0,0,0,3,0,0,0,0,0,0,0,0,0,0,0,0,0,0,1
33,2,2,5,Old20,0,0,0,3,0,0,0,0,0,0,0,0,0,0,0,0,0,0,0
35,2,2,5,Old20,0,0,0,1,0,0,0,0,0,0,0,0,0,0,0,0,0,0,0
36,2,2,5,Old20,0,0,0,0,0,0,0,0,0,0,0,0,0,0,0,0,0,0,0
25,2,3,1,Old20,0,0,0,0,0,0,0,0,1,0,0,0,0,0,0,0,0,0,0
27,2,3,1,Old20,0,0,1,0,0,0,0,0,0,0,0,0,0,0,0,0,0,0,0
29,2,3,1,Old20,0,0,0,1,0,0,0,0,0,0,0,0,0,0,0,0,0,0,0
31,2,3,1,Old20,0,0,0,8,0,0,0,0,0,0,0,0,0,1,0,0,0,0,0
33,2,3,1,Old20,0,0,0,1,0,0,0,0,0,0,0,0,0,0,0,0,0,0,0
35,2,3,1,Old20,0,0,0,0,0,0,0,0,0,0,0,0,0,0,0,0,0,0,0
36,2,3,1,Old20,0,0,0,0,0,0,0,0,0,0,0,0,0,1,0,0,0,0,0
25,2,3,2,Old20,0,0,1,0,0,0,0,0,1,0,0,0,0,0,0,0,0,0,0
27,2,3,2,Old20,0,0,0,0,0,0,0,0,0,0,0,0,0,0,0,1,0,0,0
29,2,3,2,Old20,0,0,0,0,0,0,0,0,1,0,0,0,0,0,0,0,0,0,0
31,2,3,2,Old20,0,0,0,0,0,0,0,0,0,0,0,0,0,0,0,0,0,0,0
33,2,3,2,Old20,0,0,0,4,0,0,0,0,0,0,0,0,0,0,0,0,0,0,0
35,2,3,2,Old20,0,0,0,1,0,0,0,0,0,0,0,0,0,0,0,0,0,0,0
36,2,3,2,Old20,0,0,0,0,0,0,0,0,0,0,0,0,0,0,0,0,0,0,0
25,2,3,3,Old20,0,0,0,0,0,0,0,0,0,0,0,0,0,0,0,0,0,0,0
27,2,3,3,Old20,0,0,0,0,0,0,0,0,0,0,0,0,0,0,0,0,0,0,0
29,2,3,3,Old20,0,0,0,0,0,0,0,0,0,0,0,0,0,0,0,0,0,0,0
31,2,3,3,Old20,0,0,0,1,0,0,0,0,0,0,0,0,0,0,0,0,0,0,0
33,2,3,3,Old20,0,0,0,3,0,0,0,0,0,0,0,0,0,0,0,0,0,0,0
35,2,3,3,Old20,0,0,0,1,0,0,0,0,0,0,0,0,0,0,0,0,0,0,0
36,2,3,3,Old20,0,0,0,1,0,0,0,0,0,0,0,0,0,0,0,0,0,0,0
25,2,3,4,Old20,0,0,0,0,0,0,0,0,0,0,0,0,0,0,0,0,0,0,0
27,2,3,4,Old20,0,0,0,0,0,0,0,0,0,0,0,0,1,0,0,1,0,0,0
29,2,3,4,Old20,0,0,0,0,0,0,0,0,0,0,0,0,0,0,0,1,0,0,0
31,2,3,4,Old20,0,0,0,4,0,0,0,0,0,0,0,0,0,0,0,0,0,0,0
33,2,3,4,Old20,0,0,0,7,0,0,0,0,0,0,0,0,0,0,0,0,0,0,0
35,2,3,4,Old20,0,0,0,1,0,0,0,0,0,0,0,0,0,0,0,0,0,0,0
36,2,3,4,Old20,0,0,0,0,0,0,0,0,0,0,0,0,0,0,0,0,0,0,0
25,2,3,5,Old20,0,0,0,0,0,0,0,0,0,0,0,0,0,0,0,0,0,0,0
27,2,3,5,Old20,0,0,2,0,0,0,0,0,0,0,0,0,0,0,0,0,0,0,0
29,2,3,5,Old20,0,0,0,0,0,0,0,0,0,0,0,0,0,0,0,0,0,0,0
31,2,3,5,Old20,0,0,0,0,0,0,0,0,0,0,0,0,0,0,0,0,0,0,0
33,2,3,5,Old20,0,0,0,6,0,0,0,0,0,0,0,0,0,0,0,0,0,0,0
35,2,3,5,Old20,0,0,0,2,0,0,0,0,0,0,0,0,0,1,0,0,0,0,0
36,2,3,5,Old20,0,0,0,0,0,0,0,0,0,0,0,0,0,0,0,0,0,0,0
25,2,4,1,Old20,0,0,0,0,0,0,0,0,0,0,0,0,0,0,0,0,0,0,0
27,2,4,1,Old20,0,0,0,0,0,0,0,0,1,0,0,0,0,0,0,0,0,0,0
29,2,4,1,Old20,0,0,0,0,0,0,0,0,0,0,0,0,0,0,0,0,0,0,0
31,2,4,1,Old20,0,0,0,1,0,0,0,0,0,0,0,0,0,0,0,0,0,0,0
33,2,4,1,Old20,0,0,0,1,0,0,0,0,0,0,0,0,0,0,0,0,0,0,0
35,2,4,1,Old20,0,0,0,5,0,0,0,0,0,0,0,0,0,0,0,0,0,0,0
36,2,4,1,Old20,0,0,0,0,0,0,0,0,0,0,0,0,0,0,0,0,0,0,0
25,2,4,2,Old20,0,0,0,0,0,0,0,0,0,0,0,0,0,0,0,0,0,0,0
27,2,4,2,Old20,0,0,0,0,0,0,0,0,0,0,0,0,0,0,0,0,0,0,0
29,2,4,2,Old20,0,1,1,0,0,0,0,0,0,0,0,0,0,1,0,3,0,0,0
31,2,4,2,Old20,0,0,0,1,0,0,0,0,0,0,0,0,0,0,0,0,0,0,0
33,2,4,2,Old20,0,0,0,1,0,0,0,0,0,0,0,0,0,1,0,0,0,0,0
35,2,4,2,Old20,0,0,0,4,0,0,0,0,0,0,0,0,0,0,0,0,0,0,0
36,2,4,2,Old20,0,0,0,0,0,0,0,0,0,0,0,0,0,0,0,0,0,0,0
25,2,4,3,Old20,0,0,0,0,0,0,0,0,0,0,0,0,0,0,0,0,0,0,0
27,2,4,3,Old20,0,0,1,0,0,0,0,0,0,0,0,0,0,0,0,1,1,0,0
29,2,4,3,Old20,0,0,0,1,0,0,0,0,0,0,0,0,0,1,0,0,0,0,0
31,2,4,3,Old20,0,0,0,2,0,0,0,0,0,0,0,0,0,0,0,0,0,0,0
33,2,4,3,Old20,0,0,0,5,0,0,0,0,0,0,0,0,0,0,0,0,0,0,0
35,2,4,3,Old20,0,0,0,3,0,0,0,0,0,0,0,0,0,0,0,0,0,0,0
36,2,4,3,Old20,0,0,0,0,0,0,0,0,0,0,0,0,0,0,0,0,0,0,0
25,2,4,4,Old20,0,0,0,0,0,0,0,0,0,0,0,0,0,0,0,0,0,0,0
27,2,4,4,Old20,0,0,0,0,0,0,0,0,0,0,0,0,0,0,0,0,0,0,0
29,2,4,4,Old20,0,0,0,0,0,0,0,0,0,0,0,0,0,0,0,3,0,0,0
31,2,4,4,Old20,0,0,0,0,0,0,0,0,0,0,0,0,0,0,0,0,0,0,0
33,2,4,4,Old20,0,0,0,1,0,0,0,0,0,0,0,0,0,0,0,0,0,0,0
35,2,4,4,Old20,0,0,0,1,0,0,0,0,0,0,0,0,0,0,0,0,0,0,0
36,2,4,4,Old20,0,0,0,1,0,0,0,0,0,0,0,0,0,0,0,0,0,0,0
25,2,4,5,Old20,0,0,1,0,0,0,0,0,0,0,0,0,0,0,0,0,0,0,0
27,2,4,5,Old20,0,0,0,0,0,0,0,0,0,0,0,0,0,0,0,2,0,0,0
29,2,4,5,Old20,0,0,0,0,0,0,0,0,0,0,0,1,0,0,0,0,0,0,0
31,2,4,5,Old20,0,0,0,3,0,0,0,0,0,0,0,0,0,0,0,0,0,0,0
33,2,4,5,Old20,0,0,0,9,0,0,0,0,0,0,0,0,0,0,0,0,0,0,0
35,2,4,5,Old20,0,0,0,1,0,0,0,0,0,0,0,0,0,0,0,0,0,0,0
36,2,4,5,Old20,0,0,0,0,0,0,0,0,0,0,0,0,0,0,0,0,0,0,0
25,2,5,1,Old20,0,0,0,0,0,0,0,0,0,0,0,0,0,0,0,0,0,0,0
27,2,5,1,Old20,0,0,0,0,0,0,0,0,1,0,0,0,0,0,0,0,0,0,0
29,2,5,1,Old20,0,0,0,0,0,0,0,0,0,0,0,0,0,0,0,1,0,0,0
31,2,5,1,Old20,0,0,0,3,0,0,0,0,0,0,0,0,0,0,0,0,0,0,0
33,2,5,1,Old20,0,0,0,3,0,0,0,0,0,0,0,0,0,0,0,0,0,0,0
35,2,5,1,Old20,0,0,0,2,0,0,0,0,0,0,0,0,0,0,0,0,0,0,0
36,2,5,1,Old20,0,0,0,1,0,0,0,0,0,0,0,0,0,0,0,0,0,0,0
25,2,5,2,Old20,0,0,0,0,0,0,0,0,0,0,0,0,0,0,0,0,0,0,0
27,2,5,2,Old20,0,0,1,0,0,0,0,0,1,0,0,0,1,0,0,0,0,0,0
29,2,5,2,Old20,0,0,0,0,0,0,0,0,0,0,0,0,0,0,0,0,0,0,0
31,2,5,2,Old20,0,0,0,0,0,0,0,0,0,0,0,0,0,0,0,0,0,0,0
33,2,5,2,Old20,0,0,0,0,0,0,0,0,0,0,0,0,0,0,0,0,0,0,0
35,2,5,2,Old20,0,0,0,0,0,0,0,0,0,0,0,0,0,0,0,0,0,0,0
36,2,5,2,Old20,0,0,0,1,0,0,0,0,0,0,0,0,0,0,0,0,0,0,0
25,2,5,3,Old20,0,0,0,0,0,0,0,0,0,0,0,0,0,0,0,0,0,0,0
27,2,5,3,Old20,0,0,0,0,0,0,0,0,1,0,0,0,0,0,0,1,0,0,0
29,2,5,3,Old20,0,0,0,0,0,0,0,0,0,0,0,0,0,0,0,0,0,0,0
31,2,5,3,Old20,0,0,0,2,0,0,0,0,0,0,0,0,0,0,0,0,0,0,0
33,2,5,3,Old20,0,0,0,1,0,0,0,0,0,0,0,0,0,0,0,0,0,0,0
35,2,5,3,Old20,0,0,0,3,0,0,0,0,0,0,0,0,0,0,0,0,0,0,0
36,2,5,3,Old20,0,0,0,0,0,0,0,0,0,0,0,0,0,0,0,0,0,0,0
25,2,5,4,Old20,0,0,0,0,0,0,0,0,0,0,0,0,0,0,0,0,0,0,0
27,2,5,4,Old20,0,0,0,0,0,0,0,0,0,0,0,0,0,0,0,2,0,0,0
29,2,5,4,Old20,0,0,0,0,0,0,0,0,0,0,0,0,0,0,0,0,0,0,0
31,2,5,4,Old20,0,0,0,6,0,0,0,0,0,0,0,0,0,0,0,0,0,0,0
33,2,5,4,Old20,0,0,0,6,0,0,0,0,0,0,0,0,0,0,0,0,0,0,0
35,2,5,4,Old20,0,0,0,1,0,0,0,0,0,0,0,0,0,0,0,0,0,0,0
36,2,5,4,Old20,0,0,0,1,0,0,0,0,0,0,0,0,0,0,0,0,0,0,0
25,2,5,5,Old20,0,0,1,0,0,0,0,0,0,0,0,0,0,0,0,0,0,0,0
27,2,5,5,Old20,0,1,0,0,0,0,0,0,0,0,0,1,0,0,0,0,0,0,0
29,2,5,5,Old20,0,0,0,0,0,0,0,0,1,0,0,0,0,0,0,0,0,0,0
31,2,5,5,Old20,0,0,0,1,0,0,0,0,0,0,0,0,0,0,0,0,0,0,0
33,2,5,5,Old20,0,0,0,0,0,0,0,0,0,0,0,0,0,0,0,0,0,0,0
35,2,5,5,Old20,0,0,0,0,0,0,0,0,0,0,0,0,0,0,0,0,0,0,0
36,2,5,5,Old20,0,0,0,0,0,0,0,0,0,0,0,0,0,0,0,0,0,0,0
25,2,6,1,Old20,0,0,0,0,0,0,0,0,0,0,0,0,0,0,0,0,0,0,0
27,2,6,1,Old20,0,0,0,0,0,0,0,0,1,0,0,0,0,0,0,0,0,0,0
29,2,6,1,Old20,0,0,0,0,0,0,0,0,0,0,0,0,0,0,0,1,0,0,0
31,2,6,1,Old20,0,0,0,2,0,0,0,0,0,0,0,0,0,0,0,0,0,0,0
33,2,6,1,Old20,0,0,0,4,0,0,0,0,0,0,0,0,0,0,0,0,0,0,0
35,2,6,1,Old20,0,0,0,0,0,0,0,0,0,0,0,0,0,0,0,0,0,0,0
36,2,6,1,Old20,0,0,0,0,0,0,0,0,0,0,0,0,0,0,0,0,0,0,0
25,2,6,2,Old20,0,0,0,0,0,0,0,0,0,0,0,0,0,0,0,0,0,0,0
27,2,6,2,Old20,0,0,2,0,0,0,0,0,0,0,0,0,0,0,0,0,0,0,0
29,2,6,2,Old20,0,0,0,0,0,0,0,0,0,0,0,0,0,0,0,0,0,0,0
31,2,6,2,Old20,0,0,0,4,0,0,0,0,0,0,0,0,0,0,0,0,0,0,0
33,2,6,2,Old20,0,0,0,4,0,0,0,0,0,0,0,0,0,0,0,0,0,0,0
35,2,6,2,Old20,0,0,0,1,0,0,0,0,0,0,0,0,0,0,0,0,0,0,0
36,2,6,2,Old20,0,0,0,0,0,0,0,0,0,0,0,0,0,0,0,0,0,0,0
25,2,6,3,Old20,0,0,0,0,0,0,0,0,0,0,0,0,0,0,0,0,0,0,0
27,2,6,3,Old20,0,0,0,0,0,0,0,0,0,0,0,0,0,0,0,1,0,0,0
29,2,6,3,Old20,0,0,0,0,0,0,0,0,0,0,0,0,0,0,0,0,0,0,0
31,2,6,3,Old20,0,0,0,3,0,0,0,0,0,0,0,0,0,1,0,0,0,0,0
33,2,6,3,Old20,0,0,0,3,0,0,0,0,0,0,0,0,0,1,0,0,0,0,0
35,2,6,3,Old20,0,0,0,3,0,0,0,0,0,0,0,0,0,0,0,0,0,0,0
36,2,6,3,Old20,0,0,0,1,0,0,0,0,0,0,0,0,0,0,0,0,0,0,0
25,2,6,4,Old20,0,0,0,0,0,0,0,0,0,0,0,0,0,0,0,0,0,0,0
27,2,6,4,Old20,0,0,2,0,0,0,0,0,0,0,0,0,0,0,0,2,0,0,0
29,2,6,4,Old20,0,0,0,0,0,0,0,0,0,0,0,0,1,0,0,4,1,0,0
31,2,6,4,Old20,0,0,0,3,0,0,0,0,0,0,0,0,0,0,0,0,0,0,0
33,2,6,4,Old20,0,0,0,4,0,0,0,0,0,0,0,0,0,0,0,0,0,0,0
35,2,6,4,Old20,0,0,0,2,0,0,0,0,0,0,0,0,0,0,0,0,0,0,0
36,2,6,4,Old20,0,0,0,0,0,0,0,0,0,0,0,0,0,0,0,0,0,0,0
25,2,6,5,Old20,0,0,1,0,0,0,0,0,0,0,0,0,0,0,0,0,0,0,0
27,2,6,5,Old20,0,0,0,0,0,0,0,0,0,0,0,0,0,1,0,1,0,0,0
29,2,6,5,Old20,0,1,0,0,0,0,0,0,1,0,0,0,0,1,0,1,0,0,0
31,2,6,5,Old20,0,0,0,3,0,0,0,0,0,0,0,0,0,0,0,0,0,0,0
33,2,6,5,Old20,0,0,0,2,0,0,0,0,0,0,0,0,0,0,0,0,0,0,0
35,2,6,5,Old20,0,0,0,0,0,0,0,0,0,0,0,0,0,0,0,0,0,0,0
36,2,6,5,Old20,0,0,0,0,0,0,0,0,0,0,0,0,0,0,0,0,0,0,0
25,3,1,1,Old20,0,0,1,0,0,0,0,0,0,0,0,0,0,0,0,0,0,0,0
27,3,1,1,Old20,0,0,2,0,0,0,0,0,0,0,0,0,0,0,0,0,0,0,0
29,3,1,1,Old20,0,0,0,0,0,0,0,0,0,0,0,0,0,0,0,0,0,0,0
31,3,1,1,Old20,0,0,0,0,0,0,0,0,0,0,0,0,0,0,0,0,0,0,0
33,3,1,1,Old20,0,0,0,11,0,0,0,0,0,0,0,0,0,0,0,0,0,0,0
35,3,1,1,Old20,0,0,0,0,0,0,0,0,0,0,0,0,0,0,0,0,0,0,0
36,3,1,1,Old20,0,0,0,0,0,0,0,0,0,0,0,0,0,0,0,0,0,0,0
25,3,1,2,Old20,0,0,2,0,0,0,0,0,0,0,0,0,0,0,0,0,0,0,0
27,3,1,2,Old20,0,0,0,0,0,0,0,0,0,0,0,0,0,0,0,0,0,0,0
29,3,1,2,Old20,0,0,0,1,0,0,0,0,0,0,0,0,0,0,0,0,0,0,0
31,3,1,2,Old20,0,0,0,0,0,0,0,0,0,0,0,0,0,0,0,1,0,0,0
33,3,1,2,Old20,0,0,0,2,0,0,0,0,0,0,0,0,0,1,0,0,0,0,0
35,3,1,2,Old20,0,0,0,0,0,0,0,0,0,0,0,0,0,0,0,0,0,0,0
36,3,1,2,Old20,0,0,0,0,0,0,0,0,0,0,0,0,0,0,0,0,0,0,0
25,3,1,3,Old20,0,0,3,0,0,0,0,0,0,0,0,0,0,0,0,0,0,0,0
27,3,1,3,Old20,0,0,2,0,0,0,0,0,0,0,0,0,0,0,0,0,0,0,0
29,3,1,3,Old20,0,0,1,1,0,0,0,0,0,0,0,0,0,0,0,3,0,0,0
31,3,1,3,Old20,0,0,0,0,0,0,0,0,0,0,0,0,0,0,0,0,0,0,0
33,3,1,3,Old20,0,0,0,1,0,0,0,0,0,0,0,0,0,0,0,0,1,0,0
35,3,1,3,Old20,0,0,0,0,0,0,0,0,0,0,0,0,0,0,0,0,0,0,0
36,3,1,3,Old20,0,0,0,0,0,0,0,0,0,0,0,0,0,0,0,0,0,0,0
25,3,1,4,Old20,0,0,0,0,0,0,0,0,0,0,0,0,0,0,0,0,0,0,0
27,3,1,4,Old20,0,0,3,0,0,0,0,0,0,0,0,0,0,0,0,0,0,0,0
29,3,1,4,Old20,0,0,0,0,0,0,0,0,0,0,0,0,0,0,0,2,0,0,0
31,3,1,4,Old20,0,0,0,1,0,0,0,0,0,0,0,0,0,0,0,0,0,0,0
33,3,1,4,Old20,0,0,0,6,0,0,0,0,0,0,0,0,0,0,0,0,0,0,0
35,3,1,4,Old20,0,0,0,3,0,0,0,0,0,0,0,0,0,0,0,0,0,0,0
36,3,1,4,Old20,0,0,0,0,0,0,0,0,0,0,0,0,0,0,0,0,0,0,0
25,3,1,5,Old20,0,0,2,0,0,0,0,0,0,0,0,0,0,0,0,0,0,0,0
27,3,1,5,Old20,0,0,4,0,0,0,0,0,0,0,0,0,0,0,0,1,0,0,0
29,3,1,5,Old20,0,0,0,2,0,0,0,0,1,0,0,0,0,0,0,0,0,0,0
31,3,1,5,Old20,0,0,0,0,0,0,0,0,0,0,0,0,0,0,0,0,0,0,0
33,3,1,5,Old20,0,0,0,7,0,0,0,0,0,0,0,0,0,0,0,0,0,0,0
35,3,1,5,Old20,0,0,0,5,0,0,0,0,0,0,0,0,0,0,0,0,0,0,0
36,3,1,5,Old20,0,0,0,0,0,0,0,0,0,0,0,0,0,0,0,0,0,0,0
25,3,2,1,Old20,0,0,0,0,0,0,0,0,0,0,0,0,0,0,0,0,0,0,0
27,3,2,1,Old20,0,1,1,0,0,0,0,0,0,0,0,0,0,0,0,0,0,0,0
29,3,2,1,Old20,0,0,0,0,0,0,0,0,0,0,0,0,0,1,0,2,0,0,0
31,3,2,1,Old20,0,0,0,0,0,0,0,0,0,0,0,0,0,1,0,0,0,0,0
33,3,2,1,Old20,0,0,0,6,0,0,0,0,0,0,0,0,0,0,0,0,0,0,0
35,3,2,1,Old20,0,0,0,1,0,0,1,0,0,0,0,0,0,0,0,0,0,0,0
36,3,2,1,Old20,0,0,0,0,0,0,0,0,0,0,0,0,0,0,0,0,0,0,0
25,3,2,2,Old20,0,0,0,0,0,0,0,0,0,0,0,0,0,0,0,0,0,0,0
27,3,2,2,Old20,0,0,2,0,0,0,0,0,0,0,0,0,1,0,0,1,0,0,0
29,3,2,2,Old20,0,0,0,0,0,0,0,0,0,0,0,0,0,0,0,2,0,0,0
31,3,2,2,Old20,0,0,0,3,0,0,0,0,0,0,0,0,0,0,0,0,0,0,0
33,3,2,2,Old20,0,0,0,1,0,0,0,0,0,0,0,0,0,0,0,0,0,0,0
35,3,2,2,Old20,0,0,0,1,0,0,0,0,0,0,0,0,0,0,0,0,0,0,0
36,3,2,2,Old20,0,0,0,0,0,0,0,0,0,0,0,0,0,0,0,0,0,0,0
25,3,2,3,Old20,0,0,0,0,0,0,0,0,0,0,0,0,0,0,0,0,0,0,0
27,3,2,3,Old20,0,0,0,0,0,0,0,0,0,0,0,0,0,0,0,1,0,0,0
29,3,2,3,Old20,0,0,0,1,0,0,0,0,0,0,0,0,0,0,0,0,0,0,0
31,3,2,3,Old20,0,0,0,2,0,0,0,0,0,0,0,0,0,0,0,1,0,0,0
33,3,2,3,Old20,0,0,0,9,0,0,0,0,0,0,0,0,0,0,0,0,0,0,0
35,3,2,3,Old20,0,0,0,5,0,0,1,0,0,0,0,0,0,0,0,0,0,0,0
36,3,2,3,Old20,0,0,0,0,0,0,0,0,0,0,0,0,0,0,0,0,0,0,0
25,3,2,4,Old20,0,0,2,0,0,0,0,0,0,0,0,0,0,0,0,0,0,0,0
27,3,2,4,Old20,0,0,1,1,0,0,0,0,0,0,0,0,0,0,0,3,0,0,0
29,3,2,4,Old20,0,0,0,0,0,0,0,0,0,0,0,0,0,0,0,2,0,0,0
31,3,2,4,Old20,0,0,0,0,0,0,0,0,0,0,0,0,0,0,0,0,0,0,0
33,3,2,4,Old20,0,0,0,4,0,0,0,0,0,0,0,0,0,0,0,0,0,0,0
35,3,2,4,Old20,0,0,0,2,0,0,0,0,0,0,0,0,0,0,0,0,0,0,0
36,3,2,4,Old20,0,0,0,0,0,0,0,0,0,0,0,0,0,0,0,0,0,0,0
25,3,2,5,Old20,0,0,2,0,0,0,0,0,0,0,0,0,0,0,0,0,0,0,0
27,3,2,5,Old20,0,0,0,0,0,0,0,0,0,0,0,0,0,0,0,3,0,0,0
29,3,2,5,Old20,0,0,0,0,0,0,0,0,0,0,0,0,0,0,0,0,0,0,0
31,3,2,5,Old20,0,0,0,2,0,0,0,0,0,0,0,0,0,0,0,0,0,0,0
33,3,2,5,Old20,0,0,0,8,0,0,0,0,0,0,0,0,0,0,0,0,0,0,0
35,3,2,5,Old20,0,0,0,3,0,0,0,0,0,0,0,0,0,0,0,0,0,0,0
36,3,2,5,Old20,0,0,0,0,0,0,0,0,0,0,0,0,0,0,0,0,0,0,0
25,3,3,1,Old20,0,0,1,0,0,0,0,0,0,0,0,0,0,0,0,0,0,0,0
27,3,3,1,Old20,0,0,5,0,0,0,0,0,0,0,0,0,0,0,0,1,0,0,0
29,3,3,1,Old20,0,0,0,0,0,0,0,0,1,0,0,0,0,0,0,1,0,0,0
31,3,3,1,Old20,0,0,0,2,0,0,0,0,0,0,0,0,0,0,0,0,0,0,0
33,3,3,1,Old20,0,0,0,10,0,0,0,0,0,0,0,0,0,0,0,0,0,0,1
35,3,3,1,Old20,0,0,0,3,0,0,0,0,0,0,0,0,0,0,0,0,0,0,0
36,3,3,1,Old20,0,0,0,0,0,0,0,0,0,0,0,0,0,0,0,0,0,0,0
25,3,3,2,Old20,0,0,0,0,0,0,0,0,0,0,0,0,0,0,0,0,0,0,0
27,3,3,2,Old20,0,0,3,0,0,0,0,0,0,0,0,0,0,0,0,0,0,0,0
29,3,3,2,Old20,0,0,1,0,0,0,0,0,1,0,0,0,0,0,0,1,0,0,0
31,3,3,2,Old20,0,0,0,0,0,0,0,0,0,0,0,0,0,0,0,0,0,0,0
33,3,3,2,Old20,0,0,0,6,0,0,0,0,0,0,0,0,0,0,0,0,0,0,0
35,3,3,2,Old20,0,0,0,1,0,0,0,0,0,0,0,0,0,0,0,0,0,0,0
36,3,3,2,Old20,0,0,0,1,0,0,0,0,0,0,0,0,0,0,0,0,0,0,0
25,3,3,3,Old20,0,0,1,0,0,0,0,0,0,0,0,0,0,0,0,0,0,0,0
27,3,3,3,Old20,0,0,4,0,0,0,0,0,0,0,0,0,1,0,0,0,0,0,0
29,3,3,3,Old20,0,0,0,0,0,0,0,0,0,0,0,0,0,0,0,1,0,0,0
31,3,3,3,Old20,0,0,0,0,0,0,0,0,0,0,0,0,0,0,0,0,0,0,0
33,3,3,3,Old20,0,0,0,3,0,0,0,0,0,0,0,0,0,1,0,0,0,0,0
35,3,3,3,Old20,0,0,0,2,0,0,0,0,0,0,0,0,0,0,0,0,0,0,0
36,3,3,3,Old20,0,0,0,0,0,0,0,0,0,0,0,0,0,0,0,0,0,0,0
25,3,3,4,Old20,0,0,1,0,0,0,0,0,0,0,0,0,0,0,0,0,0,0,0
27,3,3,4,Old20,0,0,0,0,0,0,0,0,0,0,0,0,1,0,0,0,0,0,0
29,3,3,4,Old20,0,0,0,0,0,0,0,0,0,0,0,0,0,0,0,1,0,0,0
31,3,3,4,Old20,0,0,0,1,0,0,0,0,0,0,0,0,0,0,0,0,0,0,0
33,3,3,4,Old20,0,0,0,0,0,0,0,0,0,0,0,0,0,0,0,0,0,0,0
35,3,3,4,Old20,0,0,0,0,0,0,0,0,0,0,0,0,0,0,0,0,0,0,0
36,3,3,4,Old20,0,0,0,0,0,0,0,0,0,0,0,0,0,0,0,0,0,0,0
25,3,3,5,Old20,0,0,0,0,0,0,0,0,0,0,0,0,0,0,0,0,0,0,0
27,3,3,5,Old20,0,0,1,0,0,0,0,0,0,0,0,0,0,0,0,1,0,0,0
29,3,3,5,Old20,0,0,0,0,0,0,0,0,0,0,0,0,0,0,0,1,0,0,0
31,3,3,5,Old20,0,0,0,2,0,0,0,0,0,0,0,0,0,0,0,0,0,0,0
33,3,3,5,Old20,0,0,0,4,0,0,0,0,0,0,0,0,0,0,0,0,0,0,0
35,3,3,5,Old20,0,0,0,1,0,0,0,0,0,0,0,0,0,0,1,0,0,0,0
36,3,3,5,Old20,0,0,0,0,0,0,0,0,0,0,0,0,0,0,0,0,0,0,0
25,3,4,1,Old20,0,0,1,0,0,0,0,0,0,0,0,0,0,0,0,0,0,0,0
27,3,4,1,Old20,0,0,2,0,0,0,0,0,1,0,0,0,0,0,0,1,0,0,0
29,3,4,1,Old20,0,0,1,0,0,0,0,0,1,0,0,0,0,0,0,0,0,0,0
31,3,4,1,Old20,0,0,0,0,0,0,0,0,0,0,0,0,0,0,0,0,0,0,0
33,3,4,1,Old20,0,0,0,4,0,0,0,0,0,0,0,0,0,0,0,0,0,0,0
35,3,4,1,Old20,0,0,0,1,0,0,0,0,0,0,0,0,0,0,0,0,0,0,0
36,3,4,1,Old20,0,0,0,0,0,0,0,0,0,0,0,0,0,0,0,0,0,0,0
25,3,4,2,Old20,0,0,1,0,0,0,0,0,0,0,0,0,0,0,0,0,0,0,0
27,3,4,2,Old20,0,0,1,0,0,0,0,0,2,0,0,0,0,0,0,2,0,0,0
29,3,4,2,Old20,0,0,0,0,0,0,0,0,1,0,0,0,0,0,0,3,0,0,0
31,3,4,2,Old20,0,0,0,0,0,0,0,0,0,0,0,0,0,0,0,0,0,0,0
33,3,4,2,Old20,0,0,0,3,0,0,0,0,0,0,0,0,0,0,0,0,0,0,0
35,3,4,2,Old20,0,0,0,3,0,0,0,0,0,0,0,0,0,0,0,0,0,0,0
36,3,4,2,Old20,0,0,0,0,0,0,0,0,0,0,0,0,0,0,0,0,0,0,0
25,3,4,3,Old20,0,0,0,0,0,0,0,0,0,0,0,0,0,0,0,0,0,0,0
27,3,4,3,Old20,0,0,1,0,0,0,0,0,0,0,0,0,0,0,0,0,0,0,0
29,3,4,3,Old20,0,0,0,0,0,0,0,0,0,0,0,0,0,1,0,2,0,0,0
31,3,4,3,Old20,0,0,0,2,0,0,0,0,0,0,0,0,0,0,0,0,0,0,0
33,3,4,3,Old20,0,0,0,5,0,0,0,0,0,0,0,0,0,0,0,0,0,0,0
35,3,4,3,Old20,0,0,0,1,0,0,0,0,0,0,0,0,0,0,0,0,0,0,0
36,3,4,3,Old20,0,0,0,0,0,0,0,0,0,0,0,0,0,0,0,0,0,0,0
25,3,4,4,Old20,0,0,0,0,0,0,0,0,0,0,0,0,0,0,0,0,0,0,0
27,3,4,4,Old20,0,0,1,0,0,0,0,0,0,0,0,0,0,0,0,0,0,0,0
29,3,4,4,Old20,0,0,0,0,0,0,0,0,1,0,0,0,0,0,0,2,0,0,0
31,3,4,4,Old20,0,0,0,0,0,0,0,0,0,0,0,0,0,1,0,1,0,0,0
33,3,4,4,Old20,0,0,0,8,0,0,0,0,0,0,0,0,0,1,0,0,1,0,0
35,3,4,4,Old20,0,0,0,4,0,0,0,0,0,0,0,0,0,1,0,0,0,0,0
36,3,4,4,Old20,0,0,0,0,0,0,0,0,0,0,0,0,0,0,0,0,0,0,0
25,3,4,5,Old20,0,0,0,0,0,0,0,0,0,0,0,0,0,0,0,0,0,0,0
27,3,4,5,Old20,0,0,0,0,0,0,0,0,0,0,0,0,0,0,0,2,0,0,0
29,3,4,5,Old20,0,0,1,0,0,0,0,0,0,0,0,0,0,0,0,1,0,0,0
31,3,4,5,Old20,0,0,0,0,0,0,0,0,0,0,0,0,0,0,0,0,0,0,0
33,3,4,5,Old20,0,0,0,8,0,0,0,0,0,0,0,0,0,0,0,0,1,0,0
35,3,4,5,Old20,0,0,0,0,0,0,0,0,0,0,0,0,0,0,0,0,0,0,0
36,3,4,5,Old20,0,0,0,0,0,0,0,0,0,0,0,0,0,0,0,0,0,0,0
25,3,5,1,Old20,0,0,0,0,0,0,0,0,0,0,0,0,0,0,0,0,0,0,0
27,3,5,1,Old20,0,0,0,0,0,0,0,0,1,0,0,0,0,0,0,3,0,0,0
29,3,5,1,Old20,0,0,1,0,0,0,0,0,0,0,0,0,0,0,0,4,0,0,0
31,3,5,1,Old20,0,0,0,2,0,0,0,0,0,0,0,0,0,0,0,0,0,0,0
33,3,5,1,Old20,0,0,0,10,0,0,0,0,0,0,0,0,0,0,0,0,0,0,0
35,3,5,1,Old20,0,0,0,1,0,0,0,0,0,0,0,0,0,0,0,0,0,0,0
36,3,5,1,Old20,0,0,0,0,0,0,0,0,0,0,0,0,0,0,0,0,0,0,0
25,3,5,2,Old20,0,0,0,0,0,0,0,0,0,0,0,0,0,0,0,0,0,0,0
27,3,5,2,Old20,0,0,0,0,0,0,0,0,0,0,0,0,0,0,0,0,0,0,0
29,3,5,2,Old20,0,0,0,1,0,0,0,0,1,0,0,0,0,0,0,7,0,0,0
31,3,5,2,Old20,0,0,0,1,0,0,0,0,0,0,0,0,0,0,0,0,0,0,0
33,3,5,2,Old20,0,0,0,9,0,0,0,0,0,0,0,0,0,0,0,0,0,0,0
35,3,5,2,Old20,0,0,0,5,0,0,0,0,0,0,0,0,0,0,0,0,0,0,0
36,3,5,2,Old20,0,0,0,1,0,0,0,0,0,0,0,0,0,0,0,0,0,0,0
25,3,5,3,Old20,0,0,1,0,0,0,0,0,0,0,0,0,0,0,0,0,0,0,0
27,3,5,3,Old20,0,0,2,0,0,0,0,0,0,0,0,0,0,0,0,0,0,0,0
29,3,5,3,Old20,0,0,0,0,0,0,0,0,0,0,0,0,0,0,0,0,0,0,0
31,3,5,3,Old20,0,0,0,1,0,0,0,0,0,0,0,0,0,0,0,0,0,0,0
33,3,5,3,Old20,0,0,0,5,0,0,0,0,0,0,0,0,0,0,0,0,0,0,0
35,3,5,3,Old20,0,0,0,0,0,0,0,0,0,0,0,0,0,0,0,0,0,0,0
36,3,5,3,Old20,0,0,0,0,0,0,0,0,0,0,0,0,0,0,0,0,0,0,0
25,3,5,4,Old20,0,0,1,0,0,0,0,0,0,0,0,0,0,0,0,0,0,0,0
27,3,5,4,Old20,0,0,0,0,0,0,0,0,1,0,0,0,0,0,0,1,0,0,0
29,3,5,4,Old20,0,0,0,0,0,0,0,0,0,0,0,0,0,0,0,0,0,0,0
31,3,5,4,Old20,0,0,0,1,0,0,0,0,0,0,0,0,0,0,0,1,0,0,0
33,3,5,4,Old20,0,0,0,3,0,0,0,0,0,0,0,0,0,1,0,0,0,0,0
35,3,5,4,Old20,0,0,0,1,0,0,0,0,0,0,0,0,0,0,0,0,0,0,0
36,3,5,4,Old20,0,0,0,0,0,0,0,0,0,0,0,0,0,0,0,0,0,0,0
25,3,5,5,Old20,0,0,0,0,0,0,0,0,0,0,0,0,0,0,0,0,0,0,0
27,3,5,5,Old20,0,0,0,0,0,0,0,0,0,0,0,0,0,0,0,1,0,0,0
29,3,5,5,Old20,0,0,0,0,0,0,0,0,0,0,0,0,0,0,0,1,0,0,0
31,3,5,5,Old20,0,0,0,2,0,0,0,0,0,0,0,0,0,0,0,0,0,0,0
33,3,5,5,Old20,0,0,0,7,0,0,0,0,0,0,0,0,0,1,0,0,0,0,0
35,3,5,5,Old20,0,0,0,4,0,0,0,0,0,0,0,0,0,0,0,0,0,0,0
36,3,5,5,Old20,0,0,0,0,0,0,0,0,0,0,0,0,0,0,0,0,0,0,0
25,3,6,1,Old20,0,0,1,0,0,0,0,0,0,0,0,0,0,0,0,0,0,0,0
27,3,6,1,Old20,0,0,1,0,0,0,0,0,0,0,0,0,0,0,0,2,0,0,0
29,3,6,1,Old20,0,0,0,0,0,0,0,0,0,0,0,0,0,1,0,0,0,0,0
31,3,6,1,Old20,0,0,0,0,0,0,0,0,0,0,0,0,0,0,0,0,0,0,0
33,3,6,1,Old20,0,0,0,7,0,0,0,0,0,0,0,0,0,0,0,0,0,0,0
35,3,6,1,Old20,0,0,0,2,0,0,0,0,0,0,0,0,0,0,0,0,0,0,0
36,3,6,1,Old20,0,0,0,0,0,0,0,0,0,0,0,0,0,0,0,0,0,0,0
25,3,6,2,Old20,0,0,0,0,0,0,0,0,1,0,0,0,0,0,0,0,0,0,0
27,3,6,2,Old20,0,0,0,0,0,0,0,0,0,0,0,0,0,0,0,1,0,0,0
29,3,6,2,Old20,0,0,0,0,0,0,0,0,0,0,0,0,0,1,0,1,0,0,0
31,3,6,2,Old20,0,0,0,2,0,0,0,0,0,0,0,0,0,0,0,0,0,0,0
33,3,6,2,Old20,0,0,0,1,0,0,0,0,0,0,0,0,0,0,0,0,0,0,0
35,3,6,2,Old20,0,0,0,3,0,0,0,0,0,0,0,0,0,0,0,0,0,0,0
36,3,6,2,Old20,0,0,0,0,0,0,0,0,0,0,0,0,0,0,0,0,0,0,0
25,3,6,3,Old20,0,0,2,0,0,0,0,0,0,0,0,0,0,0,0,0,0,0,0
27,3,6,3,Old20,0,0,2,0,0,0,0,0,0,0,0,0,0,0,0,0,0,0,0
29,3,6,3,Old20,0,0,0,0,0,0,0,0,0,0,0,0,0,1,0,2,0,0,0
31,3,6,3,Old20,0,0,0,0,0,0,0,0,0,0,0,0,0,0,0,0,0,0,0
33,3,6,3,Old20,0,0,0,3,0,0,0,0,0,0,0,0,0,0,0,0,0,0,0
35,3,6,3,Old20,0,0,0,1,0,0,0,0,0,0,0,0,0,0,0,0,0,0,0
36,3,6,3,Old20,0,0,0,1,0,0,0,0,0,0,0,0,0,0,0,0,0,0,0
25,3,6,4,Old20,0,0,3,0,0,0,0,0,0,0,0,0,0,0,0,0,0,0,0
27,3,6,4,Old20,0,0,1,0,0,0,0,0,0,0,0,0,0,0,0,0,0,0,0
29,3,6,4,Old20,0,0,0,1,0,0,0,0,0,0,0,0,0,0,0,0,0,0,0
31,3,6,4,Old20,0,0,0,0,0,0,0,0,0,0,0,0,0,0,0,0,0,0,0
33,3,6,4,Old20,0,0,0,8,0,0,0,0,0,0,0,0,0,1,0,0,0,0,0
35,3,6,4,Old20,0,0,0,3,0,0,0,0,0,0,0,0,0,0,0,0,0,0,0
36,3,6,4,Old20,0,0,0,0,0,0,0,0,0,0,0,0,0,0,0,0,0,0,0
25,3,6,5,Old20,0,0,0,0,0,0,0,0,0,0,0,0,0,0,1,0,0,0,0
27,3,6,5,Old20,0,0,0,0,0,0,0,0,0,0,0,0,0,0,0,0,0,0,0
29,3,6,5,Old20,0,0,0,0,0,0,1,0,0,0,0,0,0,0,0,0,0,0,0
31,3,6,5,Old20,0,0,0,0,0,0,0,0,0,0,0,0,0,0,0,0,0,0,0
33,3,6,5,Old20,0,0,0,5,0,0,0,0,0,0,0,0,0,0,0,0,0,0,0
35,3,6,5,Old20,0,0,0,2,0,0,0,0,0,0,0,0,0,0,1,0,0,0,0
36,3,6,5,Old20,0,0,0,0,0,0,0,0,0,0,0,0,0,0,0,0,0,0,0
25,4,1,1,Old20,0,0,1,0,0,0,0,0,0,0,0,0,0,0,0,0,0,0,0
27,4,1,1,Old20,0,0,0,0,0,0,0,0,0,0,0,0,0,0,0,0,0,0,0
29,4,1,1,Old20,0,0,0,0,0,0,0,0,0,0,0,0,0,0,0,0,0,0,0
31,4,1,1,Old20,0,0,0,1,0,0,0,0,0,0,0,0,0,0,0,6,0,0,0
33,4,1,1,Old20,0,0,0,5,0,0,0,0,0,0,0,0,0,0,0,1,1,0,0
35,4,1,1,Old20,0,0,0,0,0,0,0,0,0,0,0,0,0,1,0,0,0,0,0
36,4,1,1,Old20,0,0,0,0,0,0,0,0,0,0,0,0,0,0,0,0,1,0,0
25,4,1,2,Old20,0,0,0,0,0,0,0,0,0,0,0,0,0,0,1,0,0,0,0
27,4,1,2,Old20,0,0,1,0,0,0,0,0,0,0,0,0,0,0,0,0,0,0,0
28,4,1,2,Old20,0,0,0,0,0,0,0,0,0,0,0,0,0,0,0,0,0,0,0
31,4,1,2,Old20,0,0,0,0,0,0,0,0,0,0,0,0,0,0,0,0,1,0,0
33,4,1,2,Old20,0,0,0,3,0,0,0,0,0,0,0,0,0,0,0,0,0,0,0
35,4,1,2,Old20,0,0,0,1,0,0,0,0,0,0,0,0,0,0,0,0,0,0,0
36,4,1,2,Old20,0,0,0,0,0,0,0,0,0,0,0,0,0,0,0,0,0,0,0
25,4,1,3,Old20,0,0,0,0,0,0,0,0,0,0,0,0,0,0,0,0,0,0,0
27,4,1,3,Old20,0,0,1,0,0,0,0,0,0,0,0,0,0,0,0,0,0,0,0
28,4,1,3,Old20,0,0,1,1,0,0,0,0,0,0,0,0,0,0,0,0,0,0,0
31,4,1,3,Old20,0,0,0,1,0,0,0,0,0,0,0,0,0,1,0,3,0,0,0
33,4,1,3,Old20,0,0,0,1,0,0,0,0,0,0,0,0,0,0,0,0,0,0,0
35,4,1,3,Old20,0,0,0,2,0,0,0,0,0,0,0,0,0,0,0,0,0,0,0
36,4,1,3,Old20,0,0,0,0,0,0,0,0,0,0,0,0,0,0,0,0,0,0,0
25,4,1,4,Old20,0,0,1,0,0,0,0,0,0,0,0,0,1,0,0,0,0,0,0
27,4,1,4,Old20,0,0,0,0,0,0,0,0,0,0,0,0,0,0,0,0,0,0,0
28,4,1,4,Old20,0,0,1,0,0,0,0,0,0,0,0,0,1,0,0,3,0,0,0
31,4,1,4,Old20,0,0,0,0,0,0,0,0,0,0,0,0,0,0,0,0,0,0,0
33,4,1,4,Old20,0,0,0,2,0,0,0,0,0,0,0,0,0,0,0,0,0,0,0
35,4,1,4,Old20,0,0,0,4,0,0,0,0,0,0,0,0,0,0,0,0,0,0,0
36,4,1,4,Old20,0,0,0,0,0,0,0,0,0,0,0,0,0,0,0,0,0,0,0
25,4,1,5,Old20,0,0,0,0,0,0,0,0,0,0,0,0,0,0,0,0,0,0,0
27,4,1,5,Old20,0,0,5,0,0,0,0,0,0,0,0,0,0,0,0,0,0,0,0
28,4,1,5,Old20,0,0,0,0,0,0,0,0,0,0,0,0,0,0,0,2,0,0,0
31,4,1,5,Old20,0,0,0,0,0,0,0,0,0,0,0,0,0,0,0,0,0,0,0
33,4,1,5,Old20,0,0,0,2,0,0,0,0,0,0,0,0,0,0,0,1,0,0,0
35,4,1,5,Old20,0,0,0,1,0,0,0,0,0,0,0,0,0,1,2,0,0,0,0
36,4,1,5,Old20,0,0,0,0,0,0,0,0,0,0,0,0,0,0,0,0,0,0,0
25,4,2,1,Old20,0,0,0,0,0,0,0,0,0,0,0,0,0,0,0,0,0,0,0
27,4,2,1,Old20,0,0,2,0,0,0,0,0,0,0,0,0,0,0,0,1,0,0,0
31,4,2,1,Old20,0,0,0,0,0,0,0,0,0,0,0,0,0,0,0,2,1,0,1
33,4,2,1,Old20,0,0,0,0,0,0,0,0,0,0,0,0,0,0,0,0,0,0,0
35,4,2,1,Old20,0,0,0,1,0,0,0,0,0,0,0,0,0,0,2,0,0,0,0
36,4,2,1,Old20,0,0,0,0,0,0,0,0,0,0,0,0,0,0,0,0,0,0,0
25,4,2,2,Old20,0,0,1,0,0,0,0,0,0,0,0,0,0,0,0,0,0,0,0
27,4,2,2,Old20,0,0,4,0,0,0,0,0,0,0,0,0,0,0,0,0,0,0,0
31,4,2,2,Old20,0,0,0,0,0,0,0,0,0,0,0,0,0,0,0,1,0,0,0
33,4,2,2,Old20,0,0,0,0,0,0,0,0,0,0,0,0,0,0,0,0,1,0,0
35,4,2,2,Old20,0,0,0,1,0,0,0,0,0,0,0,0,0,0,1,0,0,1,0
36,4,2,2,Old20,0,0,0,0,0,0,0,0,0,0,0,0,0,0,0,0,0,0,0
25,4,2,3,Old20,0,0,2,0,0,0,0,0,0,0,0,0,0,0,0,0,0,0,0
27,4,2,3,Old20,0,0,0,0,0,0,0,0,0,0,0,0,1,0,0,0,0,0,0
31,4,2,3,Old20,0,0,0,0,0,0,0,0,0,0,0,0,0,0,0,0,1,0,0
33,4,2,3,Old20,0,0,0,2,0,0,0,0,0,0,0,0,0,0,0,0,0,0,0
35,4,2,3,Old20,0,0,0,1,0,0,0,0,0,0,0,0,0,0,0,0,0,0,0
36,4,2,3,Old20,0,0,0,0,0,0,0,0,0,0,0,0,0,0,0,0,0,0,0
25,4,2,4,Old20,0,0,0,0,0,0,0,0,0,0,0,0,0,0,0,0,0,0,0
27,4,2,4,Old20,0,0,0,0,0,0,0,0,0,0,0,0,0,0,0,0,0,0,0
31,4,2,4,Old20,0,0,0,0,0,0,0,0,0,0,0,0,0,0,0,1,0,0,0
33,4,2,4,Old20,0,0,0,0,0,0,0,0,0,0,0,0,0,0,0,0,1,0,0
35,4,2,4,Old20,0,0,0,0,0,0,0,0,0,0,0,0,0,1,1,0,0,0,0
36,4,2,4,Old20,0,0,0,0,0,0,0,0,0,0,0,0,0,0,0,0,0,1,0
25,4,2,5,Old20,0,0,0,0,0,0,0,0,0,0,0,0,0,0,0,0,0,0,0
27,4,2,5,Old20,0,0,2,0,0,0,0,0,3,0,0,0,0,0,0,0,0,0,0
31,4,2,5,Old20,0,0,0,0,0,0,0,0,0,0,0,0,0,0,0,0,0,0,0
33,4,2,5,Old20,0,0,0,1,0,0,0,0,0,0,0,0,0,0,0,0,0,0,0
35,4,2,5,Old20,0,0,0,0,0,0,0,0,0,0,0,0,0,1,0,0,0,0,0
36,4,2,5,Old20,0,0,0,0,0,0,0,0,0,0,0,0,0,0,0,0,0,0,0
25,4,3,1,Old20,0,0,1,0,0,0,0,0,0,0,0,0,0,0,0,0,0,0,0
27,4,3,1,Old20,0,0,1,0,0,0,0,0,0,0,0,0,0,0,0,0,0,0,0
31,4,3,1,Old20,0,0,0,0,0,0,0,0,0,0,0,0,0,1,0,1,0,0,0
33,4,3,1,Old20,0,0,0,4,0,0,0,0,0,0,0,0,0,0,0,0,0,0,0
35,4,3,1,Old20,0,0,0,4,0,0,0,0,0,0,0,0,0,0,0,0,0,0,0
36,4,3,1,Old20,0,0,0,0,0,0,0,0,0,0,0,0,0,0,0,0,0,0,0
25,4,3,2,Old20,0,0,0,0,0,0,0,0,0,0,0,0,1,0,0,0,0,0,0
27,4,3,2,Old20,0,0,3,0,0,0,0,0,0,0,0,0,0,0,0,0,0,0,0
31,4,3,2,Old20,0,0,0,0,0,0,0,0,1,0,0,0,0,1,0,3,1,0,0
33,4,3,2,Old20,0,0,0,2,0,0,0,0,0,0,0,0,0,0,0,0,0,0,0
35,4,3,2,Old20,0,0,0,1,0,0,0,0,0,0,0,0,0,0,1,0,0,0,0
36,4,3,2,Old20,0,0,0,0,0,0,0,0,0,0,0,0,0,0,0,0,0,0,0
25,4,3,3,Old20,0,0,0,0,0,0,0,0,0,0,0,0,0,0,0,0,0,0,0
27,4,3,3,Old20,0,0,0,0,0,0,0,0,1,0,0,0,0,0,0,0,0,0,0
31,4,3,3,Old20,0,0,0,0,0,0,0,0,0,0,0,0,0,0,0,0,1,0,0
33,4,3,3,Old20,0,0,0,7,0,0,0,0,0,0,0,0,0,0,0,0,0,0,0
35,4,3,3,Old20,0,0,0,1,0,0,0,0,0,0,0,0,0,0,1,0,0,0,0
36,4,3,3,Old20,0,0,0,0,0,0,0,0,0,0,0,0,0,0,0,0,0,0,0
25,4,3,4,Old20,0,0,2,0,0,0,0,0,0,0,0,0,0,0,0,0,0,0,0
27,4,3,4,Old20,0,0,0,0,0,0,0,0,1,0,0,0,0,0,0,0,0,0,0
31,4,3,4,Old20,0,0,0,0,0,0,0,0,0,0,0,0,0,0,0,1,0,0,0
33,4,3,4,Old20,0,0,0,7,0,0,0,0,0,0,0,0,0,1,0,0,1,0,0
35,4,3,4,Old20,0,0,0,5,0,0,0,0,0,0,0,0,0,0,0,0,0,0,0
36,4,3,4,Old20,0,0,0,0,0,0,0,0,0,0,0,0,0,0,0,0,0,0,0
25,4,3,5,Old20,0,0,0,0,0,0,0,0,0,0,0,0,0,0,0,0,0,0,0
27,4,3,5,Old20,0,0,0,0,0,0,0,0,0,0,0,0,0,0,0,0,0,0,0
31,4,3,5,Old20,0,0,0,0,0,0,0,0,0,0,1,0,0,0,0,3,0,0,0
33,4,3,5,Old20,0,0,0,2,0,0,0,0,0,0,0,0,0,2,0,0,1,0,0
35,4,3,5,Old20,0,0,0,1,0,0,0,0,0,0,0,0,0,0,1,0,0,0,0
36,4,3,5,Old20,0,0,0,0,0,0,0,0,0,0,0,0,0,0,0,0,0,0,0
25,4,4,1,Old20,0,0,2,0,0,0,0,0,0,0,0,0,0,0,0,0,0,0,0
27,4,4,1,Old20,0,0,2,0,0,0,0,0,0,0,0,0,0,0,0,0,0,0,0
31,4,4,1,Old20,0,0,0,0,0,0,0,0,0,0,0,0,0,0,0,3,0,0,0
33,4,4,1,Old20,0,0,0,2,0,0,0,0,0,0,0,0,0,0,0,0,0,0,0
35,4,4,1,Old20,0,0,0,1,0,0,0,0,0,0,0,0,0,0,0,0,0,0,0
36,4,4,1,Old20,0,0,0,0,0,0,0,0,0,0,0,0,0,0,0,0,0,0,0
25,4,4,2,Old20,0,0,1,0,0,0,0,0,1,0,0,0,0,0,0,0,0,0,0
27,4,4,2,Old20,0,0,1,0,0,0,0,0,0,0,0,0,0,0,0,1,0,0,0
31,4,4,2,Old20,0,0,0,1,0,0,0,0,0,0,0,0,0,0,0,0,0,0,0
33,4,4,2,Old20,0,0,0,2,0,0,0,0,0,0,0,0,0,0,0,0,0,0,0
35,4,4,2,Old20,0,0,0,0,0,0,0,0,0,0,0,0,0,0,0,0,0,0,0
36,4,4,2,Old20,0,0,0,0,0,0,0,0,0,0,0,0,0,0,0,0,0,0,0
25,4,4,3,Old20,0,0,0,0,0,0,0,0,0,0,0,0,0,0,0,0,0,0,0
27,4,4,3,Old20,0,0,0,0,0,0,0,0,0,0,0,0,0,0,0,1,0,0,0
31,4,4,3,Old20,0,0,0,0,0,0,0,0,0,0,0,0,0,0,0,2,0,0,0
33,4,4,3,Old20,0,0,0,5,0,0,0,0,0,0,0,0,0,0,0,0,0,0,0
35,4,4,3,Old20,0,0,0,2,0,0,0,0,0,0,0,0,0,0,0,0,0,0,0
36,4,4,3,Old20,0,0,0,0,0,0,0,0,0,0,0,0,0,0,0,0,0,0,0
25,4,4,4,Old20,0,0,0,0,0,0,0,0,0,0,0,0,0,0,0,0,0,0,0
27,4,4,4,Old20,0,0,3,0,0,0,0,0,0,0,0,0,0,0,0,0,0,0,0
31,4,4,4,Old20,0,0,0,0,0,0,0,0,0,0,0,0,0,0,0,2,1,0,0
33,4,4,4,Old20,0,0,0,0,0,0,0,0,0,0,0,0,0,1,0,0,2,0,0
35,4,4,4,Old20,0,0,0,0,0,0,0,0,0,0,0,0,0,1,1,0,0,0,0
36,4,4,4,Old20,0,0,0,0,0,0,0,0,0,0,0,0,0,0,0,0,0,0,0
25,4,4,5,Old20,0,0,0,0,0,0,0,0,0,0,0,0,0,0,0,0,0,0,0
27,4,4,5,Old20,0,0,3,0,0,0,0,0,0,0,0,0,0,0,0,0,0,0,0
31,4,4,5,Old20,0,0,0,0,0,0,0,0,0,0,0,0,0,0,0,3,1,0,2
33,4,4,5,Old20,0,0,0,0,0,0,0,0,0,0,0,0,0,1,0,0,0,0,0
35,4,4,5,Old20,0,0,0,1,0,0,0,0,0,0,0,0,0,0,1,0,0,0,0
36,4,4,5,Old20,0,0,0,0,0,0,0,0,0,0,0,0,0,0,0,0,0,0,0
25,4,5,1,Old20,0,0,0,0,0,0,0,0,0,0,0,0,0,0,0,0,0,0,0
27,4,5,1,Old20,0,0,2,0,0,0,0,0,0,0,0,0,0,0,0,0,0,0,0
31,4,5,1,Old20,0,0,0,1,0,0,0,0,0,0,0,0,0,0,0,0,0,0,0
33,4,5,1,Old20,0,0,0,1,0,0,0,0,0,0,0,0,0,0,0,0,0,0,0
35,4,5,1,Old20,0,0,0,0,0,0,0,0,0,0,0,0,0,1,0,0,0,0,0
36,4,5,1,Old20,0,0,0,0,0,0,0,0,0,0,0,0,0,0,0,0,0,0,0
25,4,5,2,Old20,0,0,0,0,0,0,0,0,0,0,0,0,0,0,0,0,0,0,0
27,4,5,2,Old20,0,0,0,0,0,0,0,0,0,0,0,0,0,0,0,0,0,0,0
31,4,5,2,Old20,0,0,0,0,0,0,0,0,0,0,0,0,0,0,0,0,0,0,0
33,4,5,2,Old20,0,0,0,0,0,0,0,0,0,0,0,0,0,0,0,0,0,0,0
35,4,5,2,Old20,0,0,0,2,0,0,1,0,0,0,0,0,0,0,0,0,0,0,0
36,4,5,2,Old20,0,0,0,0,0,0,0,0,0,0,0,0,0,0,0,0,0,0,0
25,4,5,3,Old20,0,0,0,0,0,0,0,0,0,0,0,0,0,0,0,0,0,0,0
27,4,5,3,Old20,0,0,1,0,0,0,0,0,0,0,0,0,0,0,0,0,0,0,0
31,4,5,3,Old20,0,0,0,0,0,0,0,0,1,0,0,0,1,0,0,4,0,0,0
33,4,5,3,Old20,0,0,0,3,0,0,0,0,0,0,0,0,0,1,0,0,0,0,0
35,4,5,3,Old20,0,0,0,1,0,0,0,0,0,0,0,0,0,0,0,0,0,0,0
36,4,5,3,Old20,0,0,0,0,0,0,0,0,0,0,0,0,0,0,0,0,0,0,0
25,4,5,4,Old20,0,0,0,0,0,0,0,0,0,0,0,0,0,0,0,0,0,0,0
27,4,5,4,Old20,0,0,0,0,0,0,0,0,0,0,0,0,0,0,0,1,0,0,0
31,4,5,4,Old20,0,0,0,0,0,0,0,0,0,0,0,0,0,0,0,0,0,0,0
33,4,5,4,Old20,0,0,0,1,0,0,0,0,0,0,0,0,0,0,0,0,0,0,0
35,4,5,4,Old20,0,0,0,1,0,0,0,0,0,0,0,0,0,0,0,0,0,0,0
36,4,5,4,Old20,0,0,0,0,0,0,0,0,0,0,0,0,0,0,0,0,0,0,0
25,4,5,5,Old20,0,0,0,0,0,0,0,0,0,0,0,0,0,0,0,0,0,0,0
27,4,5,5,Old20,0,0,0,0,0,0,0,0,0,0,0,0,0,0,0,0,0,0,0
31,4,5,5,Old20,0,0,0,0,0,0,0,0,0,0,0,0,1,0,0,0,0,0,0
33,4,5,5,Old20,0,0,0,1,0,0,0,0,0,0,0,0,0,1,0,0,0,0,0
35,4,5,5,Old20,0,0,0,4,0,0,0,0,0,0,0,0,0,0,1,0,0,0,0
36,4,5,5,Old20,0,0,0,1,0,0,0,0,0,0,0,0,0,0,0,0,0,0,0
25,4,6,1,Old20,0,0,1,0,0,0,0,0,0,0,0,0,0,0,0,0,0,0,0
27,4,6,1,Old20,0,0,0,0,0,0,0,0,0,0,0,0,0,0,0,1,0,0,0
31,4,6,1,Old20,0,0,0,0,0,0,0,0,0,0,0,0,0,0,0,0,0,0,0
33,4,6,1,Old20,0,0,0,2,0,0,0,0,0,0,0,0,0,0,0,0,0,0,0
35,4,6,1,Old20,0,0,0,1,0,0,0,0,0,0,0,0,0,0,2,0,0,0,0
36,4,6,1,Old20,0,0,0,0,0,0,0,0,0,0,0,0,0,0,0,0,0,0,0
25,4,6,2,Old20,0,0,0,0,0,0,0,0,1,0,0,0,0,0,0,0,0,0,0
27,4,6,2,Old20,0,0,2,0,0,0,0,0,0,0,0,0,0,0,0,0,0,0,0
31,4,6,2,Old20,0,0,0,0,0,0,0,0,0,0,0,0,0,0,0,1,0,0,0
33,4,6,2,Old20,0,0,0,1,0,0,0,0,0,0,0,0,0,1,0,0,0,0,0
35,4,6,2,Old20,0,0,0,1,0,0,0,0,0,0,0,0,0,0,0,0,0,0,0
36,4,6,2,Old20,0,0,0,0,0,0,0,0,0,0,0,0,0,0,0,0,0,0,0
25,4,6,3,Old20,0,0,0,0,0,0,0,0,0,0,0,0,1,0,0,0,0,0,0
27,4,6,3,Old20,0,0,0,0,0,0,0,0,0,0,0,0,0,0,0,0,0,0,0
31,4,6,3,Old20,0,0,0,0,0,0,0,0,0,0,0,0,0,0,0,0,0,0,0
33,4,6,3,Old20,0,0,0,2,0,0,0,0,0,0,0,0,0,0,0,0,0,0,0
35,4,6,3,Old20,0,0,0,0,0,0,0,0,0,0,0,0,0,0,1,0,0,0,0
36,4,6,3,Old20,0,0,0,0,0,0,0,0,0,0,0,0,0,0,0,0,0,0,0
25,4,6,4,Old20,0,0,1,0,0,0,0,0,0,0,0,0,0,0,0,0,0,0,0
27,4,6,4,Old20,0,0,0,0,0,0,0,0,0,0,0,0,0,0,0,0,0,0,0
31,4,6,4,Old20,0,0,0,0,0,0,0,0,0,0,0,0,0,0,0,1,0,0,0
33,4,6,4,Old20,0,0,0,1,0,0,0,0,0,0,0,0,0,0,0,0,1,0,0
35,4,6,4,Old20,0,0,0,0,0,0,0,0,0,0,0,0,0,0,0,0,0,0,0
36,4,6,4,Old20,0,0,0,0,0,0,0,0,0,0,0,0,0,0,0,0,0,0,0
25,4,6,5,Old20,0,0,3,0,0,0,0,0,1,0,0,0,0,0,0,0,0,0,0
27,4,6,5,Old20,0,0,1,0,0,0,0,0,0,0,0,0,0,0,0,0,0,0,0
31,4,6,5,Old20,0,0,0,1,0,0,0,0,0,0,0,0,0,0,0,2,0,0,0
33,4,6,5,Old20,0,0,0,4,0,0,0,0,0,0,0,0,0,0,1,0,1,0,0
35,4,6,5,Old20,0,0,0,0,0,0,0,0,0,0,0,0,0,0,0,0,0,0,0
36,4,6,5,Old20,0,0,0,0,0,0,0,0,0,0,0,0,0,0,0,0,0,0,0
25,5,1,1,Old20,0,0,0,0,0,0,0,0,0,0,0,0,0,0,0,0,1,0,0
27,5,1,1,Old20,0,0,4,0,0,0,0,0,1,0,0,0,0,0,0,0,0,0,0
29,5,1,1,Old20,0,0,2,0,0,0,0,0,0,0,0,0,1,0,1,1,1,0,0
31,5,1,1,Old20,0,0,0,0,0,0,0,0,0,0,0,0,0,0,0,0,1,0,1
33,5,1,1,Old20,0,0,1,0,0,0,0,0,0,0,0,0,0,1,0,1,1,0,0
35,5,1,1,Old20,0,0,0,0,0,0,0,0,0,0,0,0,1,0,2,0,0,0,0
36,5,1,1,Old20,0,0,0,0,0,0,0,0,0,0,0,0,0,0,0,0,0,0,0
25,5,1,2,Old20,0,0,1,0,0,0,0,0,2,0,0,0,0,0,0,0,0,0,0
27,5,1,2,Old20,0,0,2,0,0,0,0,0,0,0,0,0,1,0,0,0,0,0,0
29,5,1,2,Old20,0,0,0,0,0,0,0,0,1,0,0,0,0,0,1,0,0,0,0
31,5,1,2,Old20,0,0,0,0,0,0,0,0,0,0,0,0,0,0,0,1,0,0,0
33,5,1,2,Old20,0,0,0,0,0,0,0,0,0,0,0,0,0,0,2,1,2,0,1
35,5,1,2,Old20,0,0,1,0,0,0,0,0,0,0,0,0,0,0,5,0,0,0,0
36,5,1,2,Old20,0,0,0,0,0,0,0,0,0,0,0,0,0,0,0,0,0,0,0
25,5,1,3,Old20,0,0,0,0,0,0,0,0,0,0,0,0,0,0,0,0,0,0,0
27,5,1,3,Old20,0,0,2,0,0,0,0,0,0,0,0,0,1,0,0,0,0,0,0
29,5,1,3,Old20,0,0,0,0,0,0,0,0,0,0,0,0,0,0,0,2,0,0,0
31,5,1,3,Old20,0,0,0,0,0,0,0,0,0,0,0,0,0,0,0,0,0,0,0
33,5,1,3,Old20,0,0,0,0,0,0,0,0,0,0,0,0,0,0,0,0,1,0,1
35,5,1,3,Old20,0,0,0,0,0,0,0,0,0,0,0,0,0,0,6,0,0,0,0
36,5,1,3,Old20,0,0,0,0,0,0,0,0,1,0,0,1,0,0,0,0,0,0,0
25,5,1,4,Old20,0,0,1,0,0,0,0,0,1,0,0,0,0,0,0,0,0,0,0
27,5,1,4,Old20,0,0,1,0,0,0,0,0,2,0,0,0,0,0,0,0,1,0,0
29,5,1,4,Old20,0,0,1,0,0,0,0,0,0,0,0,0,0,0,0,0,0,0,0
31,5,1,4,Old20,0,0,0,0,0,0,0,0,0,0,0,0,0,0,0,0,1,0,0
33,5,1,4,Old20,0,0,0,0,0,0,0,0,1,0,0,0,1,1,0,3,1,0,0
35,5,1,4,Old20,0,0,0,0,0,0,0,0,0,0,0,0,1,0,6,0,0,0,0
36,5,1,4,Old20,0,0,0,0,0,0,0,0,1,0,0,0,0,0,2,0,0,0,0
25,5,1,5,Old20,0,0,1,0,0,0,0,0,1,0,0,0,0,0,0,0,0,0,0
27,5,1,5,Old20,0,0,6,0,0,0,0,0,0,0,0,0,0,0,1,0,0,0,0
29,5,1,5,Old20,0,0,0,0,0,0,0,0,0,0,0,0,0,0,0,1,1,0,0
31,5,1,5,Old20,0,0,0,0,0,0,0,0,0,0,0,0,0,0,0,0,2,0,0
33,5,1,5,Old20,0,0,0,0,0,0,0,0,0,0,0,0,0,0,0,0,0,0,0
35,5,1,5,Old20,0,0,0,0,0,0,0,0,0,0,0,0,0,0,7,0,0,0,0
36,5,1,5,Old20,0,0,0,0,0,0,0,0,0,0,0,0,0,0,0,0,0,0,0
25,5,2,1,Old20,0,0,2,0,0,0,0,0,1,0,0,0,0,0,0,0,0,0,0
27,5,2,1,Old20,0,0,4,0,0,0,0,0,0,0,0,0,3,0,2,0,1,0,0
29,5,2,1,Old20,0,0,9,0,0,0,0,0,0,0,0,0,0,0,0,2,0,0,0
31,5,2,1,Old20,0,0,0,0,0,0,0,0,0,0,0,0,0,0,0,1,1,0,1
33,5,2,1,Old20,0,0,1,0,0,0,0,0,0,0,0,0,0,0,1,0,1,0,0
35,5,2,1,Old20,0,0,0,0,0,0,0,0,0,0,0,0,0,0,13,0,0,0,0
36,5,2,1,Old20,0,0,0,0,0,0,0,0,0,0,0,0,0,0,0,0,0,0,0
25,5,2,2,Old20,0,0,1,1,0,0,0,0,0,0,0,0,0,0,0,0,0,0,0
27,5,2,2,Old20,0,0,3,0,0,0,0,0,0,0,0,0,0,0,0,1,1,0,0
29,5,2,2,Old20,0,0,2,0,0,0,0,0,0,0,0,0,0,0,0,1,2,0,0
31,5,2,2,Old20,0,0,1,0,0,0,0,0,0,0,0,0,0,0,0,4,2,0,0
33,5,2,2,Old20,0,0,2,0,0,0,1,0,0,0,0,0,0,1,2,0,8,0,1
35,5,2,2,Old20,0,0,1,0,0,0,0,0,3,0,0,0,1,1,9,0,1,0,0
36,5,2,2,Old20,0,0,0,1,0,0,0,0,0,0,0,0,0,0,0,0,0,0,0
25,5,2,3,Old20,0,0,1,0,0,0,0,0,0,0,0,0,0,0,0,0,0,0,0
27,5,2,3,Old20,0,0,0,0,0,0,0,0,1,0,0,0,0,0,0,0,0,0,0
29,5,2,3,Old20,0,0,1,0,0,0,0,0,0,0,0,0,0,0,0,1,0,0,0
31,5,2,3,Old20,0,0,1,0,0,0,0,0,0,0,0,0,1,0,0,1,2,0,1
33,5,2,3,Old20,0,0,3,0,0,0,0,0,0,0,0,0,0,0,3,0,3,0,0
35,5,2,3,Old20,0,0,0,0,0,0,0,0,0,0,0,0,0,0,10,0,1,0,0
36,5,2,3,Old20,0,0,0,0,0,0,0,0,0,0,0,0,0,0,0,0,0,0,0
25,5,2,4,Old20,0,0,0,0,0,0,0,0,0,0,0,0,0,0,0,0,0,0,0
27,5,2,4,Old20,0,0,4,0,0,0,0,0,0,0,0,0,0,0,0,0,0,0,0
29,5,2,4,Old20,0,0,0,0,0,0,0,0,0,0,0,0,0,0,0,0,2,0,0
31,5,2,4,Old20,0,0,0,0,0,0,0,0,0,0,0,0,0,0,0,0,3,0,0
33,5,2,4,Old20,0,0,1,1,0,0,0,0,0,0,0,0,0,0,0,4,3,0,0
35,5,2,4,Old20,0,0,0,0,0,0,0,0,2,0,0,0,0,0,8,0,0,0,0
36,5,2,4,Old20,0,0,0,0,0,0,0,0,0,0,0,0,0,0,1,0,0,0,0
25,5,2,5,Old20,0,0,0,2,0,0,0,0,0,0,0,0,0,0,0,0,0,0,0
27,5,2,5,Old20,0,0,0,0,0,0,0,0,0,0,0,0,0,0,0,0,0,0,0
29,5,2,5,Old20,0,0,0,0,0,0,0,0,0,0,0,0,0,0,1,0,1,0,0
31,5,2,5,Old20,0,0,4,0,0,0,0,0,0,0,0,0,0,1,0,1,0,0,0
33,5,2,5,Old20,0,0,1,0,0,0,0,0,0,0,0,0,1,0,2,1,2,0,0
35,5,2,5,Old20,0,0,0,0,0,0,0,0,1,0,0,0,0,0,10,0,0,0,0
36,5,2,5,Old20,0,0,0,0,0,0,0,0,0,0,0,0,0,0,0,0,0,0,0
25,5,3,1,Old20,0,0,1,0,0,0,0,0,0,0,0,0,0,0,0,0,0,0,0
27,5,3,1,Old20,0,0,1,0,0,0,0,0,0,0,0,0,0,0,0,2,0,0,0
29,5,3,1,Old20,0,0,0,0,0,0,0,0,0,0,0,0,0,0,0,0,1,0,0
31,5,3,1,Old20,0,0,0,0,0,0,0,0,0,0,0,0,1,0,0,1,2,0,0
33,5,3,1,Old20,0,0,2,0,0,0,0,0,2,0,0,0,0,0,1,1,5,0,0
35,5,3,1,Old20,0,0,1,0,0,0,0,0,0,0,0,0,2,1,3,1,2,0,0
36,5,3,1,Old20,0,0,0,0,0,0,0,0,1,0,0,0,0,0,0,0,0,0,0
25,5,3,2,Old20,0,0,3,0,0,0,0,0,0,0,0,0,0,0,0,0,0,0,0
27,5,3,2,Old20,0,0,1,0,0,0,0,0,0,0,0,0,0,0,0,1,0,0,1
29,5,3,2,Old20,0,0,0,0,0,0,0,0,1,0,0,0,1,0,0,1,1,0,0
31,5,3,2,Old20,0,0,0,0,0,0,0,0,0,0,0,0,0,0,0,1,1,0,0
33,5,3,2,Old20,0,0,0,1,0,0,0,0,0,0,0,0,0,1,1,0,0,0,0
35,5,3,2,Old20,0,0,0,0,0,0,0,0,0,0,0,0,0,2,6,0,0,0,0
36,5,3,2,Old20,0,0,0,0,0,0,1,0,0,0,0,0,0,1,0,0,0,0,0
25,5,3,3,Old20,0,0,1,0,0,0,0,0,0,0,0,0,0,0,0,0,0,0,0
27,5,3,3,Old20,0,0,3,0,0,0,0,0,0,0,0,0,0,0,0,2,1,0,0
29,5,3,3,Old20,0,0,0,0,0,0,0,0,1,0,0,0,2,0,1,3,0,0,0
31,5,3,3,Old20,0,0,0,0,0,0,0,0,0,0,0,0,0,0,1,1,1,0,0
33,5,3,3,Old20,0,0,1,0,0,0,0,0,0,0,0,0,0,1,1,0,2,0,0
35,5,3,3,Old20,0,0,0,0,0,0,0,0,0,0,0,0,1,0,4,1,0,0,0
36,5,3,3,Old20,0,0,1,0,0,0,0,0,0,0,0,0,0,0,0,0,1,0,0
25,5,3,4,Old20,0,0,3,0,0,0,0,0,0,0,0,0,0,0,0,0,0,0,0
27,5,3,4,Old20,0,0,1,0,0,0,0,0,0,0,0,0,0,0,0,1,0,0,0
29,5,3,4,Old20,0,0,1,0,0,0,0,0,1,0,0,0,0,0,1,1,0,0,0
31,5,3,4,Old20,0,0,4,0,0,0,0,0,1,0,0,0,0,0,0,0,1,0,0
33,5,3,4,Old20,0,0,0,0,0,0,0,0,0,0,0,0,0,0,0,0,4,0,0
35,5,3,4,Old20,0,0,0,0,0,0,0,0,1,0,0,0,0,1,4,0,0,0,0
36,5,3,4,Old20,0,0,1,0,0,0,0,0,0,0,0,0,0,0,0,0,0,0,0
25,5,3,5,Old20,0,0,0,0,0,0,0,0,0,0,0,0,0,0,0,0,2,0,0
27,5,3,5,Old20,0,0,2,0,0,0,0,0,1,0,0,0,0,0,0,1,0,0,0
29,5,3,5,Old20,0,0,1,0,0,0,0,0,1,0,0,0,0,0,0,1,1,0,0
31,5,3,5,Old20,0,0,0,0,0,0,0,0,0,0,0,0,1,1,0,4,0,0,0
33,5,3,5,Old20,0,0,0,0,0,0,0,0,2,0,0,0,0,0,0,0,0,0,0
35,5,3,5,Old20,0,0,1,0,0,0,0,0,0,0,0,0,1,1,3,0,0,0,0
36,5,3,5,Old20,0,0,0,0,0,0,0,0,0,0,0,0,0,0,0,0,0,0,0
25,5,4,1,Old20,0,0,1,0,0,0,0,0,0,0,0,0,0,0,0,0,0,0,0
27,5,4,1,Old20,0,0,0,0,0,0,0,0,0,0,0,0,0,0,0,0,0,0,0
29,5,4,1,Old20,0,0,1,0,0,0,0,0,0,0,0,0,0,1,0,1,1,0,0
31,5,4,1,Old20,0,0,0,0,0,0,0,0,0,0,0,0,1,0,0,0,5,0,0
33,5,4,1,Old20,0,0,0,0,0,0,0,0,0,0,0,0,0,0,1,1,2,0,0
35,5,4,1,Old20,0,0,0,0,0,0,0,0,1,0,0,0,0,0,1,0,0,0,0
36,5,4,1,Old20,0,0,0,0,0,0,0,0,0,0,0,0,0,0,0,0,0,0,0
25,5,4,2,Old20,0,0,0,0,0,0,0,0,0,0,0,0,0,0,0,0,0,0,0
27,5,4,2,Old20,0,0,2,0,0,0,0,0,0,0,0,0,0,0,0,2,0,0,0
29,5,4,2,Old20,0,0,3,0,0,0,0,0,0,0,0,0,0,0,0,0,0,0,0
31,5,4,2,Old20,0,0,0,0,0,0,0,0,0,0,0,0,0,0,1,2,0,0,0
33,5,4,2,Old20,0,0,1,0,0,0,0,0,1,0,0,0,0,0,0,0,2,0,0
35,5,4,2,Old20,0,0,0,0,0,0,1,0,0,0,0,0,0,0,2,0,0,0,0
36,5,4,2,Old20,0,0,0,0,0,0,0,0,0,0,0,0,0,0,1,0,0,0,0
25,5,4,3,Old20,0,0,1,0,0,0,0,0,1,0,0,0,0,0,0,0,0,0,0
27,5,4,3,Old20,0,0,2,0,0,0,0,0,2,0,0,0,0,0,1,1,1,0,0
29,5,4,3,Old20,0,0,2,0,0,0,0,0,1,0,0,0,1,0,0,0,0,0,0
31,5,4,3,Old20,0,0,1,0,0,0,0,0,0,0,0,0,0,0,0,0,3,0,0
33,5,4,3,Old20,0,0,0,0,0,0,0,0,1,0,0,0,0,2,0,0,1,0,0
35,5,4,3,Old20,0,0,0,0,0,0,0,0,2,0,0,0,0,0,2,1,0,0,0
36,5,4,3,Old20,0,0,0,0,0,0,0,0,1,0,0,0,0,0,2,0,1,0,0
25,5,4,4,Old20,0,0,1,0,0,0,0,0,0,0,0,0,0,0,0,0,0,0,0
27,5,4,4,Old20,0,0,2,0,0,0,0,0,0,0,0,0,0,0,0,1,0,0,0
29,5,4,4,Old20,0,0,0,0,0,0,0,0,0,0,0,0,0,0,0,0,0,0,0
31,5,4,4,Old20,0,0,0,0,0,0,0,0,0,0,0,2,0,0,0,0,0,0,1
33,5,4,4,Old20,0,0,1,0,0,0,1,0,1,0,0,0,0,1,0,1,1,0,0
35,5,4,4,Old20,0,0,0,0,0,0,0,0,0,0,0,0,0,0,4,0,1,0,0
36,5,4,4,Old20,0,0,0,0,0,0,0,0,0,0,0,0,0,0,0,0,0,0,0
25,5,4,5,Old20,0,0,0,1,0,0,0,0,1,0,0,0,0,0,0,0,0,1,0
27,5,4,5,Old20,0,0,7,0,0,0,0,0,0,0,0,0,0,0,4,1,1,0,0
29,5,4,5,Old20,0,0,0,0,0,0,0,0,0,0,0,0,0,0,0,2,0,0,0
31,5,4,5,Old20,0,0,0,0,0,0,0,0,0,0,0,0,0,1,0,0,0,0,0
33,5,4,5,Old20,0,0,0,0,0,0,0,0,0,0,0,0,0,0,0,0,0,0,0
35,5,4,5,Old20,0,0,0,0,0,0,0,0,0,0,0,0,0,0,3,0,0,0,0
36,5,4,5,Old20,0,0,0,0,0,0,0,0,1,0,0,0,0,0,0,0,0,0,0
25,5,5,1,Old20,0,0,0,0,0,0,0,0,0,0,0,0,0,0,0,0,0,0,0
27,5,5,1,Old20,0,0,0,0,0,0,0,0,0,0,0,0,0,0,1,0,0,0,0
29,5,5,1,Old20,0,0,2,0,0,0,0,0,0,0,0,0,0,0,0,0,5,0,0
31,5,5,1,Old20,0,0,2,0,0,0,0,0,0,0,0,0,1,0,0,0,0,0,0
33,5,5,1,Old20,0,0,0,0,0,0,0,0,0,0,0,0,0,0,3,0,1,0,0
35,5,5,1,Old20,0,0,0,0,0,0,0,0,1,0,0,0,0,0,12,0,0,0,0
36,5,5,1,Old20,0,0,1,0,0,0,0,0,0,0,0,0,0,0,0,0,0,0,0
25,5,5,2,Old20,0,0,0,0,0,0,0,0,0,0,0,0,0,0,0,0,0,0,0
27,5,5,2,Old20,0,0,0,0,0,0,0,0,1,0,0,0,0,1,0,0,0,0,0
29,5,5,2,Old20,0,0,1,0,0,0,0,0,0,0,0,0,0,0,0,0,4,0,0
31,5,5,2,Old20,0,0,0,0,0,0,0,0,0,0,0,0,0,0,0,0,2,0,0
33,5,5,2,Old20,0,0,0,0,0,0,0,0,0,0,0,1,0,0,1,0,1,0,0
35,5,5,2,Old20,0,0,0,0,0,0,0,0,0,0,0,0,0,0,4,0,2,0,0
36,5,5,2,Old20,0,0,0,0,0,0,0,0,0,0,0,0,0,0,1,0,0,0,0
25,5,5,3,Old20,0,0,1,0,0,0,0,0,0,0,0,0,0,0,0,0,0,0,0
27,5,5,3,Old20,0,0,1,0,0,0,0,0,0,0,0,0,0,0,0,0,0,0,0
29,5,5,3,Old20,0,0,0,0,0,0,0,0,1,0,0,0,0,0,0,0,3,0,0
31,5,5,3,Old20,0,0,1,0,0,0,1,0,0,0,0,0,0,0,0,1,3,0,1
33,5,5,3,Old20,0,0,0,0,0,0,0,0,0,0,0,0,0,2,0,1,0,0,3
35,5,5,3,Old20,0,0,0,0,0,0,0,0,2,0,0,0,0,2,0,0,0,0,0
36,5,5,3,Old20,0,0,0,0,0,0,0,0,3,0,0,0,0,0,0,0,0,0,0
25,5,5,4,Old20,0,0,0,0,0,0,0,0,0,0,0,0,0,0,0,0,0,0,0
27,5,5,4,Old20,0,0,1,0,0,0,0,0,0,0,0,0,0,0,0,0,0,0,0
29,5,5,4,Old20,0,0,0,0,0,0,0,0,0,0,0,0,0,0,0,1,4,0,0
31,5,5,4,Old20,0,0,1,0,0,0,1,0,1,0,0,0,1,0,0,1,1,0,0
33,5,5,4,Old20,0,0,0,0,0,0,1,0,0,0,0,0,3,1,0,0,2,0,0
35,5,5,4,Old20,0,0,0,0,0,0,0,0,1,0,0,0,0,0,3,0,0,0,0
36,5,5,4,Old20,0,0,0,0,0,0,0,0,3,0,0,0,0,0,0,0,0,0,0
25,5,5,5,Old20,0,0,1,0,0,0,0,0,0,0,0,0,0,0,1,0,0,0,0
27,5,5,5,Old20,0,0,5,0,0,0,0,0,0,0,0,0,0,0,1,0,2,0,0
29,5,5,5,Old20,0,0,3,0,0,0,0,0,0,0,0,0,0,0,0,1,1,0,0
31,5,5,5,Old20,0,0,1,0,0,0,0,0,0,0,0,1,0,0,0,0,0,0,0
33,5,5,5,Old20,0,0,0,0,0,0,0,0,0,0,0,1,0,0,0,0,0,0,0
35,5,5,5,Old20,0,0,0,1,0,0,0,0,0,0,0,0,0,1,4,0,0,0,0
36,5,5,5,Old20,0,0,0,0,0,0,0,0,0,0,0,0,0,0,1,0,0,0,0
25,5,6,1,Old20,0,0,0,0,0,0,0,0,1,0,0,0,0,0,0,0,0,0,0
27,5,6,1,Old20,0,0,0,0,0,0,0,0,0,0,0,0,0,0,0,0,0,0,0
29,5,6,1,Old20,0,0,0,0,0,0,0,0,0,0,0,0,0,0,0,0,1,0,0
31,5,6,1,Old20,0,0,0,0,0,0,0,0,0,0,0,0,0,0,0,0,2,0,4
33,5,6,1,Old20,0,0,0,0,0,0,0,0,0,0,0,0,1,2,1,0,2,0,0
35,5,6,1,Old20,0,0,0,0,0,0,0,0,0,0,0,0,0,0,5,0,0,0,0
36,5,6,1,Old20,0,0,0,0,0,0,0,0,0,0,0,0,0,0,0,0,0,0,0
25,5,6,2,Old20,0,0,0,0,0,0,0,0,0,0,0,0,0,0,0,0,0,0,0
27,5,6,2,Old20,0,0,0,0,0,0,0,0,0,0,0,0,0,0,0,0,1,0,0
29,5,6,2,Old20,0,1,0,0,0,0,0,0,0,0,0,0,0,2,0,1,3,0,0
31,5,6,2,Old20,0,0,0,0,0,0,0,0,0,0,0,0,0,2,0,0,0,0,13
33,5,6,2,Old20,0,0,0,0,0,0,2,0,0,0,0,0,0,8,0,0,1,0,3
35,5,6,2,Old20,0,0,0,0,0,0,1,0,0,0,0,0,1,2,3,0,0,0,0
36,5,6,2,Old20,0,0,0,0,0,0,1,0,0,0,0,0,0,0,0,0,0,0,0
25,5,6,3,Old20,0,0,0,0,0,0,0,0,0,0,0,0,0,0,0,0,0,0,0
27,5,6,3,Old20,0,0,0,0,0,0,0,0,0,0,0,0,0,0,0,0,0,0,0
29,5,6,3,Old20,0,0,1,0,0,0,0,0,1,0,0,0,0,0,0,2,1,0,0
31,5,6,3,Old20,0,0,0,0,0,0,0,0,0,0,0,0,0,0,0,1,1,0,1
33,5,6,3,Old20,0,0,1,0,0,0,0,0,0,0,0,0,0,0,0,0,1,0,1
35,5,6,3,Old20,0,0,0,0,0,0,1,0,0,0,0,0,1,0,10,0,0,0,0
36,5,6,3,Old20,0,0,0,0,0,0,0,0,0,0,0,0,0,0,1,0,0,0,0
25,5,6,4,Old20,0,0,0,0,0,0,0,0,0,0,0,0,0,0,0,0,0,0,0
27,5,6,4,Old20,0,0,2,0,0,0,0,0,0,0,0,0,0,0,0,0,0,2,0
29,5,6,4,Old20,0,0,0,0,0,0,0,0,0,0,0,0,0,0,0,2,1,0,2
31,5,6,4,Old20,0,0,0,0,0,0,0,0,0,0,0,0,0,0,0,1,2,0,0
33,5,6,4,Old20,0,0,0,0,0,0,0,0,0,0,0,0,0,0,0,0,1,0,0
35,5,6,4,Old20,0,0,0,0,0,0,0,0,0,0,0,0,0,0,9,0,0,0,0
36,5,6,4,Old20,0,0,0,0,0,0,0,0,0,0,0,0,0,0,0,0,0,0,0
25,5,6,5,Old20,0,0,0,0,0,0,0,0,1,0,0,0,0,0,0,1,0,0,0
27,5,6,5,Old20,0,0,0,0,0,0,0,0,0,0,0,0,1,0,1,0,0,0,0
29,5,6,5,Old20,0,0,0,0,0,0,0,0,0,0,0,0,0,0,0,1,2,0,0
31,5,6,5,Old20,0,0,0,0,0,0,0,0,0,0,0,0,0,0,0,1,2,0,3
33,5,6,5,Old20,0,0,0,0,0,0,0,0,0,0,0,0,0,0,0,0,0,0,0
35,5,6,5,Old20,0,0,1,0,0,0,0,0,0,0,0,0,0,0,6,0,0,0,0
36,5,6,5,Old20,0,0,0,0,0,0,0,0,0,0,0,0,0,0,1,0,0,0,0
25,6,1,1,Old20,0,0,0,0,0,0,0,0,0,0,0,0,0,0,0,0,1,0,0
27,6,1,1,Old20,0,0,1,1,0,0,0,0,0,0,0,0,0,0,0,0,5,0,0
29,6,1,1,Old20,0,0,1,0,0,0,0,0,1,0,0,0,0,0,0,5,0,0,0
31,6,1,1,Old20,0,0,0,0,0,0,0,0,0,0,0,0,0,0,0,1,0,0,0
33,6,1,1,Old20,0,0,1,0,0,0,1,0,0,0,0,0,0,0,0,0,0,0,0
34,6,1,1,Old20,0,0,0,0,0,0,0,0,0,0,0,0,0,0,0,0,0,0,0
25,6,1,2,Old20,0,0,0,0,0,0,0,0,0,0,0,0,0,0,0,0,0,0,0
27,6,1,2,Old20,0,0,1,0,0,0,0,0,0,0,0,0,0,0,0,1,0,0,0
29,6,1,2,Old20,0,0,0,0,0,0,0,0,0,0,0,0,0,0,0,2,0,0,0
31,6,1,2,Old20,0,0,0,0,0,0,0,0,0,0,0,0,0,0,0,12,0,0,0
33,6,1,2,Old20,0,0,1,0,0,0,1,0,0,0,0,0,0,0,0,1,0,0,0
34,6,1,2,Old20,0,0,0,0,0,0,0,0,0,0,0,0,0,0,0,0,0,0,0
25,6,1,3,Old20,0,0,0,0,0,0,0,0,0,0,0,0,0,0,0,0,0,0,0
27,6,1,3,Old20,0,0,0,0,0,0,0,0,0,0,0,0,0,0,0,5,3,0,0
29,6,1,3,Old20,0,0,0,0,0,0,0,0,0,0,0,0,0,0,0,1,0,0,0
31,6,1,3,Old20,0,0,0,0,0,0,0,0,0,0,0,0,0,0,0,0,1,0,1
33,6,1,3,Old20,0,0,0,0,0,0,0,0,0,0,0,0,0,0,0,0,1,0,0
34,6,1,3,Old20,0,0,0,0,0,0,0,0,0,0,0,0,0,0,2,0,0,0,0
25,6,1,4,Old20,0,0,0,0,0,0,0,0,0,0,0,0,0,1,0,0,0,0,0
27,6,1,4,Old20,0,0,1,0,0,0,0,0,0,0,0,0,0,0,0,0,1,0,0
29,6,1,4,Old20,0,0,0,0,0,0,0,0,0,0,0,0,0,0,0,1,1,0,0
31,6,1,4,Old20,0,0,0,0,0,0,0,0,0,0,0,0,0,0,0,0,0,0,0
33,6,1,4,Old20,0,0,0,0,0,0,0,0,0,0,0,0,0,0,0,0,0,0,0
34,6,1,4,Old20,0,0,0,0,0,0,0,0,0,0,0,0,0,0,0,0,0,0,0
25,6,1,5,Old20,0,0,0,0,0,0,0,0,0,0,0,0,0,0,0,0,0,0,0
27,6,1,5,Old20,0,0,3,0,0,0,0,0,1,0,0,0,0,0,0,1,0,0,0
29,6,1,5,Old20,0,0,0,0,0,0,0,0,0,0,0,2,0,0,0,6,0,0,0
31,6,1,5,Old20,0,0,0,0,0,0,0,0,0,0,0,0,0,0,0,1,0,0,0
33,6,1,5,Old20,0,0,0,0,0,0,0,0,0,0,0,0,0,0,1,0,0,0,0
34,6,1,5,Old20,0,0,0,0,0,0,0,0,0,0,0,0,0,0,0,0,0,0,0
25,6,2,1,Old20,0,0,1,0,0,0,0,0,0,0,0,0,0,0,0,0,0,0,0
27,6,2,1,Old20,0,0,1,0,0,0,0,0,1,0,0,0,0,0,0,0,1,0,0
29,6,2,1,Old20,0,0,0,0,0,0,0,0,0,0,0,0,0,0,0,0,0,0,0
31,6,2,1,Old20,0,0,0,0,0,0,0,0,0,0,0,0,0,0,0,1,0,0,0
33,6,2,1,Old20,0,0,0,0,0,0,0,0,0,0,0,0,0,0,0,0,0,0,0
34,6,2,1,Old20,0,0,0,0,0,0,0,0,0,0,0,0,0,0,0,0,0,0,0
25,6,2,2,Old20,0,0,0,0,0,0,0,0,0,0,0,0,0,0,0,0,0,0,0
27,6,2,2,Old20,0,0,0,0,0,0,0,0,2,0,0,0,0,0,0,1,0,0,0
29,6,2,2,Old20,0,0,0,0,0,0,0,0,0,0,0,0,0,0,0,0,0,0,0
31,6,2,2,Old20,0,0,0,0,0,0,0,0,0,0,0,0,0,0,0,1,0,0,0
33,6,2,2,Old20,0,0,0,0,0,0,0,0,0,0,0,1,0,0,1,0,1,0,0
34,6,2,2,Old20,0,0,0,0,0,0,0,0,0,0,0,0,0,0,0,0,0,0,0
25,6,2,3,Old20,0,0,1,0,0,0,0,0,0,0,0,0,0,0,0,0,0,0,0
27,6,2,3,Old20,0,0,1,0,0,0,0,0,0,0,0,1,0,0,0,1,0,0,0
29,6,2,3,Old20,0,0,0,0,0,0,0,0,0,0,0,0,0,0,0,2,0,0,0
31,6,2,3,Old20,0,0,0,0,0,0,0,0,0,0,0,0,0,0,0,0,0,0,0
33,6,2,3,Old20,0,0,0,0,0,0,0,0,0,0,0,0,0,0,0,0,0,0,0
34,6,2,3,Old20,0,0,0,0,0,0,0,0,0,0,0,0,0,0,0,0,0,0,0
25,6,2,4,Old20,0,0,1,0,0,0,0,0,0,0,0,0,0,0,0,0,0,0,0
27,6,2,4,Old20,0,0,2,0,0,0,0,0,0,0,0,1,0,0,0,3,0,0,0
29,6,2,4,Old20,0,0,0,1,0,0,0,0,0,0,0,0,0,0,0,1,0,0,0
31,6,2,4,Old20,0,0,1,0,0,0,0,0,0,0,0,0,0,0,0,2,0,0,0
33,6,2,4,Old20,0,0,0,0,0,0,0,0,0,0,0,0,0,0,0,0,0,0,0
34,6,2,4,Old20,0,0,0,0,0,0,0,0,0,0,0,0,0,0,0,0,0,0,0
25,6,2,5,Old20,0,0,0,0,0,0,0,0,2,0,0,0,0,0,0,0,1,0,0
27,6,2,5,Old20,0,0,0,0,0,0,0,0,0,0,0,1,0,0,0,0,0,0,0
29,6,2,5,Old20,0,0,0,2,0,0,0,0,0,0,0,0,0,1,0,1,0,0,0
31,6,2,5,Old20,0,0,0,0,0,0,0,0,0,0,0,0,0,0,0,2,0,0,0
33,6,2,5,Old20,0,0,0,0,0,0,0,0,0,0,0,0,0,0,1,0,0,0,0
34,6,2,5,Old20,0,0,0,0,0,0,0,0,0,0,0,0,0,0,0,0,0,0,0
25,6,3,1,Old20,0,0,0,0,0,0,0,0,0,0,0,0,0,0,0,0,1,0,0
27,6,3,1,Old20,0,0,1,0,0,0,0,0,0,0,0,0,0,0,0,4,0,0,0
29,6,3,1,Old20,0,0,0,0,0,0,0,0,0,0,0,0,0,1,0,7,0,0,0
31,6,3,1,Old20,0,0,0,0,0,0,0,0,0,0,0,0,0,0,0,0,0,0,0
33,6,3,1,Old20,0,0,0,0,0,0,0,0,0,0,0,0,0,0,0,2,0,0,0
34,6,3,1,Old20,0,0,0,0,0,0,0,0,0,0,0,0,0,0,0,0,0,0,0
25,6,3,2,Old20,0,0,1,0,0,0,0,0,0,0,0,0,0,0,0,0,1,0,0
27,6,3,2,Old20,0,0,0,0,0,0,0,0,0,0,0,0,0,0,0,0,1,0,0
29,6,3,2,Old20,0,0,0,0,0,0,0,0,0,0,0,0,0,0,0,8,0,0,0
31,6,3,2,Old20,0,0,0,0,0,0,0,0,0,0,0,0,0,0,0,0,0,0,0
33,6,3,2,Old20,0,0,0,0,0,0,0,0,0,0,0,0,0,0,1,0,1,0,0
34,6,3,2,Old20,0,0,0,0,0,0,0,0,0,0,0,0,0,0,0,0,0,0,0
25,6,3,3,Old20,0,0,1,0,0,0,0,0,0,0,0,0,0,0,0,0,0,0,0
27,6,3,3,Old20,0,0,0,0,0,0,0,0,0,0,0,0,0,0,0,1,0,0,0
29,6,3,3,Old20,0,0,0,0,0,0,0,0,0,0,0,0,0,0,0,7,0,0,0
31,6,3,3,Old20,0,0,0,0,0,0,0,0,0,0,0,0,0,0,0,4,0,0,0
33,6,3,3,Old20,0,0,0,0,0,0,1,0,0,0,0,0,0,0,0,0,0,0,0
34,6,3,3,Old20,0,0,0,0,0,0,0,0,0,0,0,0,0,0,0,0,0,0,0
25,6,3,4,Old20,0,0,0,0,0,0,0,0,0,0,0,0,0,0,0,0,1,0,0
27,6,3,4,Old20,0,0,0,0,0,0,0,0,0,0,0,0,0,1,0,0,0,0,0
29,6,3,4,Old20,0,0,0,0,0,0,0,0,0,0,0,0,0,0,0,2,0,0,0
31,6,3,4,Old20,0,0,0,0,0,0,0,0,0,0,0,0,0,0,0,0,0,0,0
33,6,3,4,Old20,0,0,0,1,0,0,0,0,0,0,0,0,0,1,0,0,0,0,0
34,6,3,4,Old20,0,0,0,0,0,0,1,0,0,0,0,0,0,1,0,0,0,0,0
25,6,3,5,Old20,0,0,0,0,0,0,0,0,0,0,0,0,0,0,0,0,1,0,0
27,6,3,5,Old20,0,0,1,0,0,0,0,0,0,0,0,0,0,0,0,1,0,0,0
29,6,3,5,Old20,0,0,0,0,0,0,0,0,1,0,0,0,0,1,0,0,0,0,0
31,6,3,5,Old20,0,0,0,0,0,0,0,0,0,0,0,0,0,0,0,1,0,0,0
33,6,3,5,Old20,0,0,0,0,0,0,0,0,0,0,0,0,0,0,0,1,0,0,0
34,6,3,5,Old20,0,0,0,0,0,0,0,0,0,0,0,0,0,0,0,0,0,0,0
25,6,4,1,Old20,0,0,0,0,0,0,0,0,0,0,0,0,0,0,0,0,2,0,0
27,6,4,1,Old20,0,0,1,0,0,0,0,0,0,0,0,2,0,0,0,1,0,0,0
29,6,4,1,Old20,0,0,0,0,0,0,0,0,1,0,0,0,0,1,0,3,0,0,0
31,6,4,1,Old20,0,0,0,0,0,0,0,0,0,0,0,0,0,0,0,1,0,0,0
33,6,4,1,Old20,0,0,0,0,0,0,0,0,0,0,0,0,0,0,0,0,0,0,0
34,6,4,1,Old20,0,0,0,0,0,0,0,0,0,0,0,0,0,0,0,0,0,0,0
25,6,4,2,Old20,0,0,2,0,0,0,0,0,0,0,0,0,0,0,0,0,0,0,0
27,6,4,2,Old20,0,0,2,1,0,0,0,0,0,0,0,0,0,0,0,0,0,0,0
29,6,4,2,Old20,0,0,1,0,0,0,0,0,0,0,0,0,0,0,0,1,0,0,0
31,6,4,2,Old20,0,0,1,0,0,0,0,0,0,0,0,0,0,0,0,0,0,0,0
33,6,4,2,Old20,0,0,0,0,0,0,0,0,0,0,0,0,0,0,0,0,0,0,0
34,6,4,2,Old20,0,0,0,0,0,0,0,0,0,0,0,0,0,0,0,0,0,0,0
25,6,4,3,Old20,0,0,1,0,0,0,0,0,1,0,0,0,0,0,0,0,0,0,0
27,6,4,3,Old20,0,1,1,0,0,0,0,0,0,0,0,0,0,1,0,1,0,0,0
29,6,4,3,Old20,0,0,0,1,0,0,0,0,0,0,0,0,0,0,0,1,0,0,0
31,6,4,3,Old20,0,0,0,0,0,0,0,0,0,0,0,0,0,0,0,0,0,0,0
33,6,4,3,Old20,0,0,0,0,0,0,0,0,0,0,0,0,0,0,0,0,0,0,0
34,6,4,3,Old20,0,0,0,0,0,0,0,0,0,0,0,0,0,0,0,0,0,0,0
25,6,4,4,Old20,0,0,1,0,0,0,0,0,0,0,0,0,0,0,0,0,1,0,0
27,6,4,4,Old20,0,0,0,0,0,0,0,0,0,0,0,0,0,0,0,0,1,0,0
29,6,4,4,Old20,0,0,0,0,0,0,0,0,0,0,0,0,0,0,0,1,0,0,0
31,6,4,4,Old20,0,0,0,0,0,0,0,0,0,0,0,0,0,0,0,1,0,0,0
33,6,4,4,Old20,0,0,0,0,0,0,0,0,0,0,0,0,0,1,0,1,0,0,0
34,6,4,4,Old20,0,0,0,0,0,0,0,0,0,0,0,0,0,0,0,1,0,0,0
25,6,4,5,Old20,0,0,0,0,0,0,0,0,1,0,0,0,0,0,0,0,0,0,0
27,6,4,5,Old20,0,0,0,0,0,0,0,0,0,0,0,0,0,0,0,0,0,0,0
29,6,4,5,Old20,0,0,0,0,0,0,0,0,0,0,0,0,0,0,0,0,0,0,0
31,6,4,5,Old20,0,0,0,0,0,0,0,0,0,0,0,0,0,0,0,1,0,0,0
33,6,4,5,Old20,0,0,0,0,0,0,0,0,0,0,0,0,0,0,0,0,0,0,0
34,6,4,5,Old20,0,0,0,0,0,0,0,0,0,0,0,0,0,0,0,0,0,0,0
25,6,5,1,Old20,0,0,0,0,0,0,0,0,0,0,0,0,0,0,0,0,0,0,0
27,6,5,1,Old20,0,0,0,0,0,0,0,0,2,0,0,0,0,0,0,1,0,0,0
29,6,5,1,Old20,0,0,0,0,0,0,0,0,0,0,0,0,0,0,1,2,0,0,0
31,6,5,1,Old20,0,0,0,0,0,0,0,0,0,0,0,0,0,0,0,0,0,0,0
33,6,5,1,Old20,0,0,0,0,0,0,0,0,0,0,0,0,0,0,0,0,0,0,0
34,6,5,1,Old20,0,0,0,0,0,0,0,0,0,0,0,0,0,0,0,0,0,0,0
25,6,5,2,Old20,0,0,0,0,0,0,0,0,0,0,0,0,0,0,0,0,0,0,0
27,6,5,2,Old20,0,0,0,0,0,0,0,0,0,0,0,0,0,0,0,0,0,0,0
29,6,5,2,Old20,0,0,0,0,0,0,0,0,0,0,0,0,0,0,0,2,0,0,0
31,6,5,2,Old20,0,0,0,0,0,0,0,0,0,0,0,0,0,0,0,0,0,0,0
33,6,5,2,Old20,0,0,0,0,0,0,0,0,0,0,0,0,0,0,0,0,0,0,0
34,6,5,2,Old20,0,0,0,0,0,0,0,0,0,0,0,0,0,0,0,0,0,0,0
25,6,5,3,Old20,0,0,0,0,0,0,0,0,0,0,0,0,0,0,0,0,0,0,0
27,6,5,3,Old20,0,0,0,0,0,0,0,0,0,0,0,0,0,0,0,0,0,0,0
29,6,5,3,Old20,0,0,0,0,0,0,0,0,0,0,0,0,0,0,0,2,0,0,0
31,6,5,3,Old20,0,0,0,0,0,0,0,0,0,0,0,0,0,0,0,2,0,0,0
33,6,5,3,Old20,0,0,0,0,0,0,0,0,0,0,0,0,0,0,1,0,0,0,0
34,6,5,3,Old20,0,0,0,0,0,0,0,0,0,0,0,0,0,0,0,0,0,0,0
25,6,5,4,Old20,0,0,1,0,0,0,0,0,0,0,0,1,0,0,0,0,0,0,0
27,6,5,4,Old20,0,0,1,0,0,0,0,0,0,0,0,0,0,0,0,2,0,0,0
29,6,5,4,Old20,0,0,0,0,0,0,0,0,0,0,0,0,0,1,0,1,0,0,0
31,6,5,4,Old20,0,0,0,0,0,0,0,0,0,0,0,0,0,0,0,1,0,0,0
33,6,5,4,Old20,0,0,0,0,0,0,0,0,0,0,0,0,0,0,0,0,0,0,0
34,6,5,4,Old20,0,0,0,0,0,0,0,0,0,0,0,0,0,0,0,0,0,0,0
25,6,5,5,Old20,0,0,1,0,0,0,0,0,0,0,0,0,0,0,0,0,0,0,0
27,6,5,5,Old20,0,0,0,0,0,0,0,0,0,0,0,0,0,0,0,0,0,0,0
29,6,5,5,Old20,0,0,0,2,0,0,0,0,0,0,0,0,0,2,0,3,0,0,0
31,6,5,5,Old20,0,0,0,0,0,0,0,0,0,0,0,0,0,0,0,0,0,0,0
33,6,5,5,Old20,0,0,0,0,0,0,0,0,0,0,0,0,0,0,0,1,0,0,0
34,6,5,5,Old20,0,0,0,0,0,0,0,0,0,0,0,0,0,0,0,0,0,0,0
25,6,6,1,Old20,0,0,0,0,0,0,0,0,0,0,0,0,0,0,0,0,0,0,0
27,6,6,1,Old20,0,0,0,0,0,0,0,0,0,0,0,0,0,0,0,2,0,0,0
29,6,6,1,Old20,0,0,0,0,0,0,0,0,0,0,0,0,0,0,0,2,0,0,0
31,6,6,1,Old20,0,0,0,0,0,0,0,0,0,0,0,0,0,0,0,1,1,0,0
33,6,6,1,Old20,0,0,0,1,0,0,1,0,0,0,0,0,0,1,1,0,0,0,0
34,6,6,1,Old20,0,0,0,0,0,0,0,0,0,0,0,0,0,0,0,0,0,1,0
25,6,6,2,Old20,0,0,2,0,0,0,0,0,0,0,0,0,0,0,0,0,0,0,0
27,6,6,2,Old20,0,0,0,0,0,0,0,0,0,0,0,0,0,0,0,1,0,0,0
29,6,6,2,Old20,0,0,0,0,0,0,0,0,1,0,0,0,1,0,0,3,0,0,0
31,6,6,2,Old20,0,0,1,0,0,0,0,0,0,0,0,0,0,0,0,1,0,0,0
33,6,6,2,Old20,0,0,0,0,0,0,0,0,0,0,0,0,0,1,0,0,0,0,0
34,6,6,2,Old20,0,0,0,0,0,0,0,0,0,0,0,0,0,0,0,0,0,0,0
25,6,6,3,Old20,0,0,0,0,0,0,0,0,0,0,0,0,0,0,0,0,0,0,0
27,6,6,3,Old20,0,0,2,0,0,0,0,0,0,0,0,0,0,0,0,2,0,0,0
29,6,6,3,Old20,0,0,1,0,0,0,0,0,0,0,0,0,0,0,0,5,0,0,0
31,6,6,3,Old20,0,0,0,0,0,0,1,0,0,0,0,0,0,0,0,0,0,0,1
33,6,6,3,Old20,0,0,0,1,0,0,0,0,0,0,0,0,0,0,0,0,0,0,1
34,6,6,3,Old20,0,0,0,0,0,0,0,0,0,0,0,0,0,0,2,0,0,0,0
25,6,6,4,Old20,0,0,1,0,0,0,0,0,0,0,0,0,0,1,0,0,0,0,0
27,6,6,4,Old20,0,0,1,0,0,0,0,0,0,0,0,0,0,0,0,2,0,0,0
29,6,6,4,Old20,0,0,0,0,0,0,0,0,0,0,0,0,0,0,0,2,0,0,0
31,6,6,4,Old20,0,0,0,0,0,0,0,0,0,0,0,0,0,0,0,4,0,0,0
33,6,6,4,Old20,0,0,0,0,0,0,0,0,0,0,0,0,0,1,0,2,0,0,1
34,6,6,4,Old20,0,0,0,0,0,0,0,0,0,0,0,0,0,0,0,0,0,0,0
25,6,6,5,Old20,0,0,0,0,0,0,0,0,0,0,0,0,0,0,0,0,0,0,0
27,6,6,5,Old20,0,0,2,0,0,0,0,0,2,0,0,0,0,0,0,0,0,0,0
29,6,6,5,Old20,0,0,0,0,0,0,0,0,0,0,0,0,0,0,1,2,0,0,0
31,6,6,5,Old20,0,0,0,0,0,0,0,0,0,0,0,0,0,0,0,0,0,0,0
33,6,6,5,Old20,0,0,0,0,0,0,0,0,0,0,0,0,0,0,0,1,0,0,0
34,6,6,5,Old20,0,0,0,0,0,0,0,0,0,0,0,0,0,0,0,0,0,0,0
25,7,1,1,Old20,0,0,1,0,0,0,0,0,0,0,0,0,0,0,0,0,0,0,0
27,7,1,1,Old20,0,0,0,0,0,0,0,0,0,0,0,0,0,0,0,0,0,0,0
29,7,1,1,Old20,0,0,0,0,0,0,0,0,0,0,0,0,0,0,0,0,1,0,1
31,7,1,1,Old20,0,0,0,0,0,0,0,0,0,0,0,0,0,0,0,2,2,0,0
33,7,1,1,Old20,0,0,0,1,0,0,0,0,1,0,0,0,0,1,2,0,0,0,0
35,7,1,1,Old20,0,0,0,0,0,0,0,0,1,0,0,0,0,0,1,0,0,0,0
36,7,1,1,Old20,0,0,0,0,0,0,0,0,0,0,0,0,0,0,0,0,0,0,0
25,7,1,2,Old20,0,0,0,0,0,0,0,0,0,0,0,0,0,0,0,0,0,0,0
27,7,1,2,Old20,0,1,1,0,0,0,0,0,1,0,0,0,0,0,0,0,1,0,0
29,7,1,2,Old20,0,0,0,0,0,0,0,0,0,0,0,0,0,0,0,0,0,0,1
31,7,1,2,Old20,0,0,0,0,0,0,0,0,0,0,0,0,0,0,0,1,1,0,0
33,7,1,2,Old20,0,0,0,0,0,0,0,0,0,0,0,0,0,0,1,2,2,0,0
35,7,1,2,Old20,0,0,0,0,0,0,0,0,0,0,0,0,0,0,4,1,0,0,0
36,7,1,2,Old20,0,0,0,0,0,0,0,0,0,0,0,0,0,0,2,0,0,0,0
25,7,1,3,Old20,0,0,0,0,0,0,0,0,0,0,0,0,0,0,0,0,0,0,0
27,7,1,3,Old20,0,0,1,0,0,0,0,0,0,0,0,0,0,0,0,0,1,0,0
29,7,1,3,Old20,0,0,0,0,0,0,0,0,2,0,0,0,0,0,0,2,1,0,0
31,7,1,3,Old20,0,0,1,0,0,0,0,0,0,0,0,0,0,0,0,0,1,0,0
33,7,1,3,Old20,0,0,0,0,0,0,0,0,0,0,0,0,0,0,1,0,3,0,0
35,7,1,3,Old20,0,0,0,0,0,0,1,0,1,0,0,0,0,0,1,2,0,0,0
36,7,1,3,Old20,0,0,0,0,0,0,0,0,0,0,0,0,0,0,0,0,0,0,0
25,7,1,4,Old20,0,0,0,0,0,0,0,0,0,0,0,0,0,0,0,0,2,0,0
27,7,1,4,Old20,0,0,0,0,0,0,0,0,0,0,0,0,0,0,0,2,0,0,0
29,7,1,4,Old20,0,0,3,0,0,0,0,0,0,0,0,0,0,2,0,1,0,0,0
31,7,1,4,Old20,0,0,0,1,0,0,0,0,0,0,0,0,0,0,0,0,0,0,1
33,7,1,4,Old20,0,0,1,0,0,0,0,0,0,0,0,0,0,0,0,0,0,0,0
35,7,1,4,Old20,0,0,0,1,0,0,2,0,0,0,0,0,0,0,3,0,0,0,0
36,7,1,4,Old20,0,0,0,0,0,0,0,0,1,0,0,0,0,1,1,0,0,0,0
25,7,1,5,Old20,0,0,1,0,0,0,0,0,0,0,0,0,0,0,0,0,0,0,0
27,7,1,5,Old20,0,0,2,0,0,0,0,0,0,0,0,0,0,0,0,0,0,0,0
29,7,1,5,Old20,0,0,0,0,0,0,0,0,0,0,0,0,0,0,0,1,0,0,0
31,7,1,5,Old20,0,0,0,0,0,0,0,0,0,0,0,0,0,0,0,0,0,0,0
33,7,1,5,Old20,0,0,1,0,0,0,0,0,0,0,0,0,0,0,3,2,1,0,0
35,7,1,5,Old20,0,0,1,0,0,0,0,0,0,0,0,0,0,0,11,1,0,3,0
36,7,1,5,Old20,0,0,0,0,0,0,0,0,0,0,0,0,0,0,0,0,0,0,0
25,7,2,1,Old20,0,0,1,0,0,0,0,0,0,0,0,0,0,0,1,0,0,0,0
27,7,2,1,Old20,0,0,2,0,0,0,0,0,0,0,0,0,0,0,0,1,6,0,0
29,7,2,1,Old20,0,0,0,0,0,0,0,0,0,0,0,1,0,0,0,1,1,0,0
31,7,2,1,Old20,0,0,0,0,0,0,0,0,0,0,0,0,0,0,0,1,1,0,0
33,7,2,1,Old20,0,0,1,0,0,0,0,0,1,0,0,0,0,1,1,1,0,0,0
35,7,2,1,Old20,0,0,0,0,0,0,1,0,0,0,0,0,0,1,2,1,0,0,0
36,7,2,1,Old20,0,0,0,1,0,0,0,0,0,0,0,0,0,1,0,0,0,0,0
25,7,2,2,Old20,0,0,1,0,0,0,0,0,0,0,0,0,0,0,1,0,1,0,0
27,7,2,2,Old20,0,0,0,1,0,0,0,0,0,0,0,0,0,1,0,0,2,0,0
29,7,2,2,Old20,0,0,0,0,0,0,0,0,0,0,0,0,0,0,0,0,2,0,0
31,7,2,2,Old20,0,0,0,0,0,0,0,0,0,0,0,0,0,0,0,0,1,0,0
33,7,2,2,Old20,0,0,0,0,0,0,0,0,0,0,0,0,0,0,0,0,0,0,0
35,7,2,2,Old20,0,0,0,1,0,0,0,0,0,0,0,0,0,1,0,0,0,0,0
36,7,2,2,Old20,0,0,0,0,0,0,0,0,0,0,0,0,0,0,0,0,1,0,0
25,7,2,3,Old20,0,0,0,0,0,0,0,0,0,0,0,0,0,0,0,0,0,0,0
27,7,2,3,Old20,0,0,0,0,0,0,0,0,0,0,0,0,0,1,0,0,2,0,0
29,7,2,3,Old20,0,0,0,0,0,0,0,0,0,0,0,0,0,0,0,0,1,0,0
31,7,2,3,Old20,0,0,0,0,0,0,0,0,0,0,0,0,0,0,0,0,1,0,0
33,7,2,3,Old20,0,0,0,0,0,0,0,0,0,0,0,0,0,0,1,1,0,0,0
35,7,2,3,Old20,0,0,1,1,0,0,0,0,1,0,0,1,0,1,4,0,0,0,0
36,7,2,3,Old20,0,0,0,0,0,0,0,0,0,0,0,0,0,0,0,0,0,0,0
25,7,2,4,Old20,0,0,0,0,0,0,0,0,0,0,0,0,0,0,0,0,0,0,0
27,7,2,4,Old20,0,0,1,0,0,0,0,0,0,0,0,0,0,1,0,1,7,0,0
29,7,2,4,Old20,0,0,0,0,0,0,0,0,0,0,0,0,0,0,0,2,1,0,0
31,7,2,4,Old20,0,0,1,0,0,0,0,0,0,0,0,0,0,0,0,0,1,0,0
33,7,2,4,Old20,0,0,0,0,0,0,0,0,0,0,0,1,0,0,3,0,2,0,0
35,7,2,4,Old20,0,0,0,0,0,0,0,0,0,0,0,1,0,1,3,0,0,1,0
36,7,2,4,Old20,0,0,0,0,0,0,0,0,0,0,0,0,0,0,1,0,0,0,0
25,7,2,5,Old20,0,0,0,0,0,0,0,2,0,0,0,0,0,1,1,0,1,0,0
27,7,2,5,Old20,0,0,0,0,0,0,0,0,1,0,0,0,0,0,0,0,3,0,0
29,7,2,5,Old20,0,1,0,0,0,0,0,0,0,0,0,0,1,0,0,0,1,0,0
31,7,2,5,Old20,0,0,0,0,0,0,0,0,0,0,0,0,0,0,0,0,0,0,0
33,7,2,5,Old20,0,0,0,0,0,0,0,0,0,0,0,0,0,2,0,0,0,0,0
35,7,2,5,Old20,0,0,0,0,0,0,0,0,0,0,0,1,0,1,2,0,0,0,0
36,7,2,5,Old20,0,0,0,0,0,0,0,0,0,0,0,0,0,0,0,0,0,0,0
25,7,3,1,Old20,0,0,1,0,0,0,0,0,1,0,0,0,0,0,0,0,0,0,0
27,7,3,1,Old20,0,0,4,0,0,0,0,0,1,0,0,1,1,0,0,0,0,0,0
29,7,3,1,Old20,0,0,1,0,0,0,0,0,0,0,0,0,0,0,0,1,1,0,0
31,7,3,1,Old20,0,0,0,1,0,0,0,0,0,0,0,0,0,0,0,1,1,1,1
33,7,3,1,Old20,0,0,0,0,0,0,0,0,0,0,0,0,0,0,1,0,0,0,0
35,7,3,1,Old20,0,0,0,0,0,0,0,0,0,0,0,0,0,0,2,0,0,0,0
36,7,3,1,Old20,0,0,0,0,0,0,0,0,0,0,0,0,0,0,0,0,0,0,0
25,7,3,2,Old20,0,0,0,0,0,0,0,0,0,0,0,0,0,0,0,0,1,0,0
27,7,3,2,Old20,0,0,1,0,0,0,0,0,0,0,0,0,0,0,0,0,1,0,0
29,7,3,2,Old20,0,0,0,0,0,0,0,0,0,0,0,1,0,1,0,2,0,0,0
31,7,3,2,Old20,0,0,0,0,0,0,1,0,0,0,0,0,0,0,0,2,1,1,0
33,7,3,2,Old20,0,0,0,0,0,0,0,0,0,0,0,0,0,1,0,1,1,0,0
35,7,3,2,Old20,0,0,0,1,0,0,0,0,0,0,0,0,0,0,0,0,0,0,0
36,7,3,2,Old20,0,0,0,0,0,0,0,0,0,0,0,0,0,0,0,0,0,0,0
25,7,3,3,Old20,0,0,0,0,0,0,0,0,0,0,0,1,0,0,0,0,0,0,0
27,7,3,3,Old20,0,0,1,0,0,0,0,0,0,0,0,0,0,0,0,0,1,0,0
29,7,3,3,Old20,0,0,1,0,0,0,0,0,0,0,0,0,0,1,0,2,3,0,0
31,7,3,3,Old20,0,0,1,0,0,0,0,0,1,0,0,0,0,0,0,3,1,0,0
33,7,3,3,Old20,0,0,0,1,0,0,0,0,0,0,0,0,0,0,1,0,0,0,0
35,7,3,3,Old20,0,0,0,0,0,0,0,0,1,0,0,0,0,0,0,0,0,0,0
36,7,3,3,Old20,0,0,0,0,0,0,0,0,0,0,0,0,0,0,0,0,0,0,0
25,7,3,4,Old20,0,0,1,0,0,0,0,0,0,0,0,0,0,0,0,0,1,0,0
27,7,3,4,Old20,0,0,4,0,0,0,0,0,0,0,0,0,0,0,0,0,4,0,0
29,7,3,4,Old20,0,0,1,0,0,0,0,0,0,0,0,0,0,1,0,2,1,0,0
31,7,3,4,Old20,0,0,1,0,0,0,0,0,0,0,0,0,0,0,0,2,0,0,1
33,7,3,4,Old20,0,0,2,0,0,0,0,0,2,0,0,0,0,0,2,1,1,0,0
35,7,3,4,Old20,0,0,2,0,0,0,0,0,1,0,0,0,0,0,1,0,0,0,0
36,7,3,4,Old20,0,0,0,0,0,0,0,0,0,0,0,0,0,0,0,0,1,0,0
25,7,3,5,Old20,0,0,0,0,0,0,0,0,1,0,0,0,0,0,0,0,0,0,0
27,7,3,5,Old20,0,0,2,0,0,0,0,0,0,0,0,0,0,1,0,0,5,0,0
29,7,3,5,Old20,0,0,0,0,0,0,0,0,1,0,0,0,0,1,0,0,1,0,0
31,7,3,5,Old20,0,0,1,0,0,0,0,0,0,0,0,0,0,0,0,0,2,0,0
33,7,3,5,Old20,0,0,1,0,0,0,1,0,1,0,0,0,0,2,1,1,1,0,0
35,7,3,5,Old20,0,0,1,0,0,0,1,0,1,0,0,0,0,0,0,0,0,1,0
36,7,3,5,Old20,0,0,0,0,0,0,0,0,0,0,0,0,0,0,0,0,0,0,0
25,7,4,1,Old20,0,2,0,0,0,0,0,0,0,0,0,0,0,2,1,0,0,0,0
27,7,4,1,Old20,0,4,1,0,0,0,0,0,0,0,0,0,0,0,1,0,2,0,0
29,7,4,1,Old20,0,1,0,0,0,0,0,0,0,0,0,0,0,2,0,2,1,0,1
31,7,4,1,Old20,0,0,0,0,0,0,0,0,0,0,0,1,0,1,0,1,2,0,0
33,7,4,1,Old20,0,0,0,0,0,0,0,0,0,0,0,0,0,1,0,0,0,0,0
35,7,4,1,Old20,0,0,0,0,0,0,4,0,0,0,0,0,0,1,0,0,1,4,0
36,7,4,1,Old20,0,0,0,0,0,0,2,0,0,0,0,0,0,0,0,0,0,1,0
25,7,4,2,Old20,0,2,0,1,0,0,0,0,0,0,0,0,0,1,0,0,0,0,0
27,7,4,2,Old20,0,0,0,0,0,0,0,0,0,0,0,0,0,1,0,0,0,0,0
29,7,4,2,Old20,0,1,0,0,0,0,0,0,0,0,0,0,0,0,0,0,1,0,0
31,7,4,2,Old20,0,0,0,0,0,0,0,0,0,0,0,0,0,1,0,0,0,0,0
33,7,4,2,Old20,0,0,0,0,0,0,0,0,0,0,0,0,0,1,0,0,0,0,0
35,7,4,2,Old20,0,0,0,0,0,0,0,0,0,0,0,1,0,0,4,0,0,0,0
36,7,4,2,Old20,0,0,0,0,0,0,0,0,0,0,0,0,0,0,0,0,0,0,0
25,7,4,3,Old20,0,0,0,0,0,0,0,0,0,0,0,0,0,0,0,0,0,0,0
27,7,4,3,Old20,0,0,1,0,0,0,0,0,0,0,0,0,0,0,0,0,0,0,0
29,7,4,3,Old20,0,1,0,0,0,0,0,0,0,0,0,0,0,0,0,1,0,0,1
31,7,4,3,Old20,0,0,0,0,0,0,0,0,0,0,0,0,1,0,0,0,0,0,0
33,7,4,3,Old20,0,0,0,0,0,0,0,0,0,0,0,0,0,0,1,0,1,0,0
35,7,4,3,Old20,0,0,1,1,0,0,0,0,0,0,0,1,0,2,1,1,0,1,0
36,7,4,3,Old20,0,0,0,0,0,0,0,0,0,0,0,0,0,0,0,0,0,0,0
25,7,4,4,Old20,0,1,0,0,0,0,0,0,0,0,0,0,0,1,0,0,0,0,0
27,7,4,4,Old20,0,0,0,0,0,0,0,0,0,0,0,0,0,0,0,0,0,0,0
29,7,4,4,Old20,0,0,0,0,0,0,0,0,1,0,0,0,0,0,0,1,0,0,0
31,7,4,4,Old20,0,0,0,0,0,0,0,0,0,0,0,0,0,0,0,1,0,0,0
33,7,4,4,Old20,0,0,0,0,0,0,0,0,0,0,0,0,1,1,0,0,1,0,0
35,7,4,4,Old20,0,0,0,0,0,0,0,0,0,0,0,0,0,0,2,0,0,0,0
36,7,4,4,Old20,0,0,0,0,0,0,0,0,0,0,0,0,0,0,1,0,0,0,0
25,7,4,5,Old20,0,0,1,0,0,0,0,0,1,0,0,0,0,0,0,0,0,0,0
27,7,4,5,Old20,0,0,1,0,0,0,0,0,1,0,0,1,0,1,0,0,1,0,0
29,7,4,5,Old20,0,0,0,0,0,0,0,0,0,0,0,0,0,0,1,0,0,0,0
31,7,4,5,Old20,0,0,0,0,0,0,0,0,0,0,0,0,0,1,0,0,0,0,0
33,7,4,5,Old20,0,0,0,1,0,0,0,0,0,0,0,1,0,0,0,0,2,1,0
35,7,4,5,Old20,0,0,0,1,0,0,0,0,0,0,0,0,0,0,1,0,0,1,0
36,7,4,5,Old20,0,0,0,0,0,0,0,0,0,0,0,0,0,1,0,0,0,0,0
25,7,5,1,Old20,0,0,0,0,0,0,0,0,2,0,0,0,0,0,0,0,0,0,0
27,7,5,1,Old20,0,0,1,0,0,0,0,0,0,0,0,0,0,2,0,0,0,0,0
29,7,5,1,Old20,0,0,1,0,0,0,0,0,1,0,0,0,0,0,0,0,2,0,0
31,7,5,1,Old20,0,0,0,0,0,0,0,0,0,0,0,0,0,0,0,1,2,1,0
33,7,5,1,Old20,0,0,0,0,0,0,0,0,0,0,0,0,0,0,0,0,1,0,0
35,7,5,1,Old20,0,0,0,0,0,0,0,0,0,0,0,0,0,0,5,0,0,0,0
36,7,5,1,Old20,0,0,0,0,0,0,0,0,0,0,0,0,0,0,1,0,0,0,0
25,7,5,2,Old20,0,0,1,0,0,0,0,0,1,0,0,0,0,1,0,0,0,0,0
27,7,5,2,Old20,0,0,0,0,0,0,0,0,1,0,0,0,0,0,0,0,0,0,0
29,7,5,2,Old20,0,0,0,0,0,0,0,0,0,0,0,0,0,0,0,0,1,0,0
31,7,5,2,Old20,0,0,0,0,0,0,0,0,0,0,0,0,0,0,0,1,3,0,0
33,7,5,2,Old20,0,0,0,1,0,0,0,0,0,0,0,0,0,1,0,1,0,0,0
35,7,5,2,Old20,0,0,0,0,0,0,0,0,2,0,0,0,0,1,1,0,0,0,0
36,7,5,2,Old20,0,0,0,0,0,0,0,0,0,0,0,0,0,0,0,0,0,0,0
25,7,5,3,Old20,0,0,0,0,0,0,0,0,0,0,0,0,0,0,0,0,0,0,0
27,7,5,3,Old20,0,0,2,0,0,0,0,0,1,0,0,0,0,0,0,0,0,0,0
29,7,5,3,Old20,0,0,2,0,0,0,0,0,0,0,0,1,0,0,0,1,0,0,0
31,7,5,3,Old20,0,0,1,0,0,0,0,0,0,0,0,0,0,0,0,1,2,0,0
33,7,5,3,Old20,0,0,0,0,0,0,0,0,0,0,0,1,0,0,0,1,1,0,0
35,7,5,3,Old20,0,0,1,0,0,0,0,0,0,0,0,0,0,0,1,0,0,0,0
36,7,5,3,Old20,0,0,0,0,0,0,0,0,0,0,0,0,0,0,0,0,0,0,0
25,7,5,4,Old20,0,0,0,0,0,0,0,0,0,0,0,0,0,0,0,1,0,0,0
27,7,5,4,Old20,0,0,2,0,0,0,0,0,0,0,0,0,0,0,0,0,0,0,0
29,7,5,4,Old20,0,0,1,0,0,0,0,0,0,0,0,0,0,0,0,1,0,0,0
31,7,5,4,Old20,0,0,0,0,0,0,0,0,1,0,0,0,0,0,0,0,1,0,0
33,7,5,4,Old20,0,0,0,0,0,0,0,0,2,0,0,0,1,0,0,0,3,0,0
35,7,5,4,Old20,0,0,0,0,0,0,0,0,0,0,0,0,0,0,2,1,0,1,0
36,7,5,4,Old20,0,0,0,0,0,0,0,0,0,0,0,0,0,0,0,0,0,0,0
25,7,5,5,Old20,0,2,1,0,0,0,0,0,0,0,0,0,0,0,0,0,0,0,0
27,7,5,5,Old20,0,0,0,0,0,0,0,0,0,0,0,0,0,0,0,0,0,0,0
29,7,5,5,Old20,0,0,1,0,0,0,0,0,0,0,0,0,0,0,0,1,1,0,0
31,7,5,5,Old20,0,0,0,0,0,0,0,0,0,0,0,0,1,1,0,1,1,0,0
33,7,5,5,Old20,0,0,0,1,0,0,0,0,0,0,0,0,0,0,0,1,0,0,1
35,7,5,5,Old20,0,0,0,0,0,0,1,0,0,0,0,0,0,5,1,0,0,0,0
36,7,5,5,Old20,0,0,0,0,0,0,0,0,0,0,0,0,0,0,2,0,0,0,0
25,7,6,1,Old20,0,0,1,0,0,0,0,0,0,0,0,0,0,0,0,0,0,0,0
27,7,6,1,Old20,0,0,2,0,0,0,0,0,1,0,0,0,0,0,0,0,2,0,0
29,7,6,1,Old20,0,0,1,0,0,0,0,0,1,0,0,0,0,1,0,0,0,0,0
31,7,6,1,Old20,0,0,0,0,0,0,0,0,0,0,0,0,0,0,0,1,0,1,3
33,7,6,1,Old20,0,0,0,0,0,0,0,0,0,0,0,0,0,1,0,0,0,0,0
35,7,6,1,Old20,0,0,0,0,0,0,0,0,1,0,0,0,0,1,3,0,0,0,0
36,7,6,1,Old20,0,0,0,0,0,0,0,0,0,0,0,0,0,0,1,0,0,0,0
25,7,6,2,Old20,0,0,0,0,0,0,0,0,0,0,0,0,0,0,1,0,0,0,0
27,7,6,2,Old20,0,0,1,0,0,0,0,0,0,0,0,0,0,0,0,0,2,0,0
29,7,6,2,Old20,0,0,1,0,0,0,0,0,1,0,0,0,0,0,0,1,1,0,0
31,7,6,2,Old20,0,0,0,0,0,0,0,0,2,0,0,0,0,1,0,0,0,0,0
33,7,6,2,Old20,0,0,1,1,0,0,0,0,0,0,0,0,0,0,0,0,0,0,0
35,7,6,2,Old20,0,0,2,0,0,0,0,0,0,0,0,0,0,0,0,0,0,0,0
36,7,6,2,Old20,0,0,0,0,0,0,0,0,0,0,0,0,0,0,2,0,0,0,0
25,7,6,3,Old20,0,0,0,0,0,0,0,0,0,0,0,0,0,0,0,0,0,0,0
27,7,6,3,Old20,0,2,0,0,0,0,0,0,0,0,0,0,0,0,0,0,0,0,0
29,7,6,3,Old20,0,0,0,0,0,0,0,0,0,0,0,0,0,0,0,0,0,0,0
31,7,6,3,Old20,0,0,0,0,0,0,0,0,0,0,0,0,0,0,0,0,0,0,0
33,7,6,3,Old20,0,0,0,0,0,0,0,0,1,0,0,0,0,0,1,1,1,0,0
35,7,6,3,Old20,0,0,3,0,0,0,1,0,0,0,0,1,0,0,2,0,0,1,0
36,7,6,3,Old20,0,0,0,0,0,0,1,0,0,0,0,0,0,0,0,0,0,0,0
25,7,6,4,Old20,0,0,0,0,0,0,0,0,0,0,0,0,0,1,0,0,0,0,0
27,7,6,4,Old20,0,0,0,0,0,0,0,0,0,0,0,0,0,0,0,0,0,0,0
29,7,6,4,Old20,0,0,0,0,0,0,0,0,0,0,0,0,0,1,0,0,0,0,0
31,7,6,4,Old20,0,0,0,0,0,0,0,0,0,0,0,0,0,1,0,0,1,0,0
33,7,6,4,Old20,0,0,1,0,0,0,0,0,1,0,0,0,0,3,1,0,0,0,0
35,7,6,4,Old20,0,0,0,0,0,0,2,0,0,0,0,0,0,2,0,0,0,0,0
36,7,6,4,Old20,0,0,0,0,0,0,0,0,1,0,0,0,0,0,1,0,0,0,0
25,7,6,5,Old20,0,0,1,0,0,0,0,0,0,0,0,0,0,0,0,0,1,0,0
27,7,6,5,Old20,0,0,0,0,0,0,0,0,0,0,0,0,0,0,0,0,0,0,0
29,7,6,5,Old20,0,0,0,0,0,0,0,0,0,0,0,0,0,1,0,0,0,0,0
31,7,6,5,Old20,0,0,1,1,0,0,0,0,0,0,0,0,0,1,0,0,0,0,1
33,7,6,5,Old20,0,0,0,0,0,0,0,0,3,0,0,0,1,1,2,0,1,0,1
35,7,6,5,Old20,0,0,0,0,0,0,0,0,0,0,0,0,0,1,3,0,0,0,0
36,7,6,5,Old20,0,0,0,0,0,0,0,0,0,0,0,0,0,0,0,0,1,0,0
25,CF,1,1,Old20,0,0,0,0,0,0,0,0,0,0,0,0,0,0,0,0,0,0,3
27,CF,1,1,Old20,0,0,0,0,0,0,1,0,0,0,0,0,0,0,0,0,0,2,1
29,CF,1,1,Old20,0,0,0,0,0,0,1,0,0,0,0,0,0,0,0,2,0,0,4
31,CF,1,1,Old20,0,0,0,0,0,0,0,0,0,0,0,0,0,0,0,0,0,0,2
33,CF,1,1,Old20,0,0,0,0,0,0,0,0,0,0,0,0,0,0,0,0,0,2,0
35,CF,1,1,Old20,0,0,0,0,0,0,0,0,0,0,0,0,0,0,0,0,0,4,0
36,CF,1,1,Old20,0,0,0,0,0,0,0,0,0,0,0,0,0,0,0,0,0,1,0
25,CF,1,2,Old20,0,0,0,0,0,0,0,0,0,0,0,0,0,0,0,0,0,1,0
27,CF,1,2,Old20,0,0,0,0,0,0,0,0,0,0,0,0,0,0,0,4,0,1,0
29,CF,1,2,Old20,0,0,0,0,0,0,0,0,0,0,0,0,0,0,0,0,0,0,1
31,CF,1,2,Old20,0,0,0,0,0,0,0,0,0,0,0,0,0,0,0,0,0,0,0
33,CF,1,2,Old20,0,0,0,0,0,0,0,0,0,0,0,0,0,0,0,0,0,2,1
35,CF,1,2,Old20,0,0,0,0,0,0,0,0,0,0,0,0,0,0,0,0,0,0,0
36,CF,1,2,Old20,0,0,0,0,0,0,0,0,0,0,0,0,0,0,0,0,0,0,0
25,CF,1,3,Old20,0,0,0,0,0,0,0,0,0,0,0,0,0,0,0,0,0,0,0
27,CF,1,3,Old20,0,0,0,0,0,0,0,0,0,0,0,0,0,0,0,1,0,0,0
29,CF,1,3,Old20,0,0,0,0,0,0,0,0,0,0,0,0,0,0,0,0,0,0,0
31,CF,1,3,Old20,0,0,0,0,0,0,0,0,0,0,0,0,0,0,0,0,0,0,0
33,CF,1,3,Old20,0,0,0,0,0,0,0,0,0,0,0,0,0,0,0,0,0,4,1
35,CF,1,3,Old20,0,0,0,0,0,0,0,0,0,0,0,0,0,0,0,0,0,4,0
36,CF,1,3,Old20,0,0,0,0,0,0,0,0,0,0,0,0,0,0,0,0,0,1,0
25,CF,1,4,Old20,0,0,0,0,0,0,0,0,0,0,0,0,0,0,0,0,0,1,0
27,CF,1,4,Old20,0,0,0,0,0,0,0,0,2,0,0,0,0,0,0,1,0,0,1
29,CF,1,4,Old20,0,0,0,0,0,0,0,0,0,0,0,0,0,0,0,0,0,0,1
31,CF,1,4,Old20,0,0,0,0,0,0,1,0,0,0,0,0,0,0,0,1,0,0,0
33,CF,1,4,Old20,0,0,0,0,0,0,0,0,0,0,0,0,0,0,0,0,0,0,0
35,CF,1,4,Old20,0,0,0,0,0,0,0,0,0,0,0,0,0,0,0,0,0,1,0
36,CF,1,4,Old20,0,0,0,0,0,0,0,0,0,0,0,0,0,0,0,0,0,0,0
25,CF,1,5,Old20,0,0,0,0,0,0,0,0,0,0,0,0,0,0,0,3,0,1,0
27,CF,1,5,Old20,0,0,0,0,0,0,1,0,0,0,0,0,0,0,0,5,0,0,0
29,CF,1,5,Old20,0,0,0,0,0,0,0,0,1,0,0,0,0,0,0,0,0,0,0
31,CF,1,5,Old20,0,0,0,0,0,0,0,0,0,0,0,0,0,0,0,0,0,0,0
33,CF,1,5,Old20,0,0,0,0,0,0,0,0,1,0,0,0,0,0,0,0,0,0,0
35,CF,1,5,Old20,0,0,0,0,0,0,0,0,0,0,0,0,0,0,0,0,0,5,0
36,CF,1,5,Old20,0,0,0,0,0,0,0,0,0,0,0,0,0,0,0,0,0,2,0
25,CF,2,1,Old20,0,0,0,0,0,0,0,0,0,0,0,0,0,0,0,0,0,3,0
27,CF,2,1,Old20,0,0,0,0,0,0,0,0,0,0,0,0,0,0,0,0,0,0,0
29,CF,2,1,Old20,0,0,0,0,0,0,0,0,0,0,0,0,0,0,0,0,0,0,0
31,CF,2,1,Old20,0,0,0,0,0,0,0,0,0,0,0,0,0,0,0,0,0,0,3
33,CF,2,1,Old20,0,0,0,0,0,0,0,0,0,0,0,0,0,0,0,0,0,2,6
35,CF,2,1,Old20,0,0,0,0,0,0,0,0,0,0,0,0,0,0,0,0,0,2,1
36,CF,2,1,Old20,0,0,0,0,0,0,0,0,0,0,0,0,0,0,0,0,0,1,1
25,CF,2,2,Old20,0,0,0,0,0,0,0,0,0,0,0,0,0,0,0,0,0,0,0
27,CF,2,2,Old20,0,0,0,0,0,0,0,0,0,0,0,0,0,0,0,0,0,0,0
29,CF,2,2,Old20,0,0,0,0,0,0,0,0,0,0,0,0,0,0,0,0,0,0,5
31,CF,2,2,Old20,0,0,0,0,0,0,0,0,0,0,0,0,0,0,0,0,0,0,29
33,CF,2,2,Old20,0,0,0,0,0,0,0,0,0,0,0,0,0,0,0,0,0,0,28
35,CF,2,2,Old20,0,0,0,0,0,0,0,0,0,0,0,0,0,0,0,0,0,4,12
36,CF,2,2,Old20,0,0,0,0,0,0,0,0,0,0,0,0,0,0,0,0,0,0,1
25,CF,2,3,Old20,0,0,0,0,0,0,0,0,0,0,0,0,0,0,0,3,0,0,0
27,CF,2,3,Old20,0,0,0,0,0,0,0,0,0,0,0,0,0,0,0,0,0,0,0
29,CF,2,3,Old20,0,0,0,0,0,0,0,0,0,0,0,0,0,0,0,0,0,0,1
31,CF,2,3,Old20,0,0,0,0,0,0,0,0,0,0,0,0,0,0,0,0,0,0,2
33,CF,2,3,Old20,0,0,0,0,0,0,0,0,0,0,0,0,0,0,0,0,0,8,0
35,CF,2,3,Old20,0,0,0,0,0,0,0,0,0,0,0,0,0,0,0,0,0,1,0
36,CF,2,3,Old20,0,0,0,0,0,0,0,0,0,0,0,0,0,0,0,0,0,3,0
25,CF,2,4,Old20,0,0,0,0,0,0,0,0,0,0,0,0,0,0,0,0,0,0,0
27,CF,2,4,Old20,0,0,0,0,0,0,0,0,0,0,0,0,0,0,0,0,0,1,0
29,CF,2,4,Old20,0,0,0,0,0,0,0,0,0,0,0,0,0,0,0,0,0,0,1
31,CF,2,4,Old20,0,0,0,0,0,0,0,0,0,0,0,0,0,0,0,0,0,0,0
33,CF,2,4,Old20,0,0,0,0,0,0,0,0,0,0,0,0,0,0,0,0,0,1,1
35,CF,2,4,Old20,0,0,0,0,0,0,0,0,0,0,0,0,0,0,0,0,0,0,0
36,CF,2,4,Old20,0,0,0,0,0,0,0,0,0,0,0,0,0,0,0,0,0,1,0
25,CF,2,5,Old20,0,0,0,0,0,0,0,0,0,0,0,0,0,0,0,0,0,0,0
27,CF,2,5,Old20,0,0,0,0,0,0,0,0,0,0,0,0,0,0,0,0,0,0,0
29,CF,2,5,Old20,0,0,0,0,0,0,0,0,0,0,0,0,0,0,0,0,0,0,0
31,CF,2,5,Old20,0,0,0,0,0,0,0,0,0,0,0,0,0,0,0,0,0,2,2
33,CF,2,5,Old20,0,0,0,0,0,0,0,0,0,0,0,0,0,0,0,0,0,3,2
35,CF,2,5,Old20,0,0,0,0,0,0,0,0,0,0,0,0,0,0,0,0,0,2,0
36,CF,2,5,Old20,0,0,0,0,0,0,0,0,0,0,0,0,0,0,0,0,0,4,0
25,CF,3,1,Old20,0,0,0,0,0,0,0,0,0,0,0,0,0,0,0,7,0,0,0
27,CF,3,1,Old20,0,0,0,0,0,0,0,0,0,0,0,0,0,0,0,0,0,0,0
29,CF,3,1,Old20,0,0,0,0,0,0,0,0,0,0,0,0,0,0,0,1,0,1,0
31,CF,3,1,Old20,0,0,0,0,0,0,0,0,0,0,0,0,0,0,0,0,0,0,0
33,CF,3,1,Old20,0,0,0,0,0,0,0,0,0,0,0,0,0,0,0,0,0,0,0
35,CF,3,1,Old20,0,0,0,0,0,0,0,0,0,0,0,0,0,0,0,0,0,1,0
36,CF,3,1,Old20,0,0,0,0,0,0,0,0,0,0,0,0,0,0,0,0,0,0,0
25,CF,3,2,Old20,0,0,0,0,0,0,0,0,0,0,0,0,0,0,0,1,0,0,0
27,CF,3,2,Old20,0,0,0,0,0,0,0,0,0,0,0,0,0,0,0,0,0,0,0
29,CF,3,2,Old20,0,0,0,0,0,0,0,0,0,0,0,0,0,0,0,0,0,0,0
31,CF,3,2,Old20,0,0,0,0,0,0,0,0,0,0,0,0,0,0,0,0,0,0,2
33,CF,3,2,Old20,0,0,0,0,0,0,0,0,0,0,0,0,0,0,0,0,0,0,0
35,CF,3,2,Old20,0,0,0,0,0,0,0,0,1,0,0,0,0,0,0,0,0,3,0
36,CF,3,2,Old20,0,0,0,0,0,0,0,0,0,0,0,0,0,0,0,0,0,2,0
25,CF,3,3,Old20,0,0,0,0,0,0,0,0,0,0,0,0,0,0,0,1,0,0,0
27,CF,3,3,Old20,0,0,0,0,0,0,0,0,0,0,0,0,0,0,0,0,0,0,0
29,CF,3,3,Old20,0,0,0,0,0,0,0,0,0,0,0,0,0,0,0,1,0,0,0
31,CF,3,3,Old20,0,0,0,0,0,0,0,0,0,0,0,0,0,0,0,1,0,1,1
33,CF,3,3,Old20,0,0,0,0,0,0,0,0,0,0,0,0,0,0,0,0,0,2,3
35,CF,3,3,Old20,0,0,0,0,0,0,0,0,0,0,0,0,0,0,0,0,0,3,0
36,CF,3,3,Old20,0,0,0,0,0,0,0,0,0,0,0,0,0,0,0,0,0,0,0
25,CF,3,4,Old20,0,0,0,0,0,0,0,0,0,0,0,0,0,0,0,1,0,0,1
27,CF,3,4,Old20,0,0,0,0,0,0,0,0,0,0,0,0,0,0,0,0,0,0,0
29,CF,3,4,Old20,0,0,0,0,0,0,0,0,0,0,0,0,0,0,0,2,0,0,0
31,CF,3,4,Old20,0,0,0,0,0,0,0,0,0,0,0,0,0,0,0,0,0,0,0
33,CF,3,4,Old20,0,0,0,0,0,0,0,0,0,0,0,0,0,0,0,0,0,0,1
35,CF,3,4,Old20,0,0,0,0,0,0,0,0,0,0,0,0,0,0,0,0,0,4,1
36,CF,3,4,Old20,0,0,0,0,0,0,0,0,0,0,0,0,0,0,0,0,0,2,2
25,CF,3,5,Old20,0,0,0,0,0,0,0,0,0,0,0,0,0,0,0,1,0,1,0
27,CF,3,5,Old20,0,0,0,0,0,0,0,0,0,0,0,0,0,0,0,1,0,0,0
29,CF,3,5,Old20,0,0,0,0,0,0,0,0,0,0,0,0,0,0,0,2,0,0,1
31,CF,3,5,Old20,0,0,0,0,0,0,0,0,0,0,0,0,0,0,0,0,0,0,3
33,CF,3,5,Old20,0,0,0,0,0,0,0,0,0,0,0,0,0,0,0,0,0,2,1
35,CF,3,5,Old20,0,0,0,0,0,0,0,0,0,0,0,0,0,0,0,0,0,1,2
36,CF,3,5,Old20,0,0,0,0,0,0,0,0,0,0,0,0,0,0,0,0,0,4,0
25,DF,1,1,Old20,0,0,0,0,0,0,0,0,0,0,0,0,0,0,0,0,0,0,0
27,DF,1,1,Old20,0,0,0,0,0,0,0,0,0,0,0,0,0,0,0,0,0,0,0
29,DF,1,1,Old20,0,0,0,0,0,0,0,0,1,0,0,0,0,0,0,0,0,0,2
31,DF,1,1,Old20,0,0,0,0,0,0,0,0,0,0,0,0,0,0,0,0,0,0,1
33,DF,1,1,Old20,0,0,0,0,0,0,0,0,1,0,0,0,0,0,0,0,0,0,1
35,DF,1,1,Old20,0,0,0,0,0,0,0,0,1,0,0,0,0,0,0,0,0,3,0
36,DF,1,1,Old20,0,0,0,0,0,0,0,0,0,0,0,0,0,0,0,0,0,0,0
25,DF,1,2,Old20,0,0,0,0,0,0,0,0,0,0,0,0,0,0,0,0,0,0,0
27,DF,1,2,Old20,0,0,0,0,0,0,0,0,0,0,0,0,0,0,0,1,0,0,0
29,DF,1,2,Old20,0,0,0,0,0,0,0,0,0,0,0,0,0,0,0,0,0,0,0
31,DF,1,2,Old20,0,0,0,0,0,0,0,0,0,0,0,0,0,0,0,0,0,0,0
33,DF,1,2,Old20,0,0,0,0,0,0,0,0,0,0,0,0,0,0,0,0,0,0,1
35,DF,1,2,Old20,0,0,0,0,0,0,0,0,3,0,0,0,0,0,0,0,0,0,0
36,DF,1,2,Old20,0,0,0,0,0,0,0,0,0,0,0,0,0,0,0,0,0,0,0
25,DF,1,3,Old20,0,0,0,0,0,0,0,0,0,0,0,0,0,0,0,0,0,0,0
27,DF,1,3,Old20,0,0,0,0,0,0,0,0,0,0,0,0,0,0,0,0,0,0,2
29,DF,1,3,Old20,0,0,0,0,0,0,0,0,0,0,0,0,0,0,0,0,0,0,0
31,DF,1,3,Old20,0,0,0,0,0,0,0,0,0,0,0,0,0,0,0,0,0,0,0
33,DF,1,3,Old20,0,0,0,0,0,0,0,0,0,0,0,0,0,0,0,0,0,1,0
35,DF,1,3,Old20,0,0,0,0,0,0,0,0,1,0,0,0,0,0,0,0,0,0,0
36,DF,1,3,Old20,0,0,0,0,0,0,0,0,0,0,0,0,0,0,0,0,0,0,0
25,DF,1,4,Old20,0,0,0,0,0,0,0,0,0,0,0,0,0,0,0,1,0,1,0
27,DF,1,4,Old20,0,0,0,0,0,0,0,0,0,0,0,0,0,0,0,8,0,0,0
29,DF,1,4,Old20,0,0,0,0,0,0,0,0,0,0,0,0,0,0,0,0,0,0,0
31,DF,1,4,Old20,0,0,0,0,0,0,0,0,1,0,0,0,0,0,0,0,0,0,1
33,DF,1,4,Old20,0,0,0,0,0,0,1,0,1,0,0,0,0,0,0,0,0,2,0
35,DF,1,4,Old20,0,0,0,0,0,0,0,0,0,0,0,0,0,0,0,0,0,2,1
36,DF,1,4,Old20,0,0,0,0,0,0,0,0,0,0,0,0,0,0,0,0,0,0,0
25,DF,1,5,Old20,0,0,0,0,0,0,0,0,0,0,0,0,0,0,0,0,0,0,0
27,DF,1,5,Old20,0,0,0,0,0,0,0,0,0,0,0,0,0,0,0,0,0,0,0
29,DF,1,5,Old20,0,0,0,0,0,0,0,0,0,0,0,0,0,0,0,3,0,0,0
31,DF,1,5,Old20,0,0,0,0,0,0,0,0,0,0,0,0,0,0,0,0,0,0,1
33,DF,1,5,Old20,0,0,0,0,0,0,0,0,0,0,0,0,0,0,0,0,0,3,0
35,DF,1,5,Old20,0,0,0,0,0,0,0,0,0,0,0,0,0,0,0,0,0,1,0
36,DF,1,5,Old20,0,0,0,0,0,0,0,0,0,0,0,0,0,0,0,0,1,1,0
25,DF,2,1,Old20,0,0,0,0,0,0,0,0,0,0,0,0,0,0,0,0,0,0,0
27,DF,2,1,Old20,0,0,0,0,0,0,0,0,0,0,0,0,0,0,0,0,0,0,0
29,DF,2,1,Old20,0,0,0,0,0,0,0,0,0,0,0,0,0,0,0,0,0,0,2
31,DF,2,1,Old20,0,0,0,0,0,0,0,0,1,0,0,0,0,0,0,1,0,0,0
33,DF,2,1,Old20,0,0,0,0,0,0,0,0,0,0,0,0,0,0,0,1,0,3,0
35,DF,2,1,Old20,0,0,0,0,0,0,0,0,0,0,0,0,0,0,0,0,0,11,0
36,DF,2,1,Old20,0,0,0,0,0,0,0,0,0,0,0,0,0,0,0,0,0,4,0
25,DF,2,2,Old20,0,0,0,0,0,0,0,0,0,0,0,0,0,0,0,1,0,0,0
27,DF,2,2,Old20,0,0,0,0,0,0,0,0,0,0,0,0,0,0,0,1,0,0,0
29,DF,2,2,Old20,0,0,0,0,0,0,0,0,0,0,0,0,0,0,0,0,0,0,0
31,DF,2,2,Old20,0,0,0,0,0,0,0,0,0,0,0,0,0,0,0,1,0,0,0
33,DF,2,2,Old20,0,0,0,0,0,0,0,0,0,0,0,0,0,0,0,0,0,1,1
35,DF,2,2,Old20,0,0,0,0,0,0,0,0,0,0,0,0,0,0,0,0,0,1,0
36,DF,2,2,Old20,0,0,0,0,0,0,0,0,0,0,0,0,0,0,0,0,0,0,0
25,DF,2,3,Old20,0,0,0,0,0,0,0,0,0,0,0,0,0,0,0,2,0,0,0
27,DF,2,3,Old20,0,0,0,0,0,0,0,0,0,0,0,0,0,0,0,0,0,0,0
29,DF,2,3,Old20,0,0,0,0,0,0,0,0,0,0,0,0,0,0,0,2,0,0,4
31,DF,2,3,Old20,0,0,0,0,0,0,0,0,0,0,0,0,0,0,0,0,0,0,1
33,DF,2,3,Old20,0,0,0,0,0,0,0,0,0,0,0,0,0,0,0,0,1,5,3
35,DF,2,3,Old20,0,0,0,0,0,0,0,0,0,0,0,0,0,0,0,0,0,1,0
36,DF,2,3,Old20,0,0,0,0,0,0,0,0,0,0,0,0,0,0,0,0,0,1,0
25,DF,2,4,Old20,0,0,0,0,0,0,0,0,0,0,0,0,0,0,0,1,0,0,1
27,DF,2,4,Old20,0,0,0,0,0,0,0,0,0,0,0,0,0,0,0,1,0,0,0
29,DF,2,4,Old20,0,0,0,0,0,0,0,0,0,0,0,0,0,0,0,3,0,0,0
31,DF,2,4,Old20,0,0,0,0,0,0,0,0,0,0,0,0,0,0,0,0,1,0,2
33,DF,2,4,Old20,0,0,0,0,0,0,0,0,0,0,0,0,0,0,0,0,0,3,3
35,DF,2,4,Old20,0,0,0,0,0,0,0,0,0,0,0,0,0,0,0,0,0,1,0
36,DF,2,4,Old20,0,0,0,0,0,0,0,0,0,0,0,0,0,0,0,0,1,1,0
25,DF,2,5,Old20,0,0,0,0,0,0,0,0,0,0,0,0,0,0,0,0,0,0,1
27,DF,2,5,Old20,0,0,0,0,0,0,0,0,0,0,0,0,0,0,0,0,0,0,0
29,DF,2,5,Old20,0,0,0,0,0,0,0,0,0,0,0,0,0,0,0,1,0,0,0
31,DF,2,5,Old20,0,0,0,0,0,0,0,0,0,0,0,0,0,0,0,0,0,0,1
33,DF,2,5,Old20,0,0,0,0,0,0,0,0,0,0,0,0,0,0,0,0,0,1,2
35,DF,2,5,Old20,0,0,0,0,0,0,0,0,0,0,0,0,0,0,0,0,0,3,0
36,DF,2,5,Old20,0,0,0,0,0,0,0,0,0,0,0,0,0,0,0,0,0,0,0
25,DF,3,1,Old20,0,0,0,0,0,0,0,0,0,0,0,0,0,0,0,0,0,0,0
27,DF,3,1,Old20,0,0,0,0,0,0,0,0,0,0,0,0,0,0,0,0,0,0,0
29,DF,3,1,Old20,0,0,0,0,0,0,0,0,0,0,0,0,0,0,0,0,0,0,0
31,DF,3,1,Old20,0,0,0,0,0,0,0,0,0,0,0,0,0,0,0,0,0,0,0
33,DF,3,1,Old20,0,0,0,0,0,0,0,0,0,0,0,0,0,0,0,0,0,3,0
35,DF,3,1,Old20,0,0,0,0,0,0,0,0,0,0,0,0,0,0,0,0,0,1,1
36,DF,3,1,Old20,0,0,0,0,0,0,0,0,0,0,0,0,0,0,0,0,0,2,0
25,DF,3,2,Old20,0,0,0,0,0,0,0,0,0,0,0,0,0,0,0,0,0,0,0
27,DF,3,2,Old20,0,0,0,0,0,0,0,0,0,0,0,0,0,0,0,0,0,0,0
29,DF,3,2,Old20,0,0,0,0,0,0,0,0,0,0,0,0,0,0,0,0,0,0,3
31,DF,3,2,Old20,0,0,0,0,0,0,0,0,0,0,0,0,0,0,0,6,0,0,0
33,DF,3,2,Old20,0,0,0,0,0,0,0,0,0,0,0,0,0,0,0,0,0,6,1
35,DF,3,2,Old20,0,0,0,0,0,0,0,0,1,0,0,0,0,0,0,0,0,3,0
36,DF,3,2,Old20,0,0,0,0,0,0,0,0,0,0,0,0,0,0,0,0,0,1,0
25,DF,3,3,Old20,0,0,0,0,0,0,0,0,0,0,0,0,0,0,0,0,0,0,0
27,DF,3,3,Old20,0,0,0,0,0,0,0,0,0,0,0,0,0,0,0,0,0,0,1
29,DF,3,3,Old20,0,0,0,0,0,0,0,0,0,0,0,0,0,0,0,1,0,0,0
31,DF,3,3,Old20,0,0,0,0,0,0,0,0,0,0,0,0,0,0,0,0,0,1,2
33,DF,3,3,Old20,0,0,0,0,0,0,0,0,1,0,0,0,0,0,0,0,0,3,0
35,DF,3,3,Old20,0,0,0,0,0,0,0,0,0,0,0,0,0,0,0,0,0,1,0
36,DF,3,3,Old20,0,0,0,0,0,0,0,0,1,0,0,0,0,0,0,0,0,2,0
25,DF,3,4,Old20,0,0,0,0,0,0,0,0,0,0,0,0,0,0,0,0,0,0,0
27,DF,3,4,Old20,0,0,0,0,0,0,0,0,0,0,0,0,0,0,0,0,0,0,0
29,DF,3,4,Old20,0,0,0,0,0,0,0,0,0,0,0,0,0,0,0,1,0,0,0
31,DF,3,4,Old20,0,0,0,0,0,0,0,0,0,0,0,0,0,0,0,0,0,0,2
33,DF,3,4,Old20,0,0,0,0,0,0,0,0,0,0,0,0,0,0,0,1,0,1,0
35,DF,3,4,Old20,0,0,0,0,0,0,0,0,0,0,0,0,0,0,0,0,0,3,0
36,DF,3,4,Old20,0,0,0,0,0,0,0,0,0,0,0,0,0,0,0,0,0,0,0
25,DF,3,5,Old20,0,0,0,0,0,0,0,0,0,0,0,0,0,0,0,0,1,0,0
27,DF,3,5,Old20,0,0,0,0,0,0,0,0,0,0,0,0,0,0,0,0,0,1,0
29,DF,3,5,Old20,0,0,0,0,0,0,0,0,0,0,0,0,0,0,0,1,0,0,0
31,DF,3,5,Old20,0,0,0,0,0,0,0,0,0,0,0,0,0,0,0,0,0,0,2
33,DF,3,5,Old20,0,0,0,0,0,0,0,0,0,0,0,0,0,0,0,0,0,4,0
35,DF,3,5,Old20,0,0,0,0,0,0,0,0,0,0,0,0,0,0,0,0,0,3,0
36,DF,3,5,Old20,0,0,0,0,0,0,0,0,0,0,0,0,0,0,0,0,0,3,0
25,SF,1,1,Old20,0,0,0,0,0,0,0,0,0,0,0,0,0,0,0,0,0,9,1
27,SF,1,1,Old20,0,0,0,0,0,0,0,0,0,0,0,0,0,0,0,0,0,1,0
29,SF,1,1,Old20,0,0,0,0,0,0,0,0,0,0,0,0,0,0,0,0,2,0,0
31,SF,1,1,Old20,0,0,0,0,0,0,0,0,0,0,0,0,0,0,0,0,0,0,0
33,SF,1,1,Old20,0,0,0,0,0,0,0,0,0,0,0,0,0,2,0,0,0,0,0
35,SF,1,1,Old20,0,0,0,0,0,0,0,0,1,0,0,0,0,0,0,0,0,1,0
36,SF,1,1,Old20,0,0,0,0,0,0,2,0,0,0,0,0,0,0,0,0,0,1,0
25,SF,1,2,Old20,0,0,1,0,0,0,0,0,0,0,0,0,0,2,0,0,1,0,0
27,SF,1,2,Old20,0,0,2,0,0,0,0,0,2,0,0,0,0,1,0,1,0,0,0
29,SF,1,2,Old20,0,0,0,0,0,0,0,0,0,0,0,0,0,0,0,1,0,0,1
31,SF,1,2,Old20,0,0,0,0,0,0,1,0,0,0,0,0,0,0,0,0,0,0,0
33,SF,1,2,Old20,0,0,0,0,0,0,0,0,3,0,0,0,0,2,0,0,0,0,0
35,SF,1,2,Old20,0,0,0,0,0,0,0,0,0,0,0,0,0,2,0,0,0,1,0
36,SF,1,2,Old20,0,0,0,0,0,0,0,0,1,0,0,0,0,0,0,0,0,0,0
25,SF,1,3,Old20,0,0,1,0,0,0,0,0,0,0,0,0,0,0,0,0,0,0,0
27,SF,1,3,Old20,0,0,0,0,0,0,0,0,0,0,0,0,0,0,0,0,0,0,0
29,SF,1,3,Old20,0,0,1,0,0,0,0,0,0,0,0,0,0,0,0,1,0,0,0
31,SF,1,3,Old20,0,0,2,0,0,0,0,0,0,0,0,0,0,0,0,0,0,0,0
33,SF,1,3,Old20,0,0,0,0,0,0,0,0,0,0,0,0,0,0,0,0,0,0,0
35,SF,1,3,Old20,0,0,1,0,0,0,4,0,0,0,0,0,0,6,0,0,0,0,0
36,SF,1,3,Old20,0,0,0,0,0,0,0,0,0,0,0,0,0,2,0,0,0,0,0
25,SF,1,4,Old20,0,0,0,0,0,0,0,0,0,0,0,0,0,0,0,0,0,0,0
27,SF,1,4,Old20,0,0,0,0,0,0,0,0,0,0,0,0,0,0,0,0,0,0,0
29,SF,1,4,Old20,0,0,0,0,0,0,0,0,0,0,0,0,0,0,0,0,0,0,0
31,SF,1,4,Old20,0,0,0,0,0,0,0,0,0,0,0,0,0,0,0,0,1,0,0
33,SF,1,4,Old20,0,0,0,0,0,0,0,0,1,0,0,0,0,0,0,0,0,0,0
35,SF,1,4,Old20,0,0,0,0,0,0,0,0,1,0,0,0,0,0,1,0,0,0,0
36,SF,1,4,Old20,0,0,0,0,0,0,0,0,0,0,0,0,0,0,0,0,0,0,0
25,SF,1,5,Old20,0,0,4,0,0,0,0,0,0,0,0,0,0,0,0,0,0,0,0
27,SF,1,5,Old20,0,0,0,0,0,0,0,0,0,0,0,0,0,0,0,0,0,0,0
29,SF,1,5,Old20,0,0,0,1,0,0,0,0,0,0,0,0,0,0,0,0,0,0,0
31,SF,1,5,Old20,0,0,0,0,0,0,0,0,0,0,0,0,0,0,0,0,1,0,0
33,SF,1,5,Old20,0,0,1,0,0,0,0,0,1,0,0,0,0,0,0,0,1,0,0
35,SF,1,5,Old20,0,0,1,0,0,0,0,0,3,0,0,0,0,0,2,0,0,0,0
36,SF,1,5,Old20,0,0,0,0,0,0,0,0,0,0,0,0,0,0,0,0,0,0,0
25,SF,2,1,Old20,0,0,0,0,0,0,0,0,0,0,0,0,0,0,0,1,0,7,1
27,SF,2,1,Old20,0,0,0,0,0,0,0,0,0,0,0,0,0,0,0,0,0,0,0
29,SF,2,1,Old20,0,0,0,0,0,0,0,0,0,0,0,0,0,0,0,0,0,0,0
31,SF,2,1,Old20,0,0,0,0,0,0,0,0,0,0,0,0,0,0,0,0,0,1,2
33,SF,2,1,Old20,0,0,0,0,0,0,0,0,0,0,0,0,0,0,0,0,0,1,1
35,SF,2,1,Old20,0,0,0,0,0,0,0,0,0,0,0,0,0,0,0,0,0,2,0
36,SF,2,1,Old20,0,0,0,0,0,0,0,0,0,0,0,0,0,0,0,0,0,1,0
25,SF,2,2,Old20,0,0,0,0,0,0,0,0,0,0,0,0,0,0,0,0,0,0,0
27,SF,2,2,Old20,0,0,0,0,0,0,0,0,0,0,0,0,0,0,0,0,0,0,0
29,SF,2,2,Old20,0,0,0,0,0,0,0,0,0,0,0,0,0,0,0,0,0,1,0
31,SF,2,2,Old20,0,0,0,0,0,0,0,0,0,0,0,0,0,0,0,0,0,1,2
33,SF,2,2,Old20,0,0,0,0,0,0,0,0,0,0,0,0,0,0,0,0,0,3,0
35,SF,2,2,Old20,0,0,0,0,0,0,0,0,0,0,0,0,0,0,0,0,0,0,0
36,SF,2,2,Old20,0,0,0,0,0,0,0,0,0,0,0,0,0,0,0,0,0,0,0
25,SF,2,3,Old20,0,0,0,0,0,0,0,0,0,0,0,0,0,0,0,0,0,0,0
27,SF,2,3,Old20,0,0,0,0,0,0,0,0,0,0,0,0,0,0,0,1,0,1,0
29,SF,2,3,Old20,0,0,0,0,0,0,0,0,0,0,0,0,0,0,0,0,0,0,1
31,SF,2,3,Old20,0,0,0,0,0,0,0,0,0,0,0,0,0,0,0,0,0,3,0
33,SF,2,3,Old20,0,0,0,0,0,0,0,0,0,0,0,0,0,0,0,0,0,6,1
35,SF,2,3,Old20,0,0,0,0,0,0,0,0,0,0,0,0,0,0,0,0,0,3,0
36,SF,2,3,Old20,0,0,0,0,0,0,0,0,0,0,0,0,0,0,0,0,0,3,0
25,SF,2,4,Old20,0,0,0,0,0,0,0,0,1,0,0,0,0,0,0,0,0,3,1
27,SF,2,4,Old20,0,0,0,0,0,0,0,0,0,0,0,0,0,0,0,0,0,6,0
29,SF,2,4,Old20,0,0,0,0,0,0,0,0,0,0,0,0,0,0,0,5,1,1,0
31,SF,2,4,Old20,0,0,0,0,0,0,0,0,0,0,0,0,0,0,0,0,0,2,0
33,SF,2,4,Old20,0,0,0,0,0,0,0,0,0,0,0,0,0,0,0,0,0,4,0
35,SF,2,4,Old20,0,0,0,0,0,0,0,0,0,0,0,0,0,0,0,0,0,3,1
36,SF,2,4,Old20,0,0,0,0,0,0,0,0,0,0,0,0,0,0,0,0,0,2,0
25,SF,2,5,Old20,0,0,0,0,0,0,1,0,0,0,0,0,0,0,0,3,0,0,0
27,SF,2,5,Old20,0,0,0,0,0,0,0,0,0,0,0,0,0,0,0,0,0,0,0
29,SF,2,5,Old20,0,0,0,0,0,0,0,0,0,0,0,0,0,0,0,0,0,0,0
31,SF,2,5,Old20,0,0,0,0,0,0,0,0,0,0,0,0,0,0,0,0,0,2,0
33,SF,2,5,Old20,0,0,0,0,0,0,0,0,0,0,0,0,0,0,0,1,0,0,0
35,SF,2,5,Old20,0,0,0,0,0,0,0,0,0,0,0,0,0,0,0,0,0,1,0
36,SF,2,5,Old20,0,0,0,0,0,0,0,0,0,0,0,0,0,0,0,0,0,0,0
25,SF,3,1,Old20,0,0,0,0,0,0,0,0,0,0,0,0,0,0,0,0,0,0,0
27,SF,3,1,Old20,0,0,0,0,0,0,0,0,0,0,0,0,0,0,0,1,0,1,0
29,SF,3,1,Old20,0,0,0,0,0,0,0,0,0,0,0,0,0,0,0,0,0,0,1
31,SF,3,1,Old20,0,0,0,0,0,0,0,0,0,0,0,0,0,0,0,0,0,0,1
33,SF,3,1,Old20,0,0,0,0,0,0,0,0,0,0,0,0,0,0,0,0,0,1,0
35,SF,3,1,Old20,0,0,0,0,0,0,0,0,0,0,0,0,0,0,0,0,0,2,0
36,SF,3,1,Old20,0,0,0,0,0,0,0,0,0,0,0,0,0,0,0,0,0,1,1
25,SF,3,2,Old20,0,0,0,0,0,0,0,0,0,0,0,0,0,0,0,0,0,1,0
27,SF,3,2,Old20,0,0,0,0,0,0,0,0,0,0,0,0,0,0,0,2,0,0,0
29,SF,3,2,Old20,0,0,0,0,0,0,0,0,0,0,0,0,0,0,0,0,0,1,0
31,SF,3,2,Old20,0,0,0,0,0,0,0,0,0,0,0,0,0,0,0,0,0,3,1
33,SF,3,2,Old20,0,0,0,0,0,0,0,0,0,0,0,0,0,0,0,0,0,2,1
35,SF,3,2,Old20,0,0,0,0,0,0,0,0,0,0,0,0,0,0,0,0,0,2,1
36,SF,3,2,Old20,0,0,0,0,0,0,0,0,0,0,0,0,0,0,0,0,0,1,1
25,SF,3,3,Old20,0,0,0,0,0,0,0,0,0,0,0,0,0,0,0,0,0,0,0
27,SF,3,3,Old20,0,0,0,0,0,0,0,0,0,0,0,0,0,0,0,0,0,1,1
29,SF,3,3,Old20,0,0,0,0,0,0,0,0,0,0,0,0,0,0,0,0,0,0,0
31,SF,3,3,Old20,0,0,0,0,0,0,0,0,0,0,0,0,0,0,0,0,0,0,1
33,SF,3,3,Old20,0,0,0,0,0,0,0,0,0,0,0,0,0,0,0,0,0,2,1
35,SF,3,3,Old20,0,0,0,0,0,0,0,0,0,0,0,0,0,0,0,0,0,1,0
36,SF,3,3,Old20,0,0,0,0,0,0,0,0,0,0,0,0,0,0,0,0,0,2,0
25,SF,3,4,Old20,0,0,0,0,0,0,0,0,0,0,0,0,0,0,0,0,0,0,1
27,SF,3,4,Old20,0,0,0,0,0,0,0,0,0,0,0,0,0,0,0,0,0,1,0
29,SF,3,4,Old20,0,0,0,0,0,0,0,0,0,0,0,0,0,0,0,1,0,1,2
31,SF,3,4,Old20,0,0,0,0,0,0,0,0,0,0,0,0,0,0,0,0,0,0,2
33,SF,3,4,Old20,0,0,0,0,0,0,0,0,0,0,0,0,0,0,0,0,0,0,0
35,SF,3,4,Old20,0,0,0,0,0,0,0,0,0,0,0,0,0,0,0,0,0,4,2
36,SF,3,4,Old20,0,0,0,0,0,0,0,0,0,0,0,0,0,0,0,0,0,1,0
25,SF,3,5,Old20,0,0,0,0,0,0,0,0,1,0,0,0,0,0,0,0,0,2,0
27,SF,3,5,Old20,0,0,0,0,0,0,0,0,0,0,0,0,0,0,0,0,0,2,0
29,SF,3,5,Old20,0,0,0,0,0,0,0,0,0,0,0,0,0,0,0,0,0,1,0
31,SF,3,5,Old20,0,0,0,0,0,0,0,0,0,0,0,0,0,0,0,0,0,0,0
33,SF,3,5,Old20,0,0,0,0,0,0,0,0,0,0,0,0,0,0,0,0,0,0,0
35,SF,3,5,Old20,0,0,0,0,0,0,0,0,0,0,0,0,0,0,0,0,0,1,0
36,SF,3,5,Old20,0,0,0,0,0,0,0,0,0,0,0,0,0,0,0,0,0,1,0
