week,TREAT,STATION,CARDYEAR,CARD,ABIPN,BURSI,C7,CMAC,CSTIG,CTRIF,CYCSP,H13,HAXY,HCONV,HGLAC,HPARN,HVAR,PQUA,CANTHARID,LAMPY,LCW,MECOP,X20SPOT,TRAPS
23,1,2,New21,New,0,0,4,1,0,0,0,0,0,0,0,0,1,0,0,0,0,0,0,6
23,1,4,New21,New,0,0,2,0,0,0,0,0,0,0,0,0,0,0,0,0,0,0,0,5
23,2,2,New21,New,0,0,0,0,0,0,0,0,0,0,0,0,0,0,0,0,0,0,0,6
23,2,4,New21,New,0,0,2,1,0,0,0,0,2,0,0,0,0,0,0,0,0,0,0,6
23,3,2,New21,New,0,0,1,0,0,0,0,0,0,0,0,0,0,0,0,0,0,1,0,6
23,3,4,New21,New,0,0,0,0,0,0,0,0,0,0,0,0,0,0,0,0,0,0,0,6
23,4,2,New21,New,0,0,2,0,0,0,0,0,0,0,0,0,0,0,0,0,0,0,0,6
23,4,4,New21,New,0,0,4,0,0,0,0,0,2,0,0,0,0,0,0,0,1,0,0,6
23,5,2,New21,New,0,0,0,0,0,0,0,0,3,0,0,0,0,0,2,0,1,0,0,6
23,5,4,New21,New,0,0,1,1,0,0,0,0,1,0,0,0,0,0,1,0,2,0,0,5
23,6,2,New21,New,0,0,1,0,0,0,0,0,0,0,0,0,0,0,3,0,0,0,0,6
23,6,4,New21,New,0,0,1,0,0,0,0,0,1,0,0,0,0,0,1,0,0,0,0,6
23,7,2,New21,New,0,0,2,0,0,0,0,0,2,0,0,0,0,0,1,0,0,0,0,6
23,7,4,New21,New,0,0,4,0,0,0,0,0,0,0,0,0,0,2,2,0,0,0,0,6
23,CF,2,New21,New,0,0,0,0,0,0,0,0,0,0,0,0,0,0,0,5,0,0,0,3
23,CF,4,New21,New,0,0,0,0,0,0,0,0,1,0,0,0,0,0,0,1,0,0,0,3
23,DF,2,New21,New,0,0,0,0,0,0,0,0,1,0,0,0,0,0,0,2,0,0,0,3
23,DF,4,New21,New,0,0,0,0,0,0,0,0,1,0,0,0,0,0,0,2,0,0,0,3
23,SF,2,New21,New,0,0,1,0,0,0,0,0,2,0,0,0,0,0,0,1,0,0,0,3
23,SF,4,New21,New,0,0,0,0,0,0,0,0,0,0,0,0,0,0,0,1,0,0,0,3
25,1,2,New21,New,0,0,11,0,0,0,0,0,1,0,0,0,0,1,0,0,2,0,0,6
25,1,4,New21,New,0,0,6,0,0,0,0,0,1,0,0,1,0,0,0,0,2,0,0,6
25,2,2,New21,New,0,1,1,0,0,0,0,0,0,0,0,0,0,0,0,1,0,0,0,6
25,2,4,New21,New,0,0,3,0,0,0,0,0,0,0,0,0,0,0,0,0,0,0,0,6
25,3,2,New21,New,0,1,7,0,0,0,0,0,0,0,0,0,0,0,0,0,0,0,0,6
25,3,4,New21,New,0,0,7,0,0,0,0,0,1,0,0,0,1,0,1,0,0,0,0,6
25,4,2,New21,New,0,0,7,0,0,0,0,0,2,0,0,0,0,0,0,0,1,0,0,6
25,4,4,New21,New,0,0,5,0,0,0,0,0,0,0,0,1,0,0,1,0,0,0,0,6
25,5,2,New21,New,0,0,2,0,0,0,0,0,1,0,0,0,1,1,2,1,7,0,0,6
25,5,4,New21,New,0,0,7,0,0,0,0,0,2,0,0,0,0,2,1,0,12,0,0,6
25,6,2,New21,New,0,0,6,1,0,0,0,0,1,0,0,1,0,1,1,0,3,0,0,6
25,6,4,New21,New,0,0,12,4,0,0,0,0,0,0,0,1,1,1,1,2,2,0,0,6
25,7,2,New21,New,0,0,8,0,0,0,0,0,2,0,0,0,0,0,2,1,3,0,0,6
25,7,4,New21,New,0,0,12,0,0,0,0,0,3,0,0,1,0,0,3,0,0,0,0,6
25,CF,2,New21,New,0,0,0,0,0,0,0,0,0,0,0,0,0,0,0,4,0,2,0,3
25,CF,4,New21,New,0,0,0,0,0,0,1,0,0,0,0,0,0,0,0,0,0,4,0,3
25,DF,2,New21,New,0,0,0,0,0,0,0,0,1,0,0,0,0,0,0,1,0,2,0,3
25,DF,4,New21,New,0,0,0,0,0,0,0,0,0,0,0,0,0,0,0,1,0,1,0,3
25,SF,2,New21,New,0,0,0,0,0,0,2,0,1,0,0,0,0,0,0,0,0,0,0,3
25,SF,4,New21,New,0,0,1,0,0,0,0,0,0,0,0,0,0,0,0,2,0,7,1,3
27,1,2,New21,New,0,0,1,0,0,0,0,0,4,0,0,0,0,0,0,6,0,0,0,5
27,1,4,New21,New,0,0,2,0,0,0,0,0,4,0,0,0,2,0,0,2,2,0,0,5
27,2,2,New21,New,0,0,6,0,0,0,0,0,2,0,0,0,3,0,0,4,0,0,0,6
27,2,4,New21,New,0,0,9,1,0,0,0,0,4,0,0,0,1,0,0,4,1,0,0,6
27,3,2,New21,New,0,0,4,0,0,0,0,0,2,0,0,0,2,0,0,2,0,0,0,6
27,3,4,New21,New,0,0,1,0,0,0,0,0,0,0,0,0,2,0,0,2,0,0,0,6
27,4,2,New21,New,0,0,4,0,0,0,0,0,0,0,0,0,0,0,0,4,1,0,0,6
27,4,4,New21,New,0,0,3,0,0,0,0,0,2,0,0,1,1,2,0,0,1,0,0,6
27,5,2,New21,New,0,0,0,0,0,0,0,0,3,0,0,0,0,0,0,2,5,0,0,6
27,5,4,New21,New,0,0,2,0,0,0,0,0,8,0,0,1,1,1,0,2,8,0,0,6
27,6,2,New21,New,0,0,3,0,0,0,0,0,2,0,0,0,0,1,0,6,1,0,0,6
27,6,4,New21,New,0,0,4,0,0,0,0,0,8,0,0,3,1,0,2,6,4,0,0,6
27,7,2,New21,New,0,0,4,0,0,0,0,0,3,0,0,0,1,0,0,2,7,0,0,6
27,7,4,New21,New,0,0,1,0,0,0,0,0,6,0,0,1,1,0,0,2,1,0,0,6
27,CF,2,New21,New,0,0,0,0,0,0,0,0,0,0,0,0,0,0,0,1,0,1,0,3
27,CF,4,New21,New,0,0,0,0,0,0,0,0,0,0,0,0,0,0,0,1,0,1,0,3
27,DF,2,New21,New,0,0,0,0,0,0,0,0,1,0,0,0,0,0,0,4,0,2,0,3
27,DF,4,New21,New,0,0,0,0,0,0,0,0,2,0,0,0,0,0,0,10,0,0,0,3
27,SF,2,New21,New,0,0,0,0,0,0,1,0,0,0,0,0,0,0,0,3,0,0,1,3
27,SF,4,New21,New,0,0,0,0,0,0,0,0,2,0,0,0,0,0,0,0,0,5,0,3
29,1,2,New21,New,0,0,1,0,0,0,0,0,12,0,0,0,1,0,0,13,3,0,0,6
29,1,4,New21,New,0,0,3,0,0,0,0,0,12,0,0,0,0,0,0,11,2,0,0,6
29,2,2,New21,New,0,0,2,0,0,0,0,0,4,0,0,0,0,0,0,14,2,0,0,6
29,2,4,New21,New,0,0,2,0,0,0,0,0,3,0,0,0,0,0,0,14,1,0,0,6
29,3,2,New21,New,0,0,5,0,0,0,0,0,6,0,0,0,3,0,0,6,1,0,0,6
29,3,4,New21,New,0,0,2,0,0,0,0,0,1,2,0,0,4,0,0,11,2,0,0,6
29,4,2,New21,New,0,0,0,0,0,0,0,0,1,0,0,0,2,0,0,0,2,0,0,5
29,4,4,New21,New,0,0,1,0,0,0,0,0,2,0,0,0,0,0,0,8,2,0,0,5
29,5,2,New21,New,0,0,0,0,0,0,0,0,5,1,0,1,1,1,0,2,2,0,0,6
29,5,4,New21,New,0,0,2,0,0,0,0,0,7,0,0,0,0,5,0,3,6,0,1,6
29,6,2,New21,New,0,1,0,0,0,0,0,0,0,0,0,1,0,7,0,9,2,0,0,6
29,6,4,New21,New,0,0,1,0,0,0,1,0,0,0,0,2,0,4,0,13,1,0,0,6
29,7,2,New21,New,0,0,3,0,0,0,0,0,11,0,0,0,0,0,0,4,7,0,0,6
29,7,4,New21,New,0,0,3,0,0,0,0,0,10,0,0,0,0,1,0,4,4,0,1,6
29,CF,2,New21,New,0,0,0,0,0,0,0,0,0,0,0,0,0,0,0,1,0,0,2,3
29,CF,4,New21,New,0,0,0,0,0,0,0,0,0,0,0,0,0,0,0,2,1,0,0,3
29,DF,2,New21,New,0,0,0,0,0,0,0,0,0,0,0,0,0,0,0,1,0,1,0,3
29,DF,4,New21,New,0,0,0,0,0,0,0,0,0,0,0,0,0,0,0,2,0,0,0,3
29,SF,2,New21,New,0,0,0,0,0,0,0,0,0,0,0,0,0,1,0,2,0,1,0,3
29,SF,4,New21,New,0,0,0,0,0,0,0,0,0,0,0,0,0,0,0,4,0,3,0,3
31,1,2,New21,New,0,0,0,0,0,0,0,0,26,0,0,0,1,2,1,16,1,0,0,6
31,1,4,New21,New,0,0,3,1,0,0,0,0,35,0,0,1,0,5,0,16,1,0,0,6
31,2,2,New21,New,0,0,0,0,0,0,0,0,15,0,0,0,0,0,0,16,1,0,0,6
31,2,4,New21,New,0,0,5,0,0,0,0,0,10,0,0,0,2,4,0,21,2,0,0,6
31,3,2,New21,New,0,0,1,0,0,0,0,0,12,0,0,0,0,0,1,25,1,0,0,6
31,3,4,New21,New,0,0,2,1,0,0,0,0,7,0,0,0,1,0,0,17,2,0,0,6
31,4,2,New21,New,0,0,0,0,0,0,0,0,2,0,0,0,0,0,1,8,0,0,0,6
31,4,4,New21,New,0,0,0,0,0,0,0,0,7,0,0,0,0,0,3,15,5,0,0,6
31,5,2,New21,New,0,0,0,0,0,0,0,0,7,0,0,0,1,1,0,14,0,0,0,6
31,5,4,New21,New,0,0,0,0,0,0,0,0,7,0,0,0,0,0,0,8,0,0,1,6
31,6,2,New21,New,0,0,0,0,0,0,0,0,0,0,0,0,0,1,0,10,0,0,0,6
31,6,4,New21,New,0,0,0,0,0,0,0,0,0,0,0,0,0,2,2,6,0,0,0,6
31,7,2,New21,New,0,0,1,1,0,0,0,0,10,0,0,1,0,2,0,10,6,0,0,6
31,7,4,New21,New,0,1,2,0,0,0,0,0,8,0,0,2,1,1,0,16,5,0,0,6
31,CF,2,New21,New,0,0,0,0,0,0,0,0,0,0,0,0,0,0,0,1,0,8,0,3
31,CF,4,New21,New,0,0,0,0,0,0,0,0,0,0,0,0,0,0,0,1,0,0,0,3
31,DF,2,New21,New,0,0,0,0,0,0,0,0,0,0,0,0,0,0,0,1,0,3,0,3
31,DF,4,New21,New,0,0,0,0,1,0,0,0,1,0,0,0,0,0,0,2,0,6,0,3
31,SF,2,New21,New,0,0,0,0,1,0,0,0,1,0,0,0,0,0,0,1,0,2,0,3
31,SF,4,New21,New,0,0,0,0,0,0,0,0,0,0,0,0,0,0,0,1,0,5,0,3
33,1,2,New21,New,0,0,0,0,0,0,1,0,35,0,0,0,0,0,3,10,2,0,0,6
33,1,4,New21,New,0,0,0,1,0,0,0,0,25,0,0,0,0,3,6,12,4,0,0,6
33,2,2,New21,New,0,0,2,1,0,0,0,0,28,0,0,0,0,3,9,9,11,0,0,6
33,2,4,New21,New,0,0,2,0,0,0,0,0,46,0,0,1,1,3,13,8,4,0,0,6
33,3,2,New21,New,0,0,0,0,0,0,0,0,32,0,0,0,0,1,17,11,4,0,0,6
33,3,4,New21,New,0,0,0,0,0,0,0,0,32,0,0,0,1,0,20,14,4,0,0,6
33,4,2,New21,New,0,0,0,1,0,0,0,0,5,0,0,0,0,0,10,2,2,0,0,6
33,4,4,New21,New,0,0,0,0,0,0,0,0,10,0,0,0,0,1,25,7,7,0,0,6
33,5,2,New21,New,0,0,0,1,0,0,0,0,12,0,0,0,0,0,12,5,1,0,0,6
33,5,4,New21,New,0,0,1,0,0,0,0,0,13,0,0,1,0,0,18,11,1,0,0,6
33,6,2,New21,New,0,0,1,0,0,0,0,0,1,0,0,0,0,1,10,4,5,0,0,6
33,6,4,New21,New,0,0,0,0,0,0,0,0,3,0,0,1,0,0,8,3,4,0,0,6
33,7,2,New21,New,0,0,0,0,0,0,0,0,5,0,0,0,0,1,17,5,5,0,0,6
33,7,4,New21,New,0,0,1,0,0,0,0,0,7,0,0,0,0,2,29,9,4,0,0,6
33,CF,2,New21,New,0,0,0,0,0,0,0,0,0,0,0,0,0,0,0,0,0,24,0,3
33,CF,4,New21,New,0,0,0,0,0,0,0,0,1,0,0,0,0,0,0,0,0,11,2,3
33,DF,2,New21,New,0,0,0,0,0,0,0,0,2,0,0,0,0,0,0,0,0,10,0,3
33,DF,4,New21,New,0,0,0,0,3,0,0,0,0,0,0,0,0,0,0,0,0,37,0,3
33,SF,2,New21,New,0,0,0,0,0,0,0,0,1,0,0,0,0,0,0,0,0,21,0,3
33,SF,4,New21,New,0,1,0,0,0,0,0,0,0,0,0,0,0,0,0,0,0,14,0,3
22,1,1,New22,New,0,0,0,1,0,0,0,0,2,0,0,0,0,0,1,2,1,0,0,6
22,1,2,New22,New,0,0,0,1,0,0,0,0,2,0,0,0,0,0,1,0,0,0,0,6
22,1,3,New22,New,0,0,0,0,0,0,0,0,1,0,0,0,0,0,1,0,0,0,0,6
22,1,4,New22,New,0,0,1,1,0,0,0,0,1,0,0,0,0,0,0,0,0,0,0,6
22,1,5,New22,New,0,0,0,2,0,0,0,0,1,0,0,0,0,0,1,0,2,0,0,6
22,2,1,New22,New,0,0,2,0,0,0,0,0,1,0,0,0,0,0,1,0,0,0,0,6
22,2,2,New22,New,0,0,0,2,0,0,0,0,1,0,0,0,0,0,1,1,0,0,0,6
22,2,3,New22,New,0,0,0,0,0,0,0,0,2,0,0,0,0,0,0,0,0,0,0,6
22,2,4,New22,New,0,0,0,0,0,0,0,1,4,0,0,0,0,0,1,0,1,0,0,6
22,2,5,New22,New,0,0,0,0,0,0,0,0,1,0,0,0,0,0,0,0,0,0,0,6
22,3,1,New22,New,0,0,1,1,0,0,0,0,2,0,0,0,0,0,0,0,0,0,0,6
22,3,2,New22,New,0,0,0,0,0,0,0,0,1,0,0,0,0,0,0,0,0,0,0,6
22,3,3,New22,New,0,0,0,1,0,0,0,0,1,0,0,0,0,0,0,0,0,0,0,6
22,3,4,New22,New,0,0,0,0,0,0,0,0,0,0,0,0,0,0,1,0,0,0,0,6
22,3,5,New22,New,0,0,0,0,0,0,0,1,1,0,0,0,0,0,2,0,0,0,0,6
22,4,1,New22,New,0,0,0,0,0,0,0,0,1,0,0,0,0,0,0,1,0,0,0,6
22,4,2,New22,New,0,0,0,0,0,0,0,1,0,0,0,0,0,0,1,0,0,0,0,6
22,4,3,New22,New,0,0,0,0,0,0,0,0,1,0,0,0,0,0,2,0,0,0,0,6
22,4,4,New22,New,0,0,0,0,0,0,0,0,1,0,0,0,0,0,0,0,0,0,0,6
22,4,5,New22,New,0,0,0,0,0,0,0,1,0,0,0,0,0,0,1,0,0,0,0,6
22,5,1,New22,New,0,0,0,1,0,0,0,0,0,0,0,0,0,0,3,0,0,0,0,6
22,5,2,New22,New,0,0,0,0,0,0,0,0,0,0,0,0,0,0,1,0,0,0,0,6
22,5,3,New22,New,0,0,0,0,0,0,0,0,0,0,0,0,0,0,5,0,0,0,0,6
22,5,4,New22,New,0,0,0,0,0,0,0,0,0,0,0,0,0,0,4,1,0,0,0,6
22,5,5,New22,New,0,0,0,0,0,0,0,0,2,0,0,0,0,0,7,0,0,0,0,6
22,6,1,New22,New,0,0,0,0,0,0,0,0,0,0,0,0,0,0,1,0,0,0,0,6
22,6,2,New22,New,0,0,1,0,0,0,0,0,1,0,0,0,0,0,0,0,0,0,0,6
22,6,3,New22,New,0,0,0,1,0,0,0,0,0,0,0,0,0,0,0,0,0,0,0,6
22,6,4,New22,New,0,0,0,0,0,0,0,0,0,0,0,0,0,0,2,0,0,0,0,6
22,6,5,New22,New,0,0,0,0,0,0,0,0,0,0,0,0,0,0,0,0,0,0,0,6
22,7,1,New22,New,0,0,0,1,0,0,0,0,2,0,0,0,0,0,3,0,0,0,0,6
22,7,2,New22,New,0,0,1,0,0,0,0,0,1,0,0,0,0,0,0,0,0,0,0,6
22,7,3,New22,New,0,0,1,0,0,0,0,0,1,0,0,0,0,0,0,0,0,0,0,6
22,7,4,New22,New,0,0,0,1,0,0,0,0,2,0,0,0,0,0,0,0,0,0,0,6
22,7,5,New22,New,0,0,0,1,0,0,0,0,1,0,0,0,0,0,1,0,1,0,0,6
23,1,1,New22,New,0,0,0,0,0,0,0,0,1,0,0,0,0,0,0,0,1,0,0,6
23,1,2,New22,New,0,0,0,0,0,0,0,0,2,0,0,0,0,0,0,0,1,0,0,6
23,1,3,New22,New,0,0,1,0,0,0,0,0,1,0,0,0,0,0,0,0,0,0,0,6
23,1,4,New22,New,0,0,0,0,0,0,0,0,2,0,0,0,0,0,0,0,2,0,0,6
23,1,5,New22,New,0,0,0,0,0,0,0,0,4,0,0,0,0,0,0,0,0,0,0,6
23,2,1,New22,New,0,0,0,0,0,0,0,1,2,0,0,0,0,0,0,0,1,0,0,6
23,2,2,New22,New,0,0,0,1,0,0,0,0,1,0,0,0,0,0,0,0,0,0,0,6
23,2,3,New22,New,0,0,0,2,0,0,0,1,1,0,0,0,1,0,0,0,3,0,0,6
23,2,4,New22,New,0,0,0,1,0,0,0,1,1,0,0,0,0,0,0,0,0,0,0,6
23,2,5,New22,New,0,0,0,0,0,0,1,0,0,0,0,0,0,0,0,0,1,0,0,6
24,3,1,New22,New,0,0,19,1,0,0,0,0,2,0,0,0,1,0,0,0,0,0,0,6
24,3,2,New22,New,0,0,21,0,0,0,0,0,3,0,0,0,0,1,0,0,0,0,0,6
24,3,3,New22,New,0,0,24,0,0,0,0,1,3,0,0,0,1,0,0,0,1,0,0,6
24,3,4,New22,New,0,0,16,0,0,0,1,1,0,0,0,0,1,0,0,0,1,0,0,6
24,3,5,New22,New,0,0,9,0,0,0,0,1,3,0,0,0,1,0,0,0,0,0,0,6
24,4,1,New22,New,0,0,16,0,0,0,0,1,1,0,0,0,0,0,0,0,0,0,0,6
24,4,2,New22,New,0,0,10,0,0,0,0,1,1,0,0,0,0,2,0,0,0,0,0,6
24,4,3,New22,New,0,0,14,0,0,0,0,0,3,0,0,0,0,0,0,0,0,0,0,6
24,4,4,New22,New,0,0,15,0,0,0,0,0,4,0,0,0,1,0,0,0,0,0,0,6
24,4,5,New22,New,0,0,16,0,0,0,0,0,5,0,0,0,0,0,0,0,0,0,0,6
24,5,1,New22,New,0,0,2,1,0,0,1,0,2,0,0,0,0,0,2,1,0,0,0,6
24,5,2,New22,New,0,0,0,0,0,0,0,0,13,0,0,0,0,0,1,0,0,0,0,6
24,5,3,New22,New,0,0,0,1,0,0,0,0,6,0,0,0,0,0,2,0,0,0,1,6
24,5,4,New22,New,0,0,0,0,0,0,0,0,0,0,0,0,0,1,1,0,0,0,0,6
24,5,5,New22,New,0,0,1,2,0,0,0,6,4,0,0,0,0,0,0,0,1,0,0,6
24,6,1,New22,New,0,0,3,0,0,0,0,0,1,0,0,0,0,1,0,0,5,0,0,6
24,6,2,New22,New,0,0,2,5,0,0,0,0,1,0,0,0,0,0,1,0,0,0,0,6
24,6,3,New22,New,0,0,2,2,0,0,1,1,4,0,0,0,0,0,0,0,0,1,0,6
24,6,4,New22,New,0,0,4,0,0,0,0,0,1,0,0,0,0,0,1,0,1,0,0,6
24,6,5,New22,New,0,0,2,1,0,0,0,2,0,0,0,0,0,0,2,0,1,0,0,6
24,7,1,New22,New,0,0,3,0,0,0,0,0,5,0,0,0,0,0,2,0,0,1,0,6
24,7,2,New22,New,0,0,9,0,0,0,0,0,2,0,0,0,0,0,0,0,0,0,0,6
24,7,3,New22,New,0,0,7,0,0,0,0,0,1,0,0,0,0,0,0,0,0,0,0,6
24,7,4,New22,New,0,0,6,1,0,0,0,0,0,0,0,0,0,1,0,0,0,0,0,6
24,7,5,New22,New,0,0,8,1,0,0,0,0,0,0,0,0,0,0,0,0,0,0,0,6
25,CF,5,New22,New,0,0,0,0,0,0,0,0,0,0,0,0,0,0,1,0,0,0,0,1
26,1,1,New22,New,0,0,30,2,0,0,1,0,4,0,0,0,0,0,1,0,1,0,0,6
26,1,2,New22,New,0,0,27,0,0,0,0,0,2,0,0,0,2,1,0,0,2,0,0,6
26,1,3,New22,New,0,0,28,5,0,0,0,0,1,0,0,0,1,0,0,0,1,0,0,6
26,1,4,New22,New,0,0,30,0,0,0,0,0,0,2,0,0,2,0,0,0,2,0,0,6
26,1,5,New22,New,0,0,33,2,0,0,0,0,4,1,0,0,0,0,0,0,1,0,0,6
26,2,1,New22,New,0,0,29,1,0,0,1,0,0,0,0,0,0,0,0,0,0,0,0,6
26,2,2,New22,New,0,1,14,2,0,0,1,0,1,1,0,0,1,0,0,0,1,0,0,6
26,2,3,New22,New,0,0,34,1,0,0,0,0,1,1,0,0,0,0,0,0,1,0,0,6
26,2,4,New22,New,0,1,30,0,0,0,0,0,0,1,0,0,1,0,1,0,2,0,0,6
26,2,5,New22,New,0,0,28,3,0,0,0,0,1,0,0,0,0,1,0,0,2,0,0,6
26,3,1,New22,New,0,0,28,1,0,0,2,0,2,0,0,0,1,0,0,0,1,0,0,6
26,3,2,New22,New,0,1,18,1,0,0,0,0,0,0,0,0,2,0,1,0,0,0,0,6
26,3,3,New22,New,0,0,27,2,0,0,0,0,0,0,0,0,1,1,0,1,0,0,1,6
26,3,4,New22,New,0,0,27,1,0,0,0,0,2,0,0,0,3,1,1,0,0,0,0,6
26,3,5,New22,New,0,0,29,3,0,0,0,0,2,3,0,0,0,0,0,0,0,1,0,6
26,4,1,New22,New,0,0,38,1,0,0,1,1,1,1,0,0,1,1,0,0,0,0,0,6
26,4,2,New22,New,0,0,34,1,0,0,2,0,0,2,0,0,1,0,1,1,1,0,0,6
26,4,3,New22,New,0,0,28,1,0,0,1,0,1,3,0,0,1,0,1,2,1,0,0,6
26,4,4,New22,New,0,0,27,1,0,0,0,0,2,0,0,0,0,0,2,2,1,0,0,6
26,4,5,New22,New,0,0,29,1,0,0,0,1,0,5,0,0,0,0,4,0,0,0,0,6
26,5,1,New22,New,0,0,5,5,0,0,3,0,0,0,0,0,0,3,0,3,2,0,1,6
26,5,2,New22,New,0,0,10,1,0,0,0,0,5,0,0,0,0,1,2,4,0,0,0,6
26,5,3,New22,New,0,1,8,3,0,0,1,0,2,0,0,0,0,1,1,0,0,0,0,6
26,5,4,New22,New,0,0,6,1,0,0,3,0,3,0,0,0,0,1,2,0,0,0,0,6
26,5,5,New22,New,0,1,9,12,0,0,2,1,0,0,0,0,0,2,2,1,2,1,0,6
26,6,1,New22,New,0,0,8,9,0,0,0,0,1,0,0,0,0,3,0,0,1,0,0,6
26,6,2,New22,New,0,1,5,6,0,0,0,0,0,0,0,0,0,1,0,0,0,0,0,6
26,6,3,New22,New,0,0,7,7,0,0,0,0,1,0,0,1,0,1,0,1,2,1,0,6
26,6,4,New22,New,0,0,5,2,0,0,0,0,1,0,0,0,0,1,0,1,0,0,0,6
26,6,5,New22,New,0,0,20,11,0,0,0,1,1,0,0,1,0,1,0,2,3,0,0,6
26,7,1,New22,New,0,0,10,0,0,0,0,0,3,0,0,0,0,2,0,2,1,0,0,6
26,7,2,New22,New,0,1,18,0,0,0,1,0,2,0,0,0,0,1,0,1,3,0,0,6
26,7,3,New22,New,0,0,16,1,0,0,0,0,4,0,0,0,0,0,3,2,2,0,0,6
26,7,4,New22,New,0,0,17,0,0,0,0,1,4,1,0,0,0,0,0,1,4,0,0,6
26,7,5,New22,New,0,0,14,0,0,0,0,1,1,0,0,0,0,0,0,0,0,0,0,6
27,7,1,New22,New,0,1,1,0,0,0,0,0,0,0,0,0,0,0,0,3,0,0,0,1
27,7,2,New22,New,0,0,0,1,0,0,0,0,0,0,0,0,0,0,0,2,0,0,0,1
27,7,3,New22,New,0,0,0,0,0,0,0,0,0,0,0,0,0,0,0,2,1,0,0,1
27,7,4,New22,New,0,0,1,0,0,0,0,0,0,0,0,0,0,0,0,5,0,0,0,1
27,7,5,New22,New,0,0,0,0,0,0,0,0,0,0,0,0,0,0,0,3,0,0,0,1
28,1,1,New22,New,0,0,4,0,0,0,0,0,1,0,0,0,0,0,0,4,0,0,0,6
28,1,2,New22,New,0,0,6,1,0,0,0,0,0,0,0,1,0,0,0,4,0,0,0,6
28,1,3,New22,New,0,0,7,0,0,0,1,0,0,0,0,0,0,0,0,4,2,0,0,6
28,1,4,New22,New,0,0,6,1,0,0,0,0,4,0,0,0,0,0,0,3,0,0,0,6
28,1,5,New22,New,0,0,6,1,0,0,0,0,4,0,0,0,0,0,0,5,0,0,0,6
28,2,1,New22,New,0,0,4,2,0,0,0,0,0,0,0,0,0,0,0,7,0,0,0,6
28,2,2,New22,New,0,0,10,0,0,0,0,0,3,0,0,1,0,0,0,10,1,0,0,6
28,2,3,New22,New,0,0,10,0,0,0,0,0,1,0,0,0,0,0,0,5,1,0,0,6
28,2,4,New22,New,0,0,1,1,0,0,0,0,1,0,0,0,0,0,1,6,0,0,0,6
28,2,5,New22,New,0,0,7,1,0,0,0,0,1,0,0,0,0,0,0,12,1,0,0,6
28,3,1,New22,New,0,0,9,0,0,0,0,0,1,0,0,0,0,1,1,10,0,0,0,6
28,3,2,New22,New,0,0,6,0,0,0,0,0,2,0,0,0,0,0,0,6,0,0,0,6
28,3,3,New22,New,0,0,6,4,0,0,0,0,2,0,0,0,0,0,0,5,3,0,0,6
28,3,4,New22,New,0,0,6,1,0,0,0,0,2,0,0,0,0,0,1,5,0,0,0,6
28,3,5,New22,New,0,1,5,0,0,0,0,0,2,0,0,0,0,0,1,2,1,0,0,6
28,4,1,New22,New,0,0,2,0,0,0,1,0,4,0,0,0,0,0,0,2,0,0,0,6
28,4,2,New22,New,0,0,5,0,0,0,0,0,1,0,0,0,0,0,0,9,1,0,0,6
28,4,3,New22,New,0,0,7,0,0,0,1,0,1,0,0,0,0,0,0,6,1,0,0,6
28,4,4,New22,New,0,0,9,0,0,0,0,0,1,0,0,0,0,0,0,13,1,0,0,6
28,4,5,New22,New,0,0,4,0,0,0,0,0,2,0,0,0,0,2,0,4,2,0,0,6
28,5,1,New22,New,0,0,0,1,0,0,2,0,2,0,0,0,0,2,2,24,1,0,0,6
28,5,2,New22,New,0,0,0,0,0,0,1,0,2,0,0,0,0,0,1,22,1,0,1,6
28,5,3,New22,New,0,0,0,0,0,0,1,0,2,1,1,0,0,0,1,7,1,2,0,6
28,5,4,New22,New,0,0,0,0,0,0,1,0,1,0,0,0,0,2,0,8,0,0,0,6
28,5,5,New22,New,0,0,1,0,0,0,6,0,1,0,0,0,0,0,20,90,0,0,0,6
28,6,1,New22,New,0,0,0,1,0,0,0,0,2,0,0,0,0,1,0,8,1,0,0,6
28,6,2,New22,New,0,0,0,0,0,0,0,0,0,0,0,0,0,3,0,8,0,0,0,6
28,6,3,New22,New,0,0,0,0,0,0,1,0,0,0,0,0,0,2,0,13,0,0,0,6
28,6,4,New22,New,0,0,0,0,0,0,0,0,0,1,0,0,0,0,0,6,0,0,0,6
28,6,5,New22,New,0,0,0,0,0,0,0,0,0,0,0,0,0,4,0,16,0,0,0,6
28,7,1,New22,New,0,0,0,0,0,0,0,0,1,0,0,0,0,1,0,7,0,0,0,5
28,7,2,New22,New,0,1,2,0,0,0,0,0,2,0,0,0,0,0,0,4,0,0,0,5
28,7,3,New22,New,0,0,4,0,0,0,0,0,2,0,0,0,0,0,0,7,0,0,0,5
28,7,4,New22,New,0,0,1,0,0,0,0,0,2,0,0,0,0,0,1,5,0,0,0,5
28,7,5,New22,New,0,0,0,0,0,0,0,0,1,0,0,0,0,0,0,5,0,0,0,5
30,5,1,New22,New,0,0,0,0,0,0,0,0,0,0,0,0,0,0,4,9,0,1,0,6
30,5,2,New22,New,0,0,0,0,0,0,0,0,2,0,0,0,0,5,1,24,1,0,0,6
30,5,3,New22,New,0,0,0,0,0,0,3,0,0,0,1,0,0,0,3,22,0,0,0,6
30,5,4,New22,New,0,0,0,0,0,0,1,0,1,0,0,0,0,0,0,22,2,1,0,6
30,5,5,New22,New,0,0,0,0,0,0,2,0,1,0,0,0,0,0,14,17,0,1,0,6
30,6,1,New22,New,0,0,0,1,0,0,1,0,0,0,0,0,0,2,0,21,1,0,0,6
30,6,2,New22,New,0,0,0,0,0,0,0,0,0,0,0,0,0,2,0,14,3,0,0,6
30,6,3,New22,New,0,0,0,4,0,0,1,0,0,0,0,0,0,6,0,13,1,0,0,6
30,6,4,New22,New,0,0,0,1,0,0,1,0,0,0,0,0,0,3,0,20,0,0,0,6
30,6,5,New22,New,0,0,0,2,0,0,1,0,0,0,0,0,0,1,0,24,0,0,0,6
30,7,1,New22,New,0,0,0,0,0,0,0,0,2,0,0,0,0,0,1,11,2,0,0,6
30,7,2,New22,New,0,0,0,0,0,0,1,0,4,0,0,0,0,0,0,15,4,0,0,6
30,7,3,New22,New,0,0,1,0,0,0,0,0,6,0,0,0,0,0,0,19,0,0,0,6
30,7,4,New22,New,0,0,0,0,0,0,0,0,3,0,0,0,0,1,0,8,6,0,0,6
30,7,5,New22,New,0,0,1,0,0,0,0,0,3,0,0,0,0,0,1,14,2,0,0,6
32,SF,1,New22,New,0,0,0,0,0,0,0,0,0,0,0,0,0,0,0,1,0,5,0,1
32,SF,4,New22,New,0,0,0,0,0,0,0,0,0,0,0,0,0,0,0,0,0,0,0,1
33,5,1,New22,New,0,0,0,0,0,0,0,0,2,0,0,0,0,0,1,5,8,0,0,6
33,5,2,New22,New,0,0,0,0,0,0,0,0,4,0,0,0,0,0,0,2,3,0,0,6
33,5,3,New22,New,0,0,0,0,0,0,0,0,1,0,0,0,0,0,0,1,1,0,0,6
33,5,4,New22,New,0,0,0,0,0,0,0,0,5,0,0,0,0,0,0,8,3,0,0,6
33,5,5,New22,New,0,0,0,0,0,0,0,0,1,0,0,0,0,0,1,1,3,0,0,6
33,6,1,New22,New,0,0,0,1,0,0,0,0,0,0,0,0,0,0,0,0,0,0,0,6
33,6,2,New22,New,0,0,0,0,0,0,0,0,0,0,0,0,0,0,0,0,0,0,0,6
33,6,3,New22,New,0,0,0,1,0,0,0,0,0,0,0,0,0,1,0,1,0,0,0,6
33,6,4,New22,New,0,0,0,0,0,0,0,0,0,0,0,0,0,1,1,1,0,0,0,6
33,6,5,New22,New,0,0,0,0,0,0,0,0,0,0,0,0,0,1,0,1,0,0,0,6
33,7,1,New22,New,0,0,0,0,0,0,0,0,5,0,0,0,0,0,2,5,2,3,0,6
33,7,2,New22,New,0,0,0,0,0,0,0,0,10,0,0,0,0,0,14,10,4,1,0,6
33,7,3,New22,New,0,0,0,0,0,0,0,0,7,0,0,0,0,0,8,7,3,2,0,6
33,7,4,New22,New,0,0,1,0,0,0,0,0,8,0,0,0,0,0,14,8,7,3,0,6
33,7,5,New22,New,0,0,2,0,0,0,0,0,2,0,0,0,0,0,23,3,14,1,0,6
34,5,1,New22,New,0,0,0,0,0,0,0,0,3,0,0,0,0,0,6,1,0,1,0,6
34,5,2,New22,New,0,0,0,0,0,0,0,0,3,0,0,0,0,0,3,1,0,8,0,6
34,5,3,New22,New,0,0,0,0,0,0,1,0,3,0,0,0,0,0,3,1,0,3,0,6
34,5,4,New22,New,0,0,0,0,0,0,1,0,1,0,0,0,0,0,4,2,0,4,0,6
34,5,5,New22,New,0,0,0,1,0,0,0,0,2,0,0,0,0,0,7,3,0,4,0,6
34,6,1,New22,New,0,0,0,0,0,0,0,0,0,0,0,0,0,2,0,0,0,0,0,6
34,6,2,New22,New,0,0,0,0,0,0,0,0,0,0,0,0,0,0,5,0,0,0,0,6
34,6,3,New22,New,0,0,1,0,0,0,0,0,0,0,0,0,0,0,1,0,0,0,0,6
34,6,4,New22,New,0,0,0,0,0,0,0,0,0,0,0,0,0,1,2,0,0,1,0,6
34,6,5,New22,New,0,0,0,0,0,0,1,0,0,0,0,0,0,0,4,1,0,0,0,6
34,7,1,New22,New,0,0,0,0,0,0,0,0,4,0,0,0,0,0,13,3,2,0,0,6
34,7,2,New22,New,0,0,1,0,0,0,0,0,12,0,0,0,0,0,16,1,2,1,0,6
34,7,3,New22,New,0,0,1,0,0,0,0,0,2,0,0,0,0,0,8,6,2,2,0,6
34,7,4,New22,New,0,0,1,0,0,0,0,0,1,0,0,0,0,0,12,5,4,10,0,6
34,7,5,New22,New,0,0,2,0,0,0,0,0,3,0,0,0,0,0,6,6,1,8,0,6
25,1,1,Old20,Old,0,0,4,0,0,0,0,0,0,0,0,0,0,0,0,0,0,0,0,6
25,1,2,Old20,Old,0,0,1,0,0,0,0,0,0,0,0,0,1,0,0,0,0,0,0,6
25,1,3,Old20,Old,0,0,0,0,0,0,0,0,0,0,0,0,0,0,0,0,0,0,0,6
25,1,4,Old20,Old,0,0,4,0,0,0,0,0,0,0,0,0,0,0,0,0,0,0,0,6
25,1,5,Old20,Old,0,0,2,0,0,0,0,0,0,0,0,0,0,0,0,0,0,0,0,6
25,2,1,Old20,Old,0,0,2,0,0,0,0,0,2,0,0,0,0,0,0,0,0,0,0,6
25,2,2,Old20,Old,0,0,1,0,0,0,0,0,2,0,0,0,0,0,0,0,0,0,0,6
25,2,3,Old20,Old,0,0,1,0,0,0,0,0,0,0,0,0,0,0,0,0,0,0,0,6
25,2,4,Old20,Old,0,0,1,0,0,0,0,0,1,0,0,0,0,0,0,0,0,0,0,6
25,2,5,Old20,Old,0,0,4,0,0,0,0,0,0,0,0,0,0,0,0,0,0,0,0,6
25,3,1,Old20,Old,0,0,4,0,0,0,0,0,0,0,0,0,0,0,0,0,0,0,0,6
25,3,2,Old20,Old,0,0,3,0,0,0,0,0,1,0,0,0,0,0,0,0,0,0,0,6
25,3,3,Old20,Old,0,0,7,0,0,0,0,0,0,0,0,0,0,0,0,0,0,0,0,6
25,3,4,Old20,Old,0,0,7,0,0,0,0,0,0,0,0,0,0,0,0,0,0,0,0,6
25,3,5,Old20,Old,0,0,4,0,0,0,0,0,0,0,0,0,0,0,1,0,0,0,0,6
25,4,1,Old20,Old,0,0,5,0,0,0,0,0,0,0,0,0,0,0,0,0,0,0,0,6
25,4,2,Old20,Old,0,0,2,0,0,0,0,0,2,0,0,0,1,0,1,0,0,0,0,6
25,4,3,Old20,Old,0,0,2,0,0,0,0,0,0,0,0,0,1,0,0,0,0,0,0,6
25,4,4,Old20,Old,0,0,4,0,0,0,0,0,0,0,0,0,1,0,0,0,0,0,0,6
25,4,5,Old20,Old,0,0,3,0,0,0,0,0,1,0,0,0,0,0,0,0,0,0,0,6
25,5,1,Old20,Old,0,0,4,0,0,0,0,0,2,0,0,0,0,0,0,0,1,0,0,6
25,5,2,Old20,Old,0,0,5,1,0,0,0,0,2,0,0,0,0,0,0,0,0,0,0,6
25,5,3,Old20,Old,0,0,4,0,0,0,0,0,1,0,0,0,0,0,0,0,0,0,0,6
25,5,4,Old20,Old,0,0,5,0,0,0,0,0,1,0,0,0,0,0,0,0,0,0,0,6
25,5,5,Old20,Old,0,0,2,3,0,0,0,0,3,0,0,0,0,0,1,1,2,1,0,6
25,6,1,Old20,Old,0,0,1,0,0,0,0,0,0,0,0,0,0,0,0,0,4,0,0,6
25,6,2,Old20,Old,0,0,5,0,0,0,0,0,0,0,0,0,0,0,0,0,1,0,0,6
25,6,3,Old20,Old,0,0,3,0,0,0,0,0,1,0,0,0,0,0,0,0,0,0,0,6
25,6,4,Old20,Old,0,0,4,0,0,0,0,0,0,0,0,1,0,2,0,0,2,0,0,6
25,6,5,Old20,Old,0,0,1,0,0,0,0,0,3,0,0,0,0,0,0,0,2,0,0,6
25,7,1,Old20,Old,0,2,4,0,0,0,0,0,3,0,0,0,0,2,2,0,0,0,0,6
25,7,2,Old20,Old,0,2,2,1,0,0,0,0,1,0,0,0,0,2,2,0,2,0,0,6
25,7,3,Old20,Old,0,0,0,0,0,0,0,0,0,0,0,1,0,0,0,0,0,0,0,6
25,7,4,Old20,Old,0,1,1,0,0,0,0,0,0,0,0,0,0,2,0,1,3,0,0,6
25,7,5,Old20,Old,0,2,4,0,0,0,0,2,2,0,0,0,0,1,1,0,2,0,0,6
25,CF,1,Old20,Old,0,0,0,0,0,0,0,0,0,0,0,0,0,0,0,7,0,3,3,3
25,CF,2,Old20,Old,0,0,0,0,0,0,0,0,0,0,0,0,0,0,0,1,0,1,0,3
25,CF,3,Old20,Old,0,0,0,0,0,0,0,0,0,0,0,0,0,0,0,4,0,0,0,3
25,CF,4,Old20,Old,0,0,0,0,0,0,0,0,0,0,0,0,0,0,0,1,0,1,1,3
25,CF,5,Old20,Old,0,0,0,0,0,0,0,0,0,0,0,0,0,0,0,4,0,2,0,3
25,DF,1,Old20,Old,0,0,0,0,0,0,0,0,0,0,0,0,0,0,0,0,0,0,0,3
25,DF,2,Old20,Old,0,0,0,0,0,0,0,0,0,0,0,0,0,0,0,1,0,0,0,3
25,DF,3,Old20,Old,0,0,0,0,0,0,0,0,0,0,0,0,0,0,0,2,0,0,0,3
25,DF,4,Old20,Old,0,0,0,0,0,0,0,0,0,0,0,0,0,0,0,2,0,1,1,3
25,DF,5,Old20,Old,0,0,0,0,0,0,0,0,0,0,0,0,0,0,0,0,1,0,1,3
25,SF,1,Old20,Old,0,0,0,0,0,0,0,0,0,0,0,0,0,0,0,1,0,16,2,3
25,SF,2,Old20,Old,0,0,1,0,0,0,0,0,0,0,0,0,0,2,0,0,1,1,0,3
25,SF,3,Old20,Old,0,0,1,0,0,0,0,0,0,0,0,0,0,0,0,0,0,0,0,3
25,SF,4,Old20,Old,0,0,0,0,0,0,0,0,1,0,0,0,0,0,0,0,0,3,2,3
25,SF,5,Old20,Old,0,0,4,0,0,0,1,0,1,0,0,0,0,0,0,3,0,2,0,3
27,1,1,Old20,Old,0,0,5,0,0,0,0,0,1,0,0,0,0,0,0,4,0,0,0,6
27,1,2,Old20,Old,0,0,3,0,0,0,0,0,0,0,0,0,0,0,0,2,0,0,0,6
27,1,3,Old20,Old,0,0,8,0,0,0,0,0,0,0,0,0,1,0,0,1,0,0,0,6
27,1,4,Old20,Old,0,0,5,0,0,0,0,0,2,0,0,0,0,0,0,3,0,0,0,6
27,1,5,Old20,Old,0,0,3,0,0,0,0,0,2,0,0,0,0,0,0,1,0,0,0,6
27,2,1,Old20,Old,0,0,1,0,0,0,0,0,3,0,0,0,0,0,0,1,0,0,0,6
27,2,2,Old20,Old,0,0,6,0,0,0,0,0,2,0,0,0,2,0,0,1,0,0,0,6
27,2,3,Old20,Old,0,0,1,0,0,0,0,0,1,0,0,0,0,0,0,3,1,0,0,6
27,2,4,Old20,Old,0,0,3,0,0,0,0,0,1,0,0,0,2,0,0,5,0,0,0,6
27,2,5,Old20,Old,0,1,3,0,0,0,0,0,0,0,0,1,1,1,0,3,0,0,0,6
27,3,1,Old20,Old,0,1,11,0,0,0,0,0,2,0,0,0,0,0,0,7,0,0,0,6
27,3,2,Old20,Old,0,0,6,0,0,0,0,0,2,0,0,0,1,0,0,4,0,0,0,6
27,3,3,Old20,Old,0,0,11,0,0,0,0,0,0,0,0,0,1,0,0,1,0,0,0,6
27,3,4,Old20,Old,0,0,6,1,0,0,0,0,1,0,0,0,1,0,0,4,0,0,0,6
27,3,5,Old20,Old,0,0,5,0,0,0,0,0,0,0,0,0,0,0,0,8,0,0,0,6
27,4,1,Old20,Old,0,0,7,0,0,0,0,0,0,0,0,0,0,0,0,2,0,0,0,6
27,4,2,Old20,Old,0,0,11,0,0,0,0,0,0,0,0,0,0,0,0,1,0,0,0,6
27,4,3,Old20,Old,0,0,2,0,0,0,0,0,1,0,0,0,1,0,0,1,0,0,0,6
27,4,4,Old20,Old,0,0,3,0,0,0,0,0,1,0,0,0,0,0,0,1,0,0,0,6
27,4,5,Old20,Old,0,0,11,0,0,0,0,0,3,0,0,0,0,0,0,0,0,0,0,6
27,5,1,Old20,Old,0,0,9,0,0,0,0,0,1,0,0,0,3,0,3,2,1,0,0,6
27,5,2,Old20,Old,0,0,8,0,0,0,0,0,1,0,0,0,1,1,0,4,2,0,1,6
27,5,3,Old20,Old,0,0,8,0,0,0,0,0,3,0,0,0,1,0,1,3,2,0,0,6
27,5,4,Old20,Old,0,0,11,0,0,0,0,0,2,0,0,0,0,0,0,2,1,2,0,6
27,5,5,Old20,Old,0,0,20,0,0,0,0,0,1,0,0,0,1,0,7,2,3,0,0,6
27,6,1,Old20,Old,0,0,4,1,0,0,0,0,3,0,0,2,0,0,0,8,6,0,0,6
27,6,2,Old20,Old,0,0,3,1,0,0,0,0,2,0,0,0,0,0,0,3,1,0,0,6
27,6,3,Old20,Old,0,1,4,0,0,0,0,0,0,0,0,1,0,1,0,10,3,0,0,6
27,6,4,Old20,Old,0,0,5,0,0,0,0,0,0,0,0,1,0,1,0,7,2,0,0,6
27,6,5,Old20,Old,0,0,6,0,0,0,0,0,3,0,0,1,0,0,0,2,0,0,0,6
27,7,1,Old20,Old,0,4,10,0,0,0,0,0,2,0,0,1,1,2,1,1,10,0,0,6
27,7,2,Old20,Old,0,1,3,1,0,0,0,0,2,0,0,0,0,2,0,0,6,0,0,6
27,7,3,Old20,Old,0,2,5,0,0,0,0,0,1,0,0,0,0,1,0,0,4,0,0,6
27,7,4,Old20,Old,0,0,7,0,0,0,0,0,0,0,0,0,0,1,0,3,11,0,0,6
27,7,5,Old20,Old,0,0,5,0,0,0,0,0,2,0,0,1,0,2,0,0,9,0,0,6
27,CF,1,Old20,Old,0,0,0,0,0,0,1,0,0,0,0,0,0,0,0,0,0,2,1,3
27,CF,2,Old20,Old,0,0,0,0,0,0,0,0,0,0,0,0,0,0,0,4,0,1,0,3
27,CF,3,Old20,Old,0,0,0,0,0,0,0,0,0,0,0,0,0,0,0,1,0,0,0,3
27,CF,4,Old20,Old,0,0,0,0,0,0,0,0,2,0,0,0,0,0,0,1,0,1,1,3
27,CF,5,Old20,Old,0,0,0,0,0,0,1,0,0,0,0,0,0,0,0,6,0,0,0,3
27,DF,1,Old20,Old,0,0,0,0,0,0,0,0,0,0,0,0,0,0,0,0,0,0,0,3
27,DF,2,Old20,Old,0,0,0,0,0,0,0,0,0,0,0,0,0,0,0,2,0,0,0,3
27,DF,3,Old20,Old,0,0,0,0,0,0,0,0,0,0,0,0,0,0,0,0,0,0,3,3
27,DF,4,Old20,Old,0,0,0,0,0,0,0,0,0,0,0,0,0,0,0,9,0,0,0,3
27,DF,5,Old20,Old,0,0,0,0,0,0,0,0,0,0,0,0,0,0,0,0,0,1,0,3
27,SF,1,Old20,Old,0,0,0,0,0,0,0,0,0,0,0,0,0,0,0,1,0,2,0,3
27,SF,2,Old20,Old,0,0,2,0,0,0,0,0,2,0,0,0,0,1,0,3,0,0,0,3
27,SF,3,Old20,Old,0,0,0,0,0,0,0,0,0,0,0,0,0,0,0,1,0,2,1,3
27,SF,4,Old20,Old,0,0,0,0,0,0,0,0,0,0,0,0,0,0,0,0,0,7,0,3
27,SF,5,Old20,Old,0,0,0,0,0,0,0,0,0,0,0,0,0,0,0,0,0,2,0,3
28,4,2,Old20,Old,0,0,0,0,0,0,0,0,0,0,0,0,0,0,0,0,0,0,0,1
28,4,3,Old20,Old,0,0,1,1,0,0,0,0,0,0,0,0,0,0,0,0,0,0,0,1
28,4,4,Old20,Old,0,0,1,0,0,0,0,0,0,0,0,0,1,0,0,3,0,0,0,1
28,4,5,Old20,Old,0,0,0,0,0,0,0,0,0,0,0,0,0,0,0,2,0,0,0,1
29,1,1,Old20,Old,0,0,4,0,0,0,0,0,3,0,0,0,0,3,0,4,0,0,0,6
29,1,2,Old20,Old,0,0,1,0,0,0,0,0,1,0,0,0,0,0,0,2,0,0,0,6
29,1,3,Old20,Old,0,0,5,2,0,0,0,0,2,0,0,0,2,0,0,4,0,0,0,6
29,1,4,Old20,Old,0,0,4,0,0,0,0,0,1,0,0,0,1,0,0,4,1,0,0,6
29,1,5,Old20,Old,0,0,4,0,0,0,0,0,1,0,0,0,0,2,0,0,1,0,0,6
29,2,1,Old20,Old,0,0,2,1,0,0,0,0,0,0,0,0,1,0,0,3,0,0,0,6
29,2,2,Old20,Old,0,1,3,0,0,0,0,0,1,0,0,0,1,1,0,3,0,0,0,6
29,2,3,Old20,Old,0,0,0,1,0,0,0,0,0,0,0,0,0,1,0,1,0,0,0,6
29,2,4,Old20,Old,0,0,1,1,0,0,0,0,0,0,0,0,1,0,0,10,1,0,0,6
29,2,5,Old20,Old,0,1,1,0,0,0,0,0,2,0,0,1,0,1,0,1,0,0,0,6
29,3,1,Old20,Old,0,0,2,0,0,0,0,0,2,0,0,0,0,2,0,7,0,0,0,6
29,3,2,Old20,Old,0,0,1,2,0,0,0,0,3,0,0,0,0,1,0,14,0,0,0,6
29,3,3,Old20,Old,0,0,1,2,0,0,0,0,0,0,0,0,0,2,0,8,0,0,0,6
29,3,4,Old20,Old,0,0,0,1,0,0,0,0,1,0,0,0,0,0,0,7,0,0,0,6
29,3,5,Old20,Old,0,0,1,2,0,0,1,0,1,0,0,0,0,0,0,3,0,0,0,6
29,4,1,Old20,Old,0,0,0,0,0,0,0,0,0,0,0,0,0,0,0,0,0,0,0,1
29,5,1,Old20,Old,0,0,14,0,0,0,0,0,0,0,0,0,1,1,1,4,9,0,0,6
29,5,2,Old20,Old,0,1,6,0,0,0,0,0,2,0,0,0,1,2,1,3,10,0,0,6
29,5,3,Old20,Old,0,0,4,0,0,0,0,0,4,0,0,0,3,0,1,8,4,0,0,6
29,5,4,Old20,Old,0,0,2,0,0,0,0,0,1,0,0,0,0,0,1,4,7,0,2,6
29,5,5,Old20,Old,0,0,4,0,0,0,0,0,1,0,0,0,0,0,1,6,6,0,0,6
29,6,1,Old20,Old,0,0,1,0,0,0,0,0,2,0,0,0,0,2,1,19,0,0,0,6
29,6,2,Old20,Old,0,0,1,0,0,0,0,0,1,0,0,0,1,0,0,16,0,0,0,6
29,6,3,Old20,Old,0,0,1,1,0,0,0,0,0,0,0,0,0,0,0,18,0,0,0,6
29,6,4,Old20,Old,0,0,0,1,0,0,0,0,0,0,0,0,0,1,0,8,1,0,0,6
29,6,5,Old20,Old,0,0,0,4,0,0,0,0,1,0,0,2,0,4,1,12,0,0,0,6
29,7,1,Old20,Old,0,1,3,0,0,0,0,0,2,0,0,1,0,3,0,4,6,0,2,6
29,7,2,Old20,Old,0,1,1,0,0,0,0,0,1,0,0,1,0,1,0,3,5,0,1,6
29,7,3,Old20,Old,0,1,3,0,0,0,0,0,2,0,0,1,0,1,0,6,5,0,1,6
29,7,4,Old20,Old,0,0,5,0,0,0,0,0,1,0,0,0,0,4,0,7,2,0,0,6
29,7,5,Old20,Old,0,1,1,0,0,0,0,0,1,0,0,0,1,2,1,2,3,0,0,6
29,CF,1,Old20,Old,0,0,0,0,0,0,1,0,0,0,0,0,0,0,0,3,0,1,4,3
29,CF,2,Old20,Old,0,0,0,0,0,0,0,0,0,0,0,0,0,0,0,0,0,0,6,3
29,CF,3,Old20,Old,0,0,0,0,0,0,0,0,0,0,0,0,0,0,0,1,0,0,1,3
29,CF,4,Old20,Old,0,0,0,0,0,0,0,0,0,0,0,0,0,0,0,2,0,0,2,3
29,CF,5,Old20,Old,0,0,0,0,0,0,0,0,1,0,0,0,0,0,0,2,0,0,1,3
29,DF,1,Old20,Old,0,0,0,0,0,0,0,0,1,0,0,0,0,0,0,0,0,0,4,3
29,DF,2,Old20,Old,0,0,0,0,0,0,0,0,0,0,0,0,0,0,0,0,0,0,3,3
29,DF,3,Old20,Old,0,0,0,0,0,0,0,0,0,0,0,0,0,0,0,3,0,0,4,3
29,DF,4,Old20,Old,0,0,0,0,0,0,0,0,0,0,0,0,0,0,0,4,0,0,0,3
29,DF,5,Old20,Old,0,0,0,0,0,0,0,0,0,0,0,0,0,0,0,5,0,0,0,3
29,SF,1,Old20,Old,0,0,0,0,0,0,0,0,0,0,0,0,0,0,0,0,2,0,1,3
29,SF,2,Old20,Old,0,0,0,0,0,0,0,0,0,0,0,0,0,0,0,1,0,2,1,3
29,SF,3,Old20,Old,0,0,1,0,0,0,0,0,0,0,0,0,0,0,0,1,0,0,1,3
29,SF,4,Old20,Old,0,0,0,0,0,0,0,0,0,0,0,0,0,0,0,6,1,2,2,3
29,SF,5,Old20,Old,0,0,0,1,0,0,0,0,0,0,0,0,0,0,0,0,0,1,0,3
31,1,1,Old20,Old,0,0,0,6,0,0,0,0,0,0,0,0,0,1,0,0,0,0,0,6
31,1,2,Old20,Old,0,0,0,6,0,0,0,0,0,0,0,0,0,0,0,1,1,0,1,6
31,1,3,Old20,Old,0,0,0,17,0,0,0,0,0,0,0,0,0,1,0,1,1,0,0,6
31,1,4,Old20,Old,0,0,0,10,0,0,0,0,0,0,0,0,0,1,0,0,0,0,0,6
31,1,5,Old20,Old,0,0,0,2,0,0,0,0,1,0,0,0,0,0,0,1,0,0,2,6
31,2,1,Old20,Old,0,0,0,15,0,0,0,0,0,0,0,0,0,1,0,1,0,0,0,6
31,2,2,Old20,Old,0,0,0,10,0,0,0,0,0,0,0,0,0,0,0,1,0,0,0,6
31,2,3,Old20,Old,0,0,0,11,0,0,0,0,0,0,0,0,0,1,0,0,0,0,0,6
31,2,4,Old20,Old,0,0,0,17,0,0,0,0,0,0,0,0,0,0,0,0,0,0,0,6
31,2,5,Old20,Old,0,0,0,10,0,0,0,0,0,0,0,0,0,0,0,1,0,0,1,6
31,3,1,Old20,Old,0,0,0,4,0,0,0,0,0,0,0,0,0,1,0,0,0,0,0,6
31,3,2,Old20,Old,0,0,0,6,0,0,0,0,0,0,0,0,0,0,0,1,0,0,0,6
31,3,3,Old20,Old,0,0,0,5,0,0,0,0,0,0,0,0,0,0,0,1,0,0,0,6
31,3,4,Old20,Old,0,0,0,3,0,0,0,0,0,0,0,0,0,1,0,2,0,0,0,6
31,3,5,Old20,Old,0,0,0,6,0,0,0,0,0,0,0,0,0,0,0,0,0,0,0,6
31,4,1,Old20,Old,0,0,0,2,0,0,0,0,0,0,0,0,0,1,0,12,1,0,1,6
31,4,2,Old20,Old,0,0,0,1,0,0,0,0,1,0,0,0,0,1,0,5,2,0,0,6
31,4,3,Old20,Old,0,0,0,1,0,0,0,0,1,0,0,0,1,1,0,9,2,0,0,6
31,4,4,Old20,Old,0,0,0,0,0,0,0,0,0,0,0,0,0,0,0,5,1,0,0,6
31,4,5,Old20,Old,0,0,0,1,0,0,0,0,0,0,1,0,1,0,0,8,1,0,2,6
31,5,1,Old20,Old,0,0,2,0,0,0,0,0,0,0,0,0,3,0,0,2,11,0,6,6
31,5,2,Old20,Old,0,0,1,0,0,0,0,0,0,0,0,0,0,2,1,8,5,0,13,6
31,5,3,Old20,Old,0,0,3,0,0,0,1,0,0,0,0,0,1,0,1,4,10,0,3,6
31,5,4,Old20,Old,0,0,5,0,0,0,1,0,2,0,0,2,1,0,0,2,8,0,1,6
31,5,5,Old20,Old,0,0,5,0,0,0,0,0,0,0,0,1,1,3,0,6,4,0,3,6
31,6,1,Old20,Old,0,0,0,0,0,0,0,0,0,0,0,0,0,0,0,4,1,0,0,6
31,6,2,Old20,Old,0,0,2,0,0,0,0,0,0,0,0,0,0,0,0,14,0,0,0,6
31,6,3,Old20,Old,0,0,0,0,0,0,1,0,0,0,0,0,0,0,0,6,1,0,2,6
31,6,4,Old20,Old,0,0,1,0,0,0,0,0,0,0,0,0,0,0,0,8,0,0,0,6
31,6,5,Old20,Old,0,0,0,0,0,0,0,0,0,0,0,0,0,0,0,5,0,0,0,6
31,7,1,Old20,Old,0,0,0,1,0,0,0,0,0,0,0,1,0,1,0,7,8,3,4,6
31,7,2,Old20,Old,0,0,0,0,0,0,1,0,2,0,0,0,0,2,0,4,6,1,0,6
31,7,3,Old20,Old,0,0,3,0,0,0,0,0,1,0,0,0,1,0,0,4,5,0,0,6
31,7,4,Old20,Old,0,0,2,1,0,0,0,0,1,0,0,0,0,1,0,3,3,0,2,6
31,7,5,Old20,Old,0,0,2,1,0,0,0,0,0,0,0,0,1,3,0,1,3,0,1,6
31,CF,1,Old20,Old,0,0,0,0,0,0,0,0,0,0,0,0,0,0,0,0,0,0,5,3
31,CF,2,Old20,Old,0,0,0,0,0,0,0,0,0,0,0,0,0,0,0,0,0,0,31,3
31,CF,3,Old20,Old,0,0,0,0,0,0,0,0,0,0,0,0,0,0,0,1,0,1,3,3
31,CF,4,Old20,Old,0,0,0,0,0,0,1,0,0,0,0,0,0,0,0,1,0,0,0,3
31,CF,5,Old20,Old,0,0,0,0,0,0,0,0,0,0,0,0,0,0,0,0,0,2,5,3
31,DF,1,Old20,Old,0,0,0,0,0,0,0,0,1,0,0,0,0,0,0,1,0,0,1,3
31,DF,2,Old20,Old,0,0,0,0,0,0,0,0,0,0,0,0,0,0,0,7,0,0,0,3
31,DF,3,Old20,Old,0,0,0,0,0,0,0,0,0,0,0,0,0,0,0,0,0,1,3,3
31,DF,4,Old20,Old,0,0,0,0,0,0,0,0,1,0,0,0,0,0,0,0,1,0,5,3
31,DF,5,Old20,Old,0,0,0,0,0,0,0,0,0,0,0,0,0,0,0,0,0,0,4,3
31,SF,1,Old20,Old,0,0,0,0,0,0,0,0,0,0,0,0,0,0,0,0,0,1,3,3
31,SF,2,Old20,Old,0,0,0,0,0,0,1,0,0,0,0,0,0,0,0,0,0,4,3,3
31,SF,3,Old20,Old,0,0,2,0,0,0,0,0,0,0,0,0,0,0,0,0,0,3,1,3
31,SF,4,Old20,Old,0,0,0,0,0,0,0,0,0,0,0,0,0,0,0,0,1,2,2,3
31,SF,5,Old20,Old,0,0,0,0,0,0,0,0,0,0,0,0,0,0,0,0,1,2,0,3
33,1,1,Old20,Old,0,0,0,15,0,0,0,0,0,0,0,0,0,2,0,0,0,0,0,6
33,1,2,Old20,Old,0,0,0,18,0,0,0,0,0,0,0,0,0,2,0,0,3,0,0,6
33,1,3,Old20,Old,0,0,0,18,0,0,0,0,0,0,0,0,0,2,0,0,3,0,1,6
33,1,4,Old20,Old,0,0,0,12,0,0,0,0,0,0,0,0,0,1,0,0,0,0,0,6
33,1,5,Old20,Old,0,0,0,13,0,0,0,0,0,0,0,0,0,1,0,0,3,0,0,6
33,2,1,Old20,Old,0,0,0,11,0,0,0,0,0,0,0,0,0,0,0,0,0,0,0,6
33,2,2,Old20,Old,0,0,0,14,0,0,0,0,0,0,0,0,0,1,0,0,0,0,0,6
33,2,3,Old20,Old,0,0,0,15,0,0,0,0,0,0,0,0,0,1,0,1,0,0,0,6
33,2,4,Old20,Old,0,0,0,33,0,0,1,0,0,0,0,0,0,0,0,0,0,0,0,6
33,2,5,Old20,Old,0,0,0,20,0,0,0,0,0,0,0,0,0,0,0,0,0,0,0,6
33,3,1,Old20,Old,0,0,0,48,0,0,0,0,0,0,0,0,0,0,0,0,0,0,1,6
33,3,2,Old20,Old,0,0,0,22,0,0,0,0,0,0,0,0,0,1,0,0,0,0,0,6
33,3,3,Old20,Old,0,0,0,26,0,0,0,0,0,0,0,0,0,1,0,0,1,0,0,6
33,3,4,Old20,Old,0,0,0,29,0,0,0,0,0,0,0,0,0,3,0,0,1,0,0,6
33,3,5,Old20,Old,0,0,0,39,0,0,0,0,0,0,0,0,0,1,0,0,1,0,0,6
33,4,1,Old20,Old,0,0,0,14,0,0,0,0,0,0,0,0,0,0,0,1,1,0,0,6
33,4,2,Old20,Old,0,0,0,8,0,0,0,0,0,0,0,0,0,1,0,0,1,0,0,6
33,4,3,Old20,Old,0,0,0,20,0,0,0,0,0,0,0,0,0,1,0,0,0,0,0,6
33,4,4,Old20,Old,0,0,0,11,0,0,0,0,0,0,0,0,0,2,0,0,5,0,0,6
33,4,5,Old20,Old,0,0,0,10,0,0,0,0,0,0,0,0,0,4,1,1,2,0,0,6
33,5,1,Old20,Old,0,0,4,0,0,0,0,0,2,0,0,0,1,3,7,3,12,0,0,6
33,5,2,Old20,Old,0,0,3,1,0,0,3,0,1,0,0,1,0,10,6,1,14,0,5,6
33,5,3,Old20,Old,0,0,5,0,0,0,0,0,1,0,0,0,0,5,4,1,8,0,5,6
33,5,4,Old20,Old,0,0,2,1,0,0,2,0,2,0,0,0,4,3,0,8,12,0,0,6
33,5,5,Old20,Old,0,0,1,0,0,0,0,0,2,0,0,1,1,0,2,1,2,0,0,6
33,6,1,Old20,Old,0,0,1,1,0,0,2,0,0,0,0,0,0,1,1,2,0,0,0,6
33,6,2,Old20,Old,0,0,1,0,0,0,1,0,0,0,0,1,0,1,2,1,2,0,0,6
33,6,3,Old20,Old,0,0,0,1,0,0,1,0,0,0,0,0,0,0,1,0,1,0,1,6
33,6,4,Old20,Old,0,0,0,1,0,0,0,0,0,0,0,0,0,3,0,3,0,0,1,6
33,6,5,Old20,Old,0,0,0,0,0,0,0,0,0,0,0,0,0,0,2,3,0,0,0,6
33,7,1,Old20,Old,0,0,1,1,0,0,0,0,2,0,0,0,0,4,4,1,1,0,0,6
33,7,2,Old20,Old,0,0,1,2,0,0,0,0,0,0,0,0,0,3,1,4,3,0,0,6
33,7,3,Old20,Old,0,0,0,1,0,0,0,0,1,0,0,1,0,0,5,3,6,0,0,6
33,7,4,Old20,Old,0,0,4,0,0,0,0,0,5,0,0,1,2,4,6,1,7,0,0,6
33,7,5,Old20,Old,0,0,2,2,0,0,1,0,4,0,0,1,1,5,6,4,5,1,2,6
33,CF,1,Old20,Old,0,0,0,0,0,0,0,0,0,0,0,0,0,0,0,0,0,4,6,3
33,CF,2,Old20,Old,0,0,0,0,0,0,0,0,0,0,0,0,0,0,0,0,0,2,29,3
33,CF,3,Old20,Old,0,0,0,0,0,0,0,0,0,0,0,0,0,0,0,0,0,14,4,3
33,CF,4,Old20,Old,0,0,0,0,0,0,0,0,0,0,0,0,0,0,0,0,0,1,2,3
33,CF,5,Old20,Old,0,0,0,0,0,0,0,0,1,0,0,0,0,0,0,0,0,5,3,3
33,DF,1,Old20,Old,0,0,0,0,0,0,0,0,1,0,0,0,0,0,0,1,0,6,1,3
33,DF,2,Old20,Old,0,0,0,0,0,0,0,0,0,0,0,0,0,0,0,0,0,7,3,3
33,DF,3,Old20,Old,0,0,0,0,0,0,0,0,1,0,0,0,0,0,0,0,1,9,3,3
33,DF,4,Old20,Old,0,0,0,0,0,0,1,0,1,0,0,0,0,0,0,1,0,6,3,3
33,DF,5,Old20,Old,0,0,0,0,0,0,0,0,0,0,0,0,0,0,0,0,0,8,2,3
33,SF,1,Old20,Old,0,0,0,0,0,0,0,0,0,0,0,0,0,2,0,0,0,2,1,3
33,SF,2,Old20,Old,0,0,0,0,0,0,0,0,3,0,0,0,0,2,0,0,0,5,1,3
33,SF,3,Old20,Old,0,0,0,0,0,0,0,0,0,0,0,0,0,0,0,0,0,8,2,3
33,SF,4,Old20,Old,0,0,0,0,0,0,0,0,1,0,0,0,0,0,0,0,0,4,0,3
33,SF,5,Old20,Old,0,0,1,0,0,0,0,0,1,0,0,0,0,0,0,1,1,0,0,3
34,6,1,Old20,Old,0,0,0,0,0,0,0,0,0,0,0,0,0,0,0,0,0,1,0,6
34,6,2,Old20,Old,0,0,0,0,0,0,0,0,0,0,0,0,0,0,0,0,0,0,0,6
34,6,3,Old20,Old,0,0,0,0,0,0,0,0,0,0,0,0,0,0,4,0,0,0,0,6
34,6,4,Old20,Old,0,0,0,0,0,0,1,0,0,0,0,0,0,1,0,1,0,0,0,6
34,6,5,Old20,Old,0,0,0,0,0,0,0,0,0,0,0,0,0,0,0,0,0,0,0,6
35,1,1,Old20,Old,0,0,0,8,0,0,0,0,0,0,0,1,0,0,1,0,0,0,0,6
35,1,2,Old20,Old,0,0,0,8,0,0,1,0,0,0,0,0,0,1,0,0,1,0,0,6
35,1,3,Old20,Old,0,0,0,6,0,0,0,0,0,0,0,0,0,0,2,0,0,0,0,6
35,1,4,Old20,Old,0,0,0,7,0,0,0,0,0,0,0,0,0,1,0,0,0,0,0,6
35,1,5,Old20,Old,0,0,0,6,0,0,1,0,0,0,0,0,1,1,1,0,0,0,0,6
35,2,1,Old20,Old,0,0,0,11,0,0,0,0,0,0,0,0,0,0,0,0,0,0,0,6
35,2,2,Old20,Old,0,0,0,8,0,0,0,0,0,0,0,0,0,0,0,0,0,0,0,6
35,2,3,Old20,Old,0,0,0,11,0,0,0,0,0,0,0,0,0,0,0,0,0,0,0,6
35,2,4,Old20,Old,0,0,0,6,0,0,0,0,0,0,0,0,0,0,0,0,0,0,0,6
35,2,5,Old20,Old,0,0,0,6,0,0,0,0,0,0,0,0,0,1,0,0,0,0,0,6
35,3,1,Old20,Old,0,0,0,8,0,0,1,0,0,0,0,0,0,0,0,0,0,0,0,6
35,3,2,Old20,Old,0,0,0,13,0,0,0,0,0,0,0,0,0,0,0,0,0,0,0,6
35,3,3,Old20,Old,0,0,0,9,0,0,1,0,0,0,0,0,0,0,0,0,0,0,0,6
35,3,4,Old20,Old,0,0,0,13,0,0,0,0,0,0,0,0,0,1,0,0,0,0,0,6
35,3,5,Old20,Old,0,0,0,15,0,0,0,0,0,0,0,0,0,0,2,0,0,0,0,6
35,4,1,Old20,Old,0,0,0,7,0,0,0,0,0,0,0,0,0,2,4,0,0,0,0,6
35,4,2,Old20,Old,0,0,0,6,0,0,1,0,0,0,0,0,0,0,2,0,0,1,0,6
35,4,3,Old20,Old,0,0,0,7,0,0,0,0,0,0,0,0,0,0,2,0,0,0,0,6
35,4,4,Old20,Old,0,0,0,10,0,0,0,0,0,0,0,0,0,2,2,0,0,0,0,6
35,4,5,Old20,Old,0,0,0,7,0,0,0,0,0,0,0,0,0,2,5,0,0,0,0,6
35,5,1,Old20,Old,0,0,1,0,0,0,0,0,2,0,0,0,3,1,36,1,2,0,0,6
35,5,2,Old20,Old,0,0,2,0,0,0,2,0,3,0,0,0,2,5,29,0,3,0,0,6
35,5,3,Old20,Old,0,0,0,0,0,0,1,0,4,0,0,0,2,2,32,2,1,0,0,6
35,5,4,Old20,Old,0,0,0,0,0,0,0,0,4,0,0,0,1,1,34,0,1,0,0,6
35,5,5,Old20,Old,0,0,2,1,0,0,0,0,1,0,0,0,1,2,33,0,0,0,0,6
35,7,1,Old20,Old,0,0,0,0,0,0,5,0,2,0,0,0,0,3,13,1,1,4,0,6
35,7,2,Old20,Old,0,0,2,2,0,0,0,0,2,0,0,1,0,2,9,1,0,0,0,6
35,7,3,Old20,Old,0,0,6,2,0,0,2,0,3,0,0,3,0,3,9,3,0,2,0,6
35,7,4,Old20,Old,0,0,2,1,0,0,4,0,1,0,0,1,0,3,11,1,0,2,0,6
35,7,5,Old20,Old,0,0,2,1,0,0,2,0,1,0,0,1,0,7,18,1,0,5,0,6
35,CF,1,Old20,Old,0,0,0,0,0,0,0,0,0,0,0,0,0,0,0,0,0,7,1,3
35,CF,2,Old20,Old,0,0,0,0,0,0,0,0,1,0,0,0,0,0,0,0,0,7,12,3
35,CF,3,Old20,Old,0,0,0,0,0,0,0,0,0,0,0,0,0,0,0,0,0,8,0,3
35,CF,4,Old20,Old,0,0,0,0,0,0,0,0,0,0,0,0,0,0,0,0,0,5,1,3
35,CF,5,Old20,Old,0,0,0,0,0,0,0,0,0,0,0,0,0,0,0,0,0,8,2,3
35,DF,1,Old20,Old,0,0,0,0,0,0,0,0,1,0,0,0,0,0,0,0,0,15,1,3
35,DF,2,Old20,Old,0,0,0,0,0,0,0,0,4,0,0,0,0,0,0,0,0,4,0,3
35,DF,3,Old20,Old,0,0,0,0,0,0,0,0,1,0,0,0,0,0,0,0,0,2,0,3
35,DF,4,Old20,Old,0,0,0,0,0,0,0,0,0,0,0,0,0,0,0,0,0,6,1,3
35,DF,5,Old20,Old,0,0,0,0,0,0,0,0,0,0,0,0,0,0,0,0,0,7,0,3
35,SF,1,Old20,Old,0,0,0,0,0,0,0,0,1,0,0,0,0,0,0,0,0,5,0,3
35,SF,2,Old20,Old,0,0,0,0,0,0,0,0,0,0,0,0,0,2,0,0,0,3,1,3
35,SF,3,Old20,Old,0,0,1,0,0,0,4,0,0,0,0,0,0,6,0,0,0,4,0,3
35,SF,4,Old20,Old,0,0,0,0,0,0,0,0,1,0,0,0,0,0,1,0,0,7,3,3
35,SF,5,Old20,Old,0,0,1,0,0,0,0,0,3,0,0,0,0,0,2,0,0,2,0,3
36,1,1,Old20,Old,0,0,0,0,0,0,0,0,0,0,0,0,0,0,0,0,0,0,0,6
36,1,2,Old20,Old,0,0,0,2,0,0,0,0,0,0,0,0,0,0,0,0,0,0,0,6
36,1,3,Old20,Old,0,0,0,1,0,0,0,0,0,0,0,0,0,0,0,0,0,0,0,6
36,1,4,Old20,Old,0,0,0,0,0,0,0,0,0,0,0,0,0,0,0,0,0,0,0,6
36,1,5,Old20,Old,0,0,0,0,0,0,0,0,0,0,0,0,0,0,0,0,0,0,0,6
36,2,1,Old20,Old,0,0,0,1,0,0,0,0,0,0,0,0,0,1,0,0,0,0,0,6
36,2,2,Old20,Old,0,0,0,2,0,0,0,0,0,0,0,0,0,0,0,0,0,0,0,6
36,2,3,Old20,Old,0,0,0,3,0,0,0,0,0,0,0,0,0,0,0,0,0,0,0,6
36,2,4,Old20,Old,0,0,0,2,0,0,0,0,0,0,0,0,0,0,0,0,0,0,0,6
36,2,5,Old20,Old,0,0,0,1,0,0,0,0,0,0,0,0,0,0,0,0,0,0,0,6
36,3,1,Old20,Old,0,0,0,0,0,0,0,0,0,0,0,0,0,0,0,0,0,0,0,6
36,3,2,Old20,Old,0,0,0,2,0,0,0,0,0,0,0,0,0,0,0,0,0,0,0,6
36,3,3,Old20,Old,0,0,0,1,0,0,0,0,0,0,0,0,0,0,0,0,0,0,0,6
36,3,4,Old20,Old,0,0,0,0,0,0,0,0,0,0,0,0,0,0,0,0,0,0,0,6
36,3,5,Old20,Old,0,0,0,0,0,0,0,0,0,0,0,0,0,0,0,0,0,0,0,6
36,4,1,Old20,Old,0,0,0,0,0,0,0,0,0,0,0,0,0,0,0,0,1,0,0,6
36,4,2,Old20,Old,0,0,0,0,0,0,0,0,0,0,0,0,0,0,0,0,0,0,0,6
36,4,3,Old20,Old,0,0,0,0,0,0,0,0,0,0,0,0,0,0,0,0,0,0,0,6
36,4,4,Old20,Old,0,0,0,0,0,0,0,0,0,0,0,0,0,0,0,0,0,1,0,6
36,4,5,Old20,Old,0,0,0,1,0,0,0,0,0,0,0,0,0,0,0,0,0,0,0,6
36,5,1,Old20,Old,0,0,1,0,0,0,0,0,1,0,0,0,0,0,0,0,0,0,0,6
36,5,2,Old20,Old,0,0,0,1,0,0,2,0,0,0,0,0,0,1,2,0,0,0,0,6
36,5,3,Old20,Old,0,0,1,0,0,0,0,0,5,0,0,1,0,0,3,0,2,0,0,6
36,5,4,Old20,Old,0,0,1,0,0,0,0,0,4,0,0,0,0,0,3,0,0,0,0,6
36,5,5,Old20,Old,0,0,0,0,0,0,0,0,1,0,0,0,0,0,2,0,0,0,0,6
36,7,1,Old20,Old,0,0,0,1,0,0,2,0,0,0,0,0,0,1,2,0,0,1,0,6
36,7,2,Old20,Old,0,0,0,0,0,0,0,0,0,0,0,0,0,0,4,0,1,0,0,6
36,7,3,Old20,Old,0,0,0,0,0,0,1,0,0,0,0,0,0,0,0,0,0,0,0,6
36,7,4,Old20,Old,0,0,0,0,0,0,0,0,2,0,0,0,0,1,4,0,1,0,0,6
36,7,5,Old20,Old,0,0,0,0,0,0,0,0,0,0,0,0,0,1,2,0,1,0,0,6
36,CF,1,Old20,Old,0,0,0,0,0,0,0,0,0,0,0,0,0,0,0,0,0,2,1,3
36,CF,2,Old20,Old,0,0,0,0,0,0,0,0,0,0,0,0,0,0,0,0,0,2,1,3
36,CF,3,Old20,Old,0,0,0,0,0,0,0,0,0,0,0,0,0,0,0,0,0,4,0,3
36,CF,4,Old20,Old,0,0,0,0,0,0,0,0,0,0,0,0,0,0,0,0,0,3,2,3
36,CF,5,Old20,Old,0,0,0,0,0,0,0,0,0,0,0,0,0,0,0,0,0,10,0,3
36,DF,1,Old20,Old,0,0,0,0,0,0,0,0,0,0,0,0,0,0,0,0,0,6,0,3
36,DF,2,Old20,Old,0,0,0,0,0,0,0,0,0,0,0,0,0,0,0,0,0,1,0,3
36,DF,3,Old20,Old,0,0,0,0,0,0,0,0,1,0,0,0,0,0,0,0,0,3,0,3
36,DF,4,Old20,Old,0,0,0,0,0,0,0,0,0,0,0,0,0,0,0,0,1,1,0,3
36,DF,5,Old20,Old,0,0,0,0,0,0,0,0,0,0,0,0,0,0,0,0,1,4,0,3
36,SF,1,Old20,Old,0,0,0,0,0,0,2,0,0,0,0,0,0,0,0,0,0,3,1,3
36,SF,2,Old20,Old,0,0,0,0,0,0,0,0,1,0,0,0,0,0,0,0,0,1,1,3
36,SF,3,Old20,Old,0,0,0,0,0,0,0,0,0,0,0,0,0,2,0,0,0,5,0,3
36,SF,4,Old20,Old,0,0,0,0,0,0,0,0,0,0,0,0,0,0,0,0,0,3,0,3
36,SF,5,Old20,Old,0,0,0,0,0,0,0,0,0,0,0,0,0,0,0,0,0,1,0,3
23,1,1,Old21,Old,0,0,5,0,0,0,1,0,0,0,0,0,0,0,1,0,0,0,0,6
23,1,3,Old21,Old,0,0,3,0,0,0,0,0,0,0,0,0,0,0,0,0,0,0,0,6
23,1,5,Old21,Old,0,0,2,0,0,0,0,0,0,0,0,0,1,0,0,1,0,1,0,6
23,2,1,Old21,Old,0,0,5,0,0,0,0,0,0,0,0,0,0,0,0,0,0,0,0,6
23,2,3,Old21,Old,0,0,4,0,0,0,0,0,1,0,0,0,0,0,4,1,0,0,0,6
23,2,5,Old21,Old,0,0,2,0,0,0,0,0,0,0,0,0,0,0,0,0,0,0,0,6
23,3,1,Old21,Old,0,0,0,0,0,0,0,0,0,0,0,0,0,0,0,0,0,0,0,6
23,3,3,Old21,Old,0,0,2,0,0,0,0,0,0,0,0,0,0,0,1,0,0,0,0,6
23,3,5,Old21,Old,0,0,0,0,0,0,0,0,0,0,0,0,1,0,0,0,0,0,0,6
23,4,1,Old21,Old,0,0,1,0,0,0,0,0,0,0,0,0,0,0,0,0,0,0,0,6
23,4,3,Old21,Old,0,0,1,1,0,0,0,0,2,0,0,0,0,0,0,0,0,0,0,6
23,4,5,Old21,Old,0,0,2,0,0,0,0,0,2,0,0,0,0,0,0,0,0,0,0,6
23,5,1,Old21,Old,0,0,2,0,0,0,0,0,5,0,0,0,0,0,0,1,0,0,0,6
23,5,3,Old21,Old,0,0,2,0,0,0,0,0,0,0,0,0,0,0,3,1,2,0,0,6
23,5,5,Old21,Old,0,0,0,1,0,0,0,0,2,0,0,0,0,0,2,0,0,0,0,6
23,6,1,Old21,Old,0,0,1,1,0,0,0,0,0,0,0,0,0,1,2,0,0,0,0,6
23,6,3,Old21,Old,0,0,1,0,0,0,0,0,1,0,0,0,0,0,3,1,0,0,0,6
23,6,5,Old21,Old,0,0,1,0,0,0,1,0,3,0,0,0,0,0,1,0,0,0,0,6
23,7,1,Old21,Old,0,0,0,0,0,0,0,0,0,0,0,0,1,0,1,0,0,0,0,6
23,7,3,Old21,Old,0,0,6,1,0,0,0,0,0,0,0,0,0,0,2,1,0,0,0,6
23,7,5,Old21,Old,0,0,0,0,0,0,0,0,3,0,0,1,0,0,1,0,0,0,0,6
23,CF,1,Old21,Old,0,0,0,0,0,0,0,0,1,0,0,0,0,0,0,4,0,3,0,3
23,CF,3,Old21,Old,0,0,0,0,0,0,1,0,1,0,0,0,0,0,0,3,0,0,0,3
23,CF,5,Old21,Old,0,0,0,0,0,0,1,0,1,0,0,0,0,0,0,4,0,2,0,3
23,DF,1,Old21,Old,0,0,0,0,0,0,0,0,1,0,0,0,0,0,0,0,0,0,1,3
23,DF,3,Old21,Old,0,0,0,0,0,0,0,0,0,0,0,0,0,0,0,3,0,0,2,3
23,DF,5,Old21,Old,0,0,0,0,0,0,1,0,0,0,0,0,0,0,0,4,0,1,0,3
23,SF,1,Old21,Old,0,0,0,1,0,0,1,0,2,0,0,0,0,0,0,2,0,23,0,3
23,SF,3,Old21,Old,0,0,0,0,0,0,0,0,0,0,0,0,0,0,0,1,0,1,0,3
23,SF,5,Old21,Old,0,0,0,0,0,0,0,0,0,0,0,0,0,0,0,3,0,2,0,3
25,1,1,Old21,Old,0,0,11,0,0,0,0,0,0,0,0,0,1,0,0,2,1,0,0,6
25,1,3,Old21,Old,0,0,5,0,0,0,0,0,3,0,0,0,1,0,0,0,3,0,0,6
25,1,5,Old21,Old,0,1,9,0,0,0,0,0,1,0,0,0,0,0,0,0,0,0,0,6
25,2,1,Old21,Old,0,0,3,0,0,0,0,0,0,0,0,0,1,0,0,0,0,0,0,6
25,2,3,Old21,Old,0,0,6,0,0,0,0,0,1,0,0,0,0,0,0,0,0,0,0,6
25,2,5,Old21,Old,0,0,6,0,0,0,0,0,0,0,0,0,0,0,0,0,1,0,0,6
25,3,1,Old21,Old,0,0,3,0,0,0,0,0,3,0,0,0,1,0,0,0,0,0,0,6
25,3,3,Old21,Old,0,0,7,0,0,0,0,0,3,0,0,0,1,0,0,0,0,0,0,6
25,3,5,Old21,Old,0,0,8,0,0,0,0,0,0,0,0,0,1,0,1,0,0,0,0,6
25,4,1,Old21,Old,0,0,7,0,0,0,0,0,1,0,0,1,2,0,0,0,1,0,0,6
25,4,3,Old21,Old,0,0,4,0,0,0,0,0,0,0,0,0,1,0,1,0,0,0,0,6
25,4,5,Old21,Old,0,0,6,0,0,0,0,0,0,0,0,1,4,0,0,0,1,0,0,6
25,5,1,Old21,Old,0,1,3,0,0,0,0,0,2,0,0,0,2,0,2,1,10,0,0,6
25,5,3,Old21,Old,0,0,7,0,0,0,0,0,2,0,0,0,0,0,1,0,27,0,0,6
25,5,5,Old21,Old,0,0,6,0,0,0,0,0,2,0,0,0,2,1,2,0,22,0,0,6
25,6,1,Old21,Old,0,0,10,1,0,0,0,0,0,0,0,0,2,1,2,1,9,1,0,6
25,6,3,Old21,Old,0,0,17,4,0,0,0,0,1,0,0,0,4,1,1,1,5,0,0,6
25,6,5,Old21,Old,0,0,5,0,0,0,0,0,1,0,0,0,1,0,1,0,7,0,0,6
25,7,1,Old21,Old,0,0,8,0,0,0,0,0,0,0,0,0,0,0,1,1,6,0,0,6
25,7,3,Old21,Old,0,1,10,0,0,0,0,0,2,0,0,0,1,2,0,1,3,0,0,6
25,7,5,Old21,Old,0,0,15,0,0,0,0,0,1,0,0,1,1,1,1,0,5,0,0,6
25,CF,1,Old21,Old,0,0,0,0,0,0,1,0,1,0,0,0,0,0,0,1,0,0,1,3
25,CF,3,Old21,Old,0,0,0,0,0,0,0,0,0,0,0,0,0,0,0,1,0,0,0,3
25,CF,5,Old21,Old,0,0,0,0,0,0,1,0,0,0,0,0,0,0,0,2,0,0,0,3
25,DF,1,Old21,Old,0,0,0,0,0,0,0,0,1,0,0,0,0,0,0,0,0,1,0,3
25,DF,3,Old21,Old,0,0,0,0,0,0,0,0,1,0,0,0,1,0,0,1,0,0,0,3
25,DF,5,Old21,Old,0,0,0,0,0,0,0,0,0,0,0,0,0,0,0,2,0,0,0,3
25,SF,1,Old21,Old,0,0,0,0,0,0,0,0,0,0,0,0,0,0,0,0,0,2,1,3
25,SF,3,Old21,Old,0,0,1,0,0,0,0,0,0,0,0,0,0,0,0,2,0,2,0,3
25,SF,5,Old21,Old,0,0,1,0,0,0,0,0,0,0,0,0,0,0,0,0,0,0,0,3
27,1,1,Old21,Old,0,0,5,0,0,0,0,0,3,0,0,0,4,0,0,2,3,0,0,5
27,1,3,Old21,Old,0,0,6,0,0,0,0,0,1,0,0,0,1,0,0,2,0,0,0,5
27,1,5,Old21,Old,0,0,2,0,0,0,0,0,4,0,0,0,2,0,0,1,0,0,0,5
27,2,1,Old21,Old,0,0,6,0,0,0,0,0,3,0,0,0,4,0,0,5,1,0,0,6
27,2,3,Old21,Old,0,0,4,0,0,0,0,0,2,0,0,1,2,1,0,7,1,0,0,6
27,2,5,Old21,Old,0,0,11,0,0,0,0,0,3,0,0,0,1,0,0,2,2,0,0,6
27,3,1,Old21,Old,0,0,4,0,0,0,0,0,5,0,0,0,4,0,0,1,1,0,0,6
27,3,3,Old21,Old,0,0,1,0,0,0,0,0,2,0,0,1,2,0,0,5,1,0,0,6
27,3,5,Old21,Old,0,0,1,0,0,0,0,0,6,0,0,0,0,0,0,0,1,0,0,6
27,4,1,Old21,Old,0,0,2,0,0,0,0,0,0,0,0,0,4,0,0,2,1,0,0,6
27,4,3,Old21,Old,0,0,0,1,0,0,0,0,2,0,0,0,2,0,0,1,1,0,0,6
27,4,5,Old21,Old,0,0,1,0,0,0,0,0,1,0,0,0,6,1,0,2,1,0,0,6
27,5,1,Old21,Old,0,0,4,0,0,0,0,0,11,0,0,1,1,0,0,0,16,0,0,6
27,5,3,Old21,Old,0,0,1,0,0,0,0,0,5,1,0,0,0,0,0,1,12,0,0,6
27,5,5,Old21,Old,0,0,2,0,0,0,0,0,9,0,0,0,0,1,0,1,16,0,0,6
27,6,1,Old21,Old,0,0,8,0,0,0,0,0,2,0,0,5,4,1,0,7,7,0,0,6
27,6,3,Old21,Old,0,0,5,0,0,0,0,0,7,0,0,0,4,2,0,10,3,0,0,6
27,6,5,Old21,Old,0,0,6,0,0,0,0,0,0,0,0,3,2,0,1,12,5,0,0,6
27,7,1,Old21,Old,0,0,0,0,0,0,0,0,6,0,0,1,2,0,0,1,2,0,0,6
27,7,3,Old21,Old,0,0,4,0,0,0,0,0,8,0,0,0,1,0,0,1,2,0,0,6
27,7,5,Old21,Old,0,0,2,0,0,0,0,0,5,0,0,0,0,0,0,0,11,0,0,6
27,CF,1,Old21,Old,0,0,0,0,0,0,1,0,1,0,0,0,0,0,0,0,0,0,0,3
27,CF,3,Old21,Old,0,0,0,0,0,0,0,0,0,0,0,0,0,0,0,2,1,0,1,3
27,CF,5,Old21,Old,0,0,0,0,0,0,0,0,0,0,0,0,0,0,0,2,2,0,0,3
27,DF,1,Old21,Old,0,0,0,0,0,0,0,0,0,0,0,0,0,0,0,1,0,1,0,3
27,DF,3,Old21,Old,0,0,0,0,0,0,0,0,3,0,0,0,0,0,0,7,0,2,0,3
27,DF,5,Old21,Old,0,0,0,0,0,0,1,0,0,0,0,0,0,0,0,5,0,1,0,3
27,SF,1,Old21,Old,0,0,0,0,0,0,0,0,0,0,0,0,0,0,0,3,0,2,0,3
27,SF,3,Old21,Old,0,0,0,0,0,0,0,0,0,0,0,0,0,0,0,4,0,3,0,3
27,SF,5,Old21,Old,0,0,1,0,0,0,1,0,0,0,0,0,0,0,0,6,0,0,0,3
29,1,1,Old21,Old,0,0,1,0,0,0,0,0,15,1,0,0,0,0,0,6,3,0,0,6
29,1,3,Old21,Old,0,0,2,0,0,0,0,0,15,0,0,0,2,0,0,15,3,0,0,6
29,1,5,Old21,Old,0,0,3,0,0,0,0,0,20,0,0,0,3,1,0,12,2,0,0,6
29,2,1,Old21,Old,0,0,4,0,0,0,0,0,4,1,0,0,2,0,0,13,3,0,0,6
29,2,3,Old21,Old,0,0,1,0,0,0,0,0,5,0,0,0,2,0,0,10,4,0,0,6
29,2,5,Old21,Old,0,0,0,0,0,0,0,0,2,0,0,0,0,1,0,16,3,0,0,6
29,3,1,Old21,Old,0,0,3,0,0,0,0,0,2,0,0,0,1,0,0,14,3,0,0,6
29,3,3,Old21,Old,0,0,0,0,0,0,0,0,5,0,0,0,4,0,0,14,0,0,0,6
29,3,5,Old21,Old,0,0,1,0,0,0,0,0,3,0,0,0,1,1,0,10,3,0,0,6
29,4,1,Old21,Old,0,0,2,0,0,0,0,0,3,0,0,0,6,0,0,3,2,0,0,5
29,4,3,Old21,Old,0,0,3,0,0,0,0,0,3,0,0,0,2,0,0,4,1,0,0,5
29,4,5,Old21,Old,0,0,2,0,0,0,0,0,1,0,0,0,3,0,0,8,8,0,0,5
29,5,1,Old21,Old,0,0,1,0,0,0,0,0,10,1,0,1,1,0,0,5,8,0,0,6
29,5,3,Old21,Old,0,0,3,0,0,0,1,0,8,0,0,0,1,1,1,10,6,0,0,6
29,5,5,Old21,Old,0,0,1,0,0,0,0,0,6,0,0,1,2,0,0,4,4,0,0,6
29,6,1,Old21,Old,0,0,0,0,0,0,0,0,2,0,0,0,0,1,0,11,4,0,1,6
29,6,3,Old21,Old,0,0,1,0,0,0,0,0,4,0,0,0,1,3,0,12,3,0,0,6
29,6,5,Old21,Old,0,0,2,0,0,0,0,0,0,0,0,1,0,4,0,14,3,0,0,6
29,7,1,Old21,Old,0,0,0,1,0,0,0,0,9,0,0,1,0,0,0,4,4,0,0,6
29,7,3,Old21,Old,0,0,0,0,0,0,0,0,14,0,0,0,0,0,0,6,7,0,0,6
29,7,5,Old21,Old,0,0,3,0,0,0,0,0,14,0,0,0,0,0,0,6,9,2,0,6
29,CF,1,Old21,Old,0,0,0,0,0,0,0,0,0,0,0,0,0,0,0,1,0,0,0,3
29,CF,3,Old21,Old,0,0,0,0,0,0,0,0,0,0,0,0,0,0,0,0,0,0,0,3
29,CF,5,Old21,Old,0,0,0,0,0,0,0,0,0,0,0,0,0,0,0,1,1,0,0,3
29,DF,1,Old21,Old,0,0,0,0,0,0,0,0,0,0,0,0,0,0,0,1,0,0,0,3
29,DF,3,Old21,Old,0,0,0,0,0,0,0,0,0,0,0,0,0,1,0,5,0,0,1,3
29,DF,5,Old21,Old,0,0,0,0,0,0,0,0,0,0,0,0,0,0,0,1,0,0,1,3
29,SF,1,Old21,Old,0,0,0,0,0,0,0,0,0,0,0,0,0,0,0,0,0,2,0,3
29,SF,3,Old21,Old,0,0,0,0,0,0,0,0,1,0,0,0,0,0,0,1,0,2,0,3
29,SF,5,Old21,Old,0,0,0,0,0,0,0,0,0,0,0,0,0,0,0,1,1,1,0,3
31,1,1,Old21,Old,0,0,2,1,0,0,0,0,32,1,0,0,1,1,0,16,0,0,0,6
31,1,3,Old21,Old,0,1,2,1,0,0,0,0,34,0,0,0,1,3,0,20,0,0,0,6
31,1,5,Old21,Old,0,1,1,0,0,0,0,0,35,0,0,2,1,2,1,18,0,0,0,6
31,2,1,Old21,Old,0,0,2,0,0,0,0,0,20,0,0,0,1,1,0,20,3,0,0,6
31,2,3,Old21,Old,0,0,2,0,0,0,0,0,10,0,0,0,0,1,1,21,2,0,0,6
31,2,5,Old21,Old,0,0,2,0,1,0,0,0,14,0,0,0,1,0,1,26,2,0,1,6
31,3,1,Old21,Old,0,0,3,0,0,0,0,0,9,0,0,0,2,0,0,20,3,0,0,6
31,3,3,Old21,Old,0,0,1,0,0,0,0,0,10,1,0,0,1,0,0,26,2,0,0,6
31,3,5,Old21,Old,0,0,4,0,0,0,0,0,5,1,0,0,1,0,0,19,9,0,0,6
31,4,1,Old21,Old,0,0,2,0,0,0,0,0,6,0,0,0,1,0,0,17,3,0,0,6
31,4,3,Old21,Old,0,0,1,0,0,0,0,0,3,0,0,1,0,0,1,12,2,0,0,6
31,4,5,Old21,Old,0,0,0,0,0,0,0,0,4,0,0,0,1,0,0,19,10,0,0,6
31,5,1,Old21,Old,0,0,0,0,0,0,0,0,5,0,0,0,0,0,0,10,0,0,0,6
31,5,3,Old21,Old,0,0,1,1,0,0,0,0,8,0,0,0,0,0,0,12,2,0,0,6
31,5,5,Old21,Old,0,0,0,1,0,0,0,0,6,0,0,0,0,0,0,9,1,0,0,6
31,6,1,Old21,Old,0,0,0,0,0,0,0,0,2,0,0,0,0,1,1,16,1,0,0,6
31,6,3,Old21,Old,0,0,0,1,0,0,1,0,1,0,0,0,0,3,1,9,1,0,0,6
31,6,5,Old21,Old,0,0,0,0,0,0,0,0,0,0,0,0,0,2,0,10,0,0,0,6
31,7,1,Old21,Old,0,0,0,0,0,0,1,0,9,0,0,0,2,0,1,11,0,0,0,6
31,7,3,Old21,Old,0,0,0,0,0,0,0,0,14,0,0,0,0,1,0,12,2,0,0,6
31,7,5,Old21,Old,0,2,1,0,0,0,0,0,9,0,0,1,1,1,1,14,3,1,0,6
31,CF,1,Old21,Old,0,0,0,0,0,0,1,0,0,0,0,0,0,0,0,1,0,5,0,3
31,CF,3,Old21,Old,0,0,0,0,0,0,0,0,0,0,0,0,0,0,0,0,0,10,0,3
31,CF,5,Old21,Old,0,0,0,0,0,0,0,0,0,0,0,0,0,0,0,2,0,8,0,3
31,DF,1,Old21,Old,0,0,0,0,0,0,0,0,0,0,0,0,0,0,0,0,0,0,0,3
31,DF,3,Old21,Old,0,0,0,0,3,0,0,0,1,0,0,0,0,0,0,2,0,8,0,3
31,DF,5,Old21,Old,0,0,0,0,0,0,0,0,0,0,0,0,0,0,0,1,0,5,0,3
31,SF,1,Old21,Old,0,0,0,0,0,0,0,0,0,0,0,0,0,0,0,0,0,4,0,3
31,SF,3,Old21,Old,0,0,1,0,0,0,0,0,1,0,0,0,0,0,0,2,0,2,0,3
31,SF,5,Old21,Old,0,0,0,0,0,0,0,0,1,0,0,0,0,0,0,1,0,1,0,3
33,1,1,Old21,Old,0,0,0,1,0,0,2,0,27,0,0,0,1,3,8,8,7,0,0,6
33,1,3,Old21,Old,0,0,1,0,0,0,1,0,36,0,0,0,1,6,8,11,2,0,0,6
33,1,5,Old21,Old,0,1,0,0,0,0,1,0,31,0,0,0,0,5,2,8,2,0,0,6
33,2,1,Old21,Old,0,0,1,0,0,0,0,0,47,0,0,0,0,4,11,6,5,0,0,6
33,2,3,Old21,Old,0,0,1,0,0,0,0,0,28,0,0,0,0,3,13,6,2,0,0,6
33,2,5,Old21,Old,0,0,0,0,0,0,0,0,42,0,0,0,0,1,8,7,3,0,0,6
33,3,1,Old21,Old,0,0,0,0,0,0,0,0,39,0,0,0,0,0,13,20,8,0,0,6
33,3,3,Old21,Old,0,0,0,0,0,0,0,0,36,0,0,0,0,1,17,14,1,0,0,6
33,3,5,Old21,Old,0,0,0,0,0,0,0,0,20,0,0,1,1,0,22,11,9,0,0,6
33,4,1,Old21,Old,0,0,3,1,0,0,0,0,10,0,0,0,0,0,14,11,6,0,0,6
33,4,3,Old21,Old,0,0,0,0,0,0,0,0,4,0,0,0,0,0,20,2,12,0,0,6
33,4,5,Old21,Old,0,0,0,0,0,0,0,0,18,0,0,2,0,0,16,11,18,0,0,6
33,5,1,Old21,Old,0,0,1,0,0,0,0,0,10,0,0,1,0,2,6,5,2,0,0,6
33,5,3,Old21,Old,0,0,0,0,0,0,0,0,15,0,0,0,0,0,5,5,1,0,0,6
33,5,5,Old21,Old,0,0,0,0,0,0,1,0,7,0,0,0,0,0,5,8,3,0,0,6
33,6,1,Old21,Old,0,0,0,0,0,0,0,0,3,0,0,0,0,0,4,5,13,0,0,6
33,6,3,Old21,Old,0,0,0,0,0,0,1,0,2,1,0,0,0,1,8,4,3,0,0,6
33,6,5,Old21,Old,0,0,0,0,0,0,0,0,1,0,0,0,0,1,10,0,7,0,0,6
33,7,1,Old21,Old,0,0,0,0,0,0,2,0,15,0,0,0,0,0,7,11,5,2,0,6
33,7,3,Old21,Old,0,0,0,1,0,0,1,0,11,0,0,0,1,4,17,8,2,3,1,6
33,7,5,Old21,Old,0,0,1,0,0,0,1,0,7,1,0,0,0,1,12,12,3,1,0,6
33,CF,1,Old21,Old,0,0,0,0,0,0,0,0,0,0,0,0,0,0,0,0,1,14,0,3
33,CF,3,Old21,Old,0,0,0,0,0,0,0,0,1,0,0,0,0,0,0,0,0,14,0,3
33,CF,5,Old21,Old,0,0,0,0,1,0,1,0,1,0,0,0,0,0,0,0,0,13,0,3
33,DF,1,Old21,Old,0,0,0,0,0,0,0,0,1,0,0,0,0,1,0,0,0,16,0,3
33,DF,3,Old21,Old,0,0,0,0,1,0,0,0,1,0,0,0,0,0,0,1,1,21,0,3
33,DF,5,Old21,Old,0,0,0,0,0,0,0,0,0,0,0,0,0,0,0,0,0,14,0,3
33,SF,1,Old21,Old,0,0,0,0,0,0,0,0,0,0,0,0,0,0,0,0,1,18,0,3
33,SF,3,Old21,Old,0,0,0,0,0,0,0,0,5,0,0,0,0,0,0,0,0,8,0,3
33,SF,5,Old21,Old,0,0,0,0,0,0,0,0,1,0,0,0,0,1,0,0,0,1,0,3
